solid OpenSCAD_Model
  facet normal -1 0 0
    outer loop
      vertex 0 0 0
      vertex 0 5 50
      vertex 0 5 0
    endloop
  endfacet
  facet normal -1 -0 0
    outer loop
      vertex 0 5 50
      vertex 0 0 0
      vertex 0 0 50
    endloop
  endfacet
  facet normal -0 0 1
    outer loop
      vertex 0 5 50
      vertex 5 0 50
      vertex 5 5 50
    endloop
  endfacet
  facet normal 0 0 1
    outer loop
      vertex 5 0 50
      vertex 0 5 50
      vertex 0 0 50
    endloop
  endfacet
  facet normal 1 -0 0
    outer loop
      vertex 5 0 50
      vertex 5 5 0
      vertex 5 5 50
    endloop
  endfacet
  facet normal 1 0 0
    outer loop
      vertex 5 5 0
      vertex 5 0 50
      vertex 5 0 0
    endloop
  endfacet
  facet normal 0 1 -0
    outer loop
      vertex 5 5 0
      vertex 0 5 50
      vertex 5 5 50
    endloop
  endfacet
  facet normal 0 1 0
    outer loop
      vertex 0 5 50
      vertex 5 5 0
      vertex 0 5 0
    endloop
  endfacet
  facet normal 0 0 -1
    outer loop
      vertex 0 0 0
      vertex 5 5 0
      vertex 5 0 0
    endloop
  endfacet
  facet normal -0 0 -1
    outer loop
      vertex 5 5 0
      vertex 0 0 0
      vertex 0 5 0
    endloop
  endfacet
  facet normal 0 -1 0
    outer loop
      vertex 1.93263 0 24.7452
      vertex 2.6068 0 24.4928
      vertex 3.5593 0 24.7452
    endloop
  endfacet
  facet normal 0 -1 0
    outer loop
      vertex 1.93263 0 24.7452
      vertex 2.39374 0 24.4888
      vertex 2.6068 0 24.4928
    endloop
  endfacet
  facet normal 0 -1 0
    outer loop
      vertex 1.93263 0 24.7452
      vertex 2.19886 0 24.4769
      vertex 2.39374 0 24.4888
    endloop
  endfacet
  facet normal 0 -1 0
    outer loop
      vertex 1.93263 0 24.7452
      vertex 2.02217 0 24.457
      vertex 2.19886 0 24.4769
    endloop
  endfacet
  facet normal -0 -1 0
    outer loop
      vertex 2.02217 0 24.457
      vertex 1.93263 0 24.7452
      vertex 1.86367 0 24.4291
    endloop
  endfacet
  facet normal 0 -1 0
    outer loop
      vertex 0 0 50
      vertex 1.51384 0 24.8534
      vertex 5 0 50
    endloop
  endfacet
  facet normal 0 -1 0
    outer loop
      vertex 1.28914 0 24.0798
      vertex 1.51384 0 24.8534
      vertex 0 0 50
    endloop
  endfacet
  facet normal 0 -1 0
    outer loop
      vertex 1.7539 0 24.0947
      vertex 1.84326 0 24.3174
      vertex 1.39382 0 24.3174
    endloop
  endfacet
  facet normal 0 -1 0
    outer loop
      vertex 1.85524 0 24.03
      vertex 1.84326 0 24.3174
      vertex 1.7539 0 24.0947
    endloop
  endfacet
  facet normal 0 -1 0
    outer loop
      vertex 2.50211 0 23.9469
      vertex 1.84326 0 24.3174
      vertex 2.22935 0 23.9561
    endloop
  endfacet
  facet normal 0 -1 0
    outer loop
      vertex 1.84326 0 24.3174
      vertex 2.50211 0 23.9469
      vertex 3.17267 0 24.2996
    endloop
  endfacet
  facet normal -0 -1 0
    outer loop
      vertex 2.96702 0 23.9817
      vertex 3.17267 0 24.2996
      vertex 2.83215 0 23.9623
    endloop
  endfacet
  facet normal -0 -1 0
    outer loop
      vertex 2.83215 0 23.9623
      vertex 3.17267 0 24.2996
      vertex 2.67719 0 23.9507
    endloop
  endfacet
  facet normal 0 -1 -0
    outer loop
      vertex 1.39382 0 24.3174
      vertex 1.28914 0 24.0798
      vertex 1.7539 0 24.0947
    endloop
  endfacet
  facet normal 0 -1 0
    outer loop
      vertex 1.51384 0 24.8534
      vertex 1.28914 0 24.0798
      vertex 1.39382 0 24.3174
    endloop
  endfacet
  facet normal 0 -1 0
    outer loop
      vertex 2.25247 0 23.8467
      vertex 2.268 0 23.0886
      vertex 2.49187 0 23.8429
    endloop
  endfacet
  facet normal 0 -1 0
    outer loop
      vertex 2.03733 0 23.8581
      vertex 2.268 0 23.0886
      vertex 2.25247 0 23.8467
    endloop
  endfacet
  facet normal 0 -1 0
    outer loop
      vertex 1.84645 0 23.8771
      vertex 2.268 0 23.0886
      vertex 2.03733 0 23.8581
    endloop
  endfacet
  facet normal 0 -1 0
    outer loop
      vertex 1.67983 0 23.9037
      vertex 2.268 0 23.0886
      vertex 1.84645 0 23.8771
    endloop
  endfacet
  facet normal 0 -1 0
    outer loop
      vertex 1.53954 0 23.9376
      vertex 2.268 0 23.0886
      vertex 1.67983 0 23.9037
    endloop
  endfacet
  facet normal 0 -1 0
    outer loop
      vertex 1.58663 0 22.078
      vertex 1.53954 0 23.9376
      vertex 1.42767 0 23.9782
    endloop
  endfacet
  facet normal 0 -1 0
    outer loop
      vertex 1.45423 0 22.006
      vertex 1.42767 0 23.9782
      vertex 1.34419 0 24.0256
    endloop
  endfacet
  facet normal 0 -1 0
    outer loop
      vertex 1.35967 0 21.9179
      vertex 1.34419 0 24.0256
      vertex 1.28914 0 24.0798
    endloop
  endfacet
  facet normal -0 -1 0
    outer loop
      vertex 2.268 0 22.9338
      vertex 1.53954 0 23.9376
      vertex 1.58663 0 22.078
    endloop
  endfacet
  facet normal 0 -1 0
    outer loop
      vertex 2.268 0 22.9338
      vertex 2.54297 0 22.206
      vertex 2.76594 0 22.9338
    endloop
  endfacet
  facet normal 0 -1 0
    outer loop
      vertex 1.53954 0 23.9376
      vertex 2.268 0 22.9338
      vertex 2.268 0 23.0886
    endloop
  endfacet
  facet normal 0 -1 -0
    outer loop
      vertex 2.268 0 22.9338
      vertex 2.23805 0 22.198
      vertex 2.54297 0 22.206
    endloop
  endfacet
  facet normal 0 -1 0
    outer loop
      vertex 2.268 0 22.9338
      vertex 1.97702 0 22.174
      vertex 2.23805 0 22.198
    endloop
  endfacet
  facet normal 0 -1 0
    outer loop
      vertex 2.268 0 22.9338
      vertex 1.75988 0 22.134
      vertex 1.97702 0 22.174
    endloop
  endfacet
  facet normal 0 -1 0
    outer loop
      vertex 2.268 0 22.9338
      vertex 1.58663 0 22.078
      vertex 1.75988 0 22.134
    endloop
  endfacet
  facet normal 0 -1 0
    outer loop
      vertex 1.42767 0 23.9782
      vertex 1.45423 0 22.006
      vertex 1.58663 0 22.078
    endloop
  endfacet
  facet normal 0 -1 0
    outer loop
      vertex 1.34419 0 24.0256
      vertex 1.35967 0 21.9179
      vertex 1.45423 0 22.006
    endloop
  endfacet
  facet normal 0 -1 0
    outer loop
      vertex 1.28401 0 21.6934
      vertex 1.28914 0 24.0798
      vertex 0 0 50
    endloop
  endfacet
  facet normal 0 -1 0
    outer loop
      vertex 1.28914 0 24.0798
      vertex 1.30293 0 21.8137
      vertex 1.35967 0 21.9179
    endloop
  endfacet
  facet normal 0 -1 -0
    outer loop
      vertex 1.28914 0 24.0798
      vertex 1.28401 0 21.6934
      vertex 1.30293 0 21.8137
    endloop
  endfacet
  facet normal 0 -1 0
    outer loop
      vertex 2.23805 0 20.8707
      vertex 2.52764 0 21.1807
      vertex 2.23669 0 21.1889
    endloop
  endfacet
  facet normal 0 -1 0
    outer loop
      vertex 2.23805 0 20.8707
      vertex 2.23669 0 21.1889
      vertex 1.98435 0 21.2134
    endloop
  endfacet
  facet normal 0 -1 0
    outer loop
      vertex 1.97702 0 20.8467
      vertex 1.98435 0 21.2134
      vertex 1.77063 0 21.2543
    endloop
  endfacet
  facet normal 0 -1 0
    outer loop
      vertex 1.75988 0 20.8067
      vertex 1.77063 0 21.2543
      vertex 1.59555 0 21.3115
    endloop
  endfacet
  facet normal 0 -1 -0
    outer loop
      vertex 2.52764 0 21.1807
      vertex 2.23805 0 20.8707
      vertex 2.54297 0 20.8787
    endloop
  endfacet
  facet normal 0 -1 0
    outer loop
      vertex 1.58663 0 20.7507
      vertex 1.59555 0 21.3115
      vertex 1.45925 0 21.3844
    endloop
  endfacet
  facet normal 0 -1 -0
    outer loop
      vertex 1.98435 0 21.2134
      vertex 1.97702 0 20.8467
      vertex 2.23805 0 20.8707
    endloop
  endfacet
  facet normal 0 -1 0
    outer loop
      vertex 1.45423 0 20.6787
      vertex 1.45925 0 21.3844
      vertex 1.3619 0 21.4724
    endloop
  endfacet
  facet normal 0 -1 -0
    outer loop
      vertex 1.77063 0 21.2543
      vertex 1.75988 0 20.8067
      vertex 1.97702 0 20.8467
    endloop
  endfacet
  facet normal 0 -1 -0
    outer loop
      vertex 1.59555 0 21.3115
      vertex 1.58663 0 20.7507
      vertex 1.75988 0 20.8067
    endloop
  endfacet
  facet normal 0 -1 0
    outer loop
      vertex 1.35967 0 20.5906
      vertex 1.3619 0 21.4724
      vertex 1.30348 0 21.5754
    endloop
  endfacet
  facet normal 0 -1 -0
    outer loop
      vertex 1.45925 0 21.3844
      vertex 1.45423 0 20.6787
      vertex 1.58663 0 20.7507
    endloop
  endfacet
  facet normal 0 -1 -0
    outer loop
      vertex 1.3619 0 21.4724
      vertex 1.35967 0 20.5906
      vertex 1.45423 0 20.6787
    endloop
  endfacet
  facet normal 0 -1 0
    outer loop
      vertex 1.30293 0 20.4864
      vertex 1.30348 0 21.5754
      vertex 1.28401 0 21.6934
    endloop
  endfacet
  facet normal 0 -1 -0
    outer loop
      vertex 1.30348 0 21.5754
      vertex 1.30293 0 20.4864
      vertex 1.35967 0 20.5906
    endloop
  endfacet
  facet normal 0 -1 0
    outer loop
      vertex 0 0 0
      vertex 1.28401 0 21.6934
      vertex 0 0 50
    endloop
  endfacet
  facet normal 0 -1 0
    outer loop
      vertex 1.28401 0 21.6934
      vertex 1.28401 0 20.3661
      vertex 1.30293 0 20.4864
    endloop
  endfacet
  facet normal 0 -1 -0
    outer loop
      vertex 2.23669 0 19.8616
      vertex 0 0 0
      vertex 2.52764 0 19.8534
    endloop
  endfacet
  facet normal 0 -1 -0
    outer loop
      vertex 1.98435 0 19.8861
      vertex 0 0 0
      vertex 2.23669 0 19.8616
    endloop
  endfacet
  facet normal 0 -1 -0
    outer loop
      vertex 1.77063 0 19.927
      vertex 0 0 0
      vertex 1.98435 0 19.8861
    endloop
  endfacet
  facet normal 0 -1 -0
    outer loop
      vertex 1.59555 0 19.9842
      vertex 0 0 0
      vertex 1.77063 0 19.927
    endloop
  endfacet
  facet normal 0 -1 -0
    outer loop
      vertex 1.45925 0 20.0571
      vertex 0 0 0
      vertex 1.59555 0 19.9842
    endloop
  endfacet
  facet normal 0 -1 -0
    outer loop
      vertex 1.3619 0 20.1451
      vertex 0 0 0
      vertex 1.45925 0 20.0571
    endloop
  endfacet
  facet normal 0 -1 -0
    outer loop
      vertex 1.30348 0 20.2481
      vertex 0 0 0
      vertex 1.3619 0 20.1451
    endloop
  endfacet
  facet normal 0 -1 -0
    outer loop
      vertex 1.28401 0 20.3661
      vertex 0 0 0
      vertex 1.30348 0 20.2481
    endloop
  endfacet
  facet normal 0 -1 -0
    outer loop
      vertex 1.28401 0 21.6934
      vertex 0 0 0
      vertex 1.28401 0 20.3661
    endloop
  endfacet
  facet normal 0 -1 0
    outer loop
      vertex 3.5593 0 24.8534
      vertex 5 0 50
      vertex 1.51384 0 24.8534
    endloop
  endfacet
  facet normal 0 -1 0
    outer loop
      vertex 3.74901 0 24.2477
      vertex 3.5593 0 24.8534
      vertex 3.5593 0 24.7452
    endloop
  endfacet
  facet normal 0 -1 0
    outer loop
      vertex 2.85889 0 24.4874
      vertex 3.5593 0 24.7452
      vertex 2.6068 0 24.4928
    endloop
  endfacet
  facet normal 0 -1 0
    outer loop
      vertex 3.08401 0 24.4712
      vertex 3.5593 0 24.7452
      vertex 2.85889 0 24.4874
    endloop
  endfacet
  facet normal 0 -1 0
    outer loop
      vertex 3.28216 0 24.4442
      vertex 3.5593 0 24.7452
      vertex 3.08401 0 24.4712
    endloop
  endfacet
  facet normal 0 -1 0
    outer loop
      vertex 3.45334 0 24.4065
      vertex 3.5593 0 24.7452
      vertex 3.28216 0 24.4442
    endloop
  endfacet
  facet normal 0 -1 0
    outer loop
      vertex 3.59132 0 24.3601
      vertex 3.5593 0 24.7452
      vertex 3.45334 0 24.4065
    endloop
  endfacet
  facet normal 0 -1 0
    outer loop
      vertex 3.68987 0 24.3072
      vertex 3.5593 0 24.7452
      vertex 3.59132 0 24.3601
    endloop
  endfacet
  facet normal 0 -1 0
    outer loop
      vertex 3.74901 0 24.2477
      vertex 3.5593 0 24.7452
      vertex 3.68987 0 24.3072
    endloop
  endfacet
  facet normal 0 -1 0
    outer loop
      vertex 3.5593 0 24.8534
      vertex 3.74901 0 24.2477
      vertex 5 0 50
    endloop
  endfacet
  facet normal 0 -1 0
    outer loop
      vertex 3.76872 0 24.1816
      vertex 5 0 50
      vertex 3.74901 0 24.2477
    endloop
  endfacet
  facet normal 0 -1 0
    outer loop
      vertex 2.76594 0 23.0886
      vertex 2.49187 0 23.8429
      vertex 2.268 0 23.0886
    endloop
  endfacet
  facet normal 0 -1 0
    outer loop
      vertex 2.49187 0 23.8429
      vertex 2.76594 0 23.0886
      vertex 2.77556 0 23.8486
    endloop
  endfacet
  facet normal 0 -1 -0
    outer loop
      vertex 2.77556 0 23.8486
      vertex 2.76594 0 23.0886
      vertex 3.02654 0 23.8656
    endloop
  endfacet
  facet normal 0 -1 -0
    outer loop
      vertex 3.02654 0 23.8656
      vertex 2.76594 0 23.0886
      vertex 3.24479 0 23.8938
    endloop
  endfacet
  facet normal 0 -1 -0
    outer loop
      vertex 3.24479 0 23.8938
      vertex 2.76594 0 23.0886
      vertex 3.43033 0 23.9334
    endloop
  endfacet
  facet normal 0 -1 0
    outer loop
      vertex 3.48139 0 22.0766
      vertex 3.43033 0 23.9334
      vertex 2.76594 0 23.0886
    endloop
  endfacet
  facet normal 0 -1 0
    outer loop
      vertex 3.43033 0 23.9334
      vertex 3.48139 0 22.0766
      vertex 3.57838 0 23.9829
    endloop
  endfacet
  facet normal 0 -1 0
    outer loop
      vertex 3.48139 0 22.0766
      vertex 2.76594 0 23.0886
      vertex 2.76594 0 22.9338
    endloop
  endfacet
  facet normal 0 -1 0
    outer loop
      vertex 3.61379 0 22.0042
      vertex 3.57838 0 23.9829
      vertex 3.48139 0 22.0766
    endloop
  endfacet
  facet normal 0 -1 0
    outer loop
      vertex 2.84006 0 22.1979
      vertex 2.76594 0 22.9338
      vertex 2.54297 0 22.206
    endloop
  endfacet
  facet normal 0 -1 0
    outer loop
      vertex 3.0955 0 22.1737
      vertex 2.76594 0 22.9338
      vertex 2.84006 0 22.1979
    endloop
  endfacet
  facet normal 0 -1 0
    outer loop
      vertex 3.30928 0 22.1332
      vertex 2.76594 0 22.9338
      vertex 3.0955 0 22.1737
    endloop
  endfacet
  facet normal 0 -1 0
    outer loop
      vertex 3.48139 0 22.0766
      vertex 2.76594 0 22.9338
      vertex 3.30928 0 22.1332
    endloop
  endfacet
  facet normal 0 -1 0
    outer loop
      vertex 3.57838 0 23.9829
      vertex 3.61379 0 22.0042
      vertex 3.68412 0 24.0408
    endloop
  endfacet
  facet normal 0 -1 0
    outer loop
      vertex 3.70836 0 21.9161
      vertex 3.68412 0 24.0408
      vertex 3.61379 0 22.0042
    endloop
  endfacet
  facet normal 0 -1 0
    outer loop
      vertex 3.68412 0 24.0408
      vertex 3.70836 0 21.9161
      vertex 3.74757 0 24.107
    endloop
  endfacet
  facet normal 0 -1 0
    outer loop
      vertex 3.76509 0 21.8125
      vertex 3.74757 0 24.107
      vertex 3.70836 0 21.9161
    endloop
  endfacet
  facet normal 0 -1 0
    outer loop
      vertex 3.74757 0 24.107
      vertex 3.76509 0 21.8125
      vertex 3.76872 0 24.1816
    endloop
  endfacet
  facet normal 0 -1 0
    outer loop
      vertex 3.78401 0 21.6934
      vertex 3.76872 0 24.1816
      vertex 3.76509 0 21.8125
    endloop
  endfacet
  facet normal 0 -1 0
    outer loop
      vertex 3.76872 0 24.1816
      vertex 3.78401 0 21.6934
      vertex 5 0 50
    endloop
  endfacet
  facet normal 0 -1 0
    outer loop
      vertex 2.54297 0 20.8787
      vertex 2.81899 0 21.1889
      vertex 2.52764 0 21.1807
    endloop
  endfacet
  facet normal 0 -1 0
    outer loop
      vertex 2.84006 0 20.8706
      vertex 2.81899 0 21.1889
      vertex 2.54297 0 20.8787
    endloop
  endfacet
  facet normal 0 -1 0
    outer loop
      vertex 2.81899 0 21.1889
      vertex 2.84006 0 20.8706
      vertex 3.07251 0 21.2136
    endloop
  endfacet
  facet normal 0 -1 0
    outer loop
      vertex 3.0955 0 20.8464
      vertex 3.07251 0 21.2136
      vertex 2.84006 0 20.8706
    endloop
  endfacet
  facet normal 0 -1 0
    outer loop
      vertex 3.07251 0 21.2136
      vertex 3.0955 0 20.8464
      vertex 3.2882 0 21.2547
    endloop
  endfacet
  facet normal 0 -1 0
    outer loop
      vertex 3.30928 0 20.8059
      vertex 3.2882 0 21.2547
      vertex 3.0955 0 20.8464
    endloop
  endfacet
  facet normal 0 -1 0
    outer loop
      vertex 3.2882 0 21.2547
      vertex 3.30928 0 20.8059
      vertex 3.46607 0 21.3122
    endloop
  endfacet
  facet normal 0 -1 0
    outer loop
      vertex 3.48139 0 20.7493
      vertex 3.46607 0 21.3122
      vertex 3.30928 0 20.8059
    endloop
  endfacet
  facet normal 0 -1 0
    outer loop
      vertex 3.46607 0 21.3122
      vertex 3.48139 0 20.7493
      vertex 3.60517 0 21.3854
    endloop
  endfacet
  facet normal 0 -1 0
    outer loop
      vertex 3.61379 0 20.6768
      vertex 3.60517 0 21.3854
      vertex 3.48139 0 20.7493
    endloop
  endfacet
  facet normal 0 -1 0
    outer loop
      vertex 3.60517 0 21.3854
      vertex 3.61379 0 20.6768
      vertex 3.70452 0 21.4733
    endloop
  endfacet
  facet normal 0 -1 0
    outer loop
      vertex 3.70836 0 20.5888
      vertex 3.70452 0 21.4733
      vertex 3.61379 0 20.6768
    endloop
  endfacet
  facet normal 0 -1 0
    outer loop
      vertex 3.70452 0 21.4733
      vertex 3.70836 0 20.5888
      vertex 3.76414 0 21.5759
    endloop
  endfacet
  facet normal 0 -1 0
    outer loop
      vertex 3.76509 0 20.4852
      vertex 3.76414 0 21.5759
      vertex 3.70836 0 20.5888
    endloop
  endfacet
  facet normal 0 -1 0
    outer loop
      vertex 3.76414 0 21.5759
      vertex 3.76509 0 20.4852
      vertex 3.78401 0 21.6934
    endloop
  endfacet
  facet normal 0 -1 0
    outer loop
      vertex 3.78401 0 20.3661
      vertex 3.78401 0 21.6934
      vertex 3.76509 0 20.4852
    endloop
  endfacet
  facet normal 0 -1 0
    outer loop
      vertex 5 0 0
      vertex 3.78401 0 21.6934
      vertex 3.78401 0 20.3661
    endloop
  endfacet
  facet normal 0 -1 0
    outer loop
      vertex 5 0 0
      vertex 2.52764 0 19.8534
      vertex 0 0 0
    endloop
  endfacet
  facet normal 0 -1 0
    outer loop
      vertex 2.52764 0 19.8534
      vertex 5 0 0
      vertex 2.81899 0 19.8616
    endloop
  endfacet
  facet normal 0 -1 0
    outer loop
      vertex 2.81899 0 19.8616
      vertex 5 0 0
      vertex 3.07251 0 19.8863
    endloop
  endfacet
  facet normal 0 -1 0
    outer loop
      vertex 3.07251 0 19.8863
      vertex 5 0 0
      vertex 3.2882 0 19.9274
    endloop
  endfacet
  facet normal 0 -1 0
    outer loop
      vertex 3.2882 0 19.9274
      vertex 5 0 0
      vertex 3.46607 0 19.9849
    endloop
  endfacet
  facet normal 0 -1 0
    outer loop
      vertex 3.46607 0 19.9849
      vertex 5 0 0
      vertex 3.60517 0 20.0581
    endloop
  endfacet
  facet normal 0 -1 0
    outer loop
      vertex 3.60517 0 20.0581
      vertex 5 0 0
      vertex 3.70452 0 20.146
    endloop
  endfacet
  facet normal 0 -1 0
    outer loop
      vertex 3.78401 0 21.6934
      vertex 5 0 0
      vertex 5 0 50
    endloop
  endfacet
  facet normal 0 -1 0
    outer loop
      vertex 3.76414 0 20.2486
      vertex 5 0 0
      vertex 3.78401 0 20.3661
    endloop
  endfacet
  facet normal 0 -1 0
    outer loop
      vertex 3.70452 0 20.146
      vertex 5 0 0
      vertex 3.76414 0 20.2486
    endloop
  endfacet
  facet normal 0 -1 0
    outer loop
      vertex 3.17267 0 24.2996
      vertex 2.51232 0 24.3888
      vertex 2.42072 0 24.3878
    endloop
  endfacet
  facet normal 0 -1 0
    outer loop
      vertex 3.17267 0 24.2996
      vertex 2.42072 0 24.3878
      vertex 2.33229 0 24.3848
    endloop
  endfacet
  facet normal 0 -1 0
    outer loop
      vertex 3.17267 0 24.2996
      vertex 2.33229 0 24.3848
      vertex 2.24706 0 24.3797
    endloop
  endfacet
  facet normal 0 -1 0
    outer loop
      vertex 2.51232 0 24.3888
      vertex 3.17267 0 24.2996
      vertex 2.6819 0 24.3852
    endloop
  endfacet
  facet normal 0 -1 0
    outer loop
      vertex 3.17267 0 24.2996
      vertex 2.24706 0 24.3797
      vertex 2.16501 0 24.3726
    endloop
  endfacet
  facet normal 0 -1 0
    outer loop
      vertex 3.17267 0 24.2996
      vertex 2.16501 0 24.3726
      vertex 2.08457 0 24.363
    endloop
  endfacet
  facet normal 0 -1 0
    outer loop
      vertex 2.6819 0 24.3852
      vertex 3.17267 0 24.2996
      vertex 2.83312 0 24.3743
    endloop
  endfacet
  facet normal 0 -1 0
    outer loop
      vertex 3.17267 0 24.2996
      vertex 2.08457 0 24.363
      vertex 2.00414 0 24.3506
    endloop
  endfacet
  facet normal 0 -1 0
    outer loop
      vertex 3.17267 0 24.2996
      vertex 2.00414 0 24.3506
      vertex 1.9237 0 24.3354
    endloop
  endfacet
  facet normal 0 -1 0
    outer loop
      vertex 2.83312 0 24.3743
      vertex 3.17267 0 24.2996
      vertex 2.96599 0 24.3562
    endloop
  endfacet
  facet normal 0 -1 0
    outer loop
      vertex 3.17267 0 24.2996
      vertex 1.9237 0 24.3354
      vertex 1.84326 0 24.3174
    endloop
  endfacet
  facet normal 0 -1 0
    outer loop
      vertex 2.96599 0 24.3562
      vertex 3.17267 0 24.2996
      vertex 3.08049 0 24.3308
    endloop
  endfacet
  facet normal -0 -1 0
    outer loop
      vertex 3.08177 0 24.0087
      vertex 3.17267 0 24.2996
      vertex 2.96702 0 23.9817
    endloop
  endfacet
  facet normal -0 -1 0
    outer loop
      vertex 3.17339 0 24.0426
      vertex 3.17267 0 24.2996
      vertex 3.08177 0 24.0087
    endloop
  endfacet
  facet normal 0 -1 0
    outer loop
      vertex 1.84326 0 24.3174
      vertex 1.85524 0 24.03
      vertex 2.01373 0 23.9838
    endloop
  endfacet
  facet normal -0 -1 0
    outer loop
      vertex 3.23884 0 24.0822
      vertex 3.17267 0 24.2996
      vertex 3.17339 0 24.0426
    endloop
  endfacet
  facet normal 0 -1 0
    outer loop
      vertex 1.84326 0 24.3174
      vertex 2.01373 0 23.9838
      vertex 2.22935 0 23.9561
    endloop
  endfacet
  facet normal 0 -1 0
    outer loop
      vertex 3.17267 0 24.2996
      vertex 3.23884 0 24.0822
      vertex 3.23851 0 24.2638
    endloop
  endfacet
  facet normal -0 -1 0
    outer loop
      vertex 3.2781 0 24.1276
      vertex 3.23851 0 24.2638
      vertex 3.23884 0 24.0822
    endloop
  endfacet
  facet normal -0 -1 0
    outer loop
      vertex 2.67719 0 23.9507
      vertex 3.17267 0 24.2996
      vertex 2.50211 0 23.9469
    endloop
  endfacet
  facet normal 0 -1 0
    outer loop
      vertex 3.27802 0 24.2236
      vertex 3.2781 0 24.1276
      vertex 3.29119 0 24.1788
    endloop
  endfacet
  facet normal 0 -1 0
    outer loop
      vertex 3.23851 0 24.2638
      vertex 3.2781 0 24.1276
      vertex 3.27802 0 24.2236
    endloop
  endfacet
  facet normal 0 -1 0
    outer loop
      vertex 2.53273 0 19.9573
      vertex 2.54297 0 20.7755
      vertex 2.34594 0 20.7695
    endloop
  endfacet
  facet normal 0 -1 0
    outer loop
      vertex 2.34225 0 19.9635
      vertex 2.34594 0 20.7695
      vertex 2.17875 0 20.7516
    endloop
  endfacet
  facet normal -0 -1 0
    outer loop
      vertex 2.72219 0 19.9636
      vertex 2.54297 0 20.7755
      vertex 2.53273 0 19.9573
    endloop
  endfacet
  facet normal 0 -1 0
    outer loop
      vertex 2.04411 0 20.0126
      vertex 2.17875 0 20.7516
      vertex 2.04141 0 20.7218
    endloop
  endfacet
  facet normal 0 -1 0
    outer loop
      vertex 2.54297 0 20.7755
      vertex 2.72219 0 19.9636
      vertex 2.7352 0 20.7694
    endloop
  endfacet
  facet normal 0 -1 0
    outer loop
      vertex 1.93647 0 20.0556
      vertex 2.04141 0 20.7218
      vertex 1.9339 0 20.68
    endloop
  endfacet
  facet normal -0 -1 0
    outer loop
      vertex 2.88451 0 19.9824
      vertex 2.7352 0 20.7694
      vertex 2.72219 0 19.9636
    endloop
  endfacet
  facet normal 0 -1 0
    outer loop
      vertex 1.76035 0 20.4676
      vertex 1.9339 0 20.68
      vertex 1.85291 0 20.6246
    endloop
  endfacet
  facet normal 0 -1 0
    outer loop
      vertex 2.7352 0 20.7694
      vertex 2.88451 0 19.9824
      vertex 2.89823 0 20.7513
    endloop
  endfacet
  facet normal 0 -1 0
    outer loop
      vertex 1.76035 0 20.4676
      vertex 1.85291 0 20.6246
      vertex 1.79506 0 20.5538
    endloop
  endfacet
  facet normal -0 -1 0
    outer loop
      vertex 3.0197 0 20.0138
      vertex 2.89823 0 20.7513
      vertex 2.88451 0 19.9824
    endloop
  endfacet
  facet normal 0 -1 0
    outer loop
      vertex 1.9339 0 20.68
      vertex 1.76035 0 20.4676
      vertex 1.74878 0 20.3661
    endloop
  endfacet
  facet normal 0 -1 0
    outer loop
      vertex 2.89823 0 20.7513
      vertex 3.0197 0 20.0138
      vertex 3.03206 0 20.721
    endloop
  endfacet
  facet normal 0 -1 -0
    outer loop
      vertex 1.9339 0 20.68
      vertex 1.74878 0 20.3661
      vertex 1.93647 0 20.0556
    endloop
  endfacet
  facet normal -0 -1 0
    outer loop
      vertex 3.12775 0 20.0578
      vertex 3.03206 0 20.721
      vertex 3.0197 0 20.0138
    endloop
  endfacet
  facet normal 0 -1 0
    outer loop
      vertex 3.03206 0 20.721
      vertex 3.12775 0 20.0578
      vertex 3.13668 0 20.6786
    endloop
  endfacet
  facet normal 0 -1 0
    outer loop
      vertex 1.93647 0 20.0556
      vertex 1.74878 0 20.3661
      vertex 1.76051 0 20.2671
    endloop
  endfacet
  facet normal -0 -1 0
    outer loop
      vertex 3.31672 0 20.3661
      vertex 3.13668 0 20.6786
      vertex 3.12775 0 20.0578
    endloop
  endfacet
  facet normal 0 -1 0
    outer loop
      vertex 1.85435 0 20.1119
      vertex 1.76051 0 20.2671
      vertex 1.7957 0 20.1824
    endloop
  endfacet
  facet normal -0 -1 -0
    outer loop
      vertex 3.30547 0 20.4665
      vertex 3.13668 0 20.6786
      vertex 3.31672 0 20.3661
    endloop
  endfacet
  facet normal 0 -1 0
    outer loop
      vertex 1.76051 0 20.2671
      vertex 1.85435 0 20.1119
      vertex 1.93647 0 20.0556
    endloop
  endfacet
  facet normal 0 -1 0
    outer loop
      vertex 3.21544 0 20.6227
      vertex 3.30547 0 20.4665
      vertex 3.27171 0 20.552
    endloop
  endfacet
  facet normal 0 -1 -0
    outer loop
      vertex 2.04141 0 20.7218
      vertex 1.93647 0 20.0556
      vertex 2.04411 0 20.0126
    endloop
  endfacet
  facet normal 0 -1 0
    outer loop
      vertex 3.13668 0 20.6786
      vertex 3.30547 0 20.4665
      vertex 3.21544 0 20.6227
    endloop
  endfacet
  facet normal 0 -1 -0
    outer loop
      vertex 2.17875 0 20.7516
      vertex 2.04411 0 20.0126
      vertex 2.17937 0 19.9819
    endloop
  endfacet
  facet normal -0 -1 0
    outer loop
      vertex 3.21043 0 20.1147
      vertex 3.31672 0 20.3661
      vertex 3.12775 0 20.0578
    endloop
  endfacet
  facet normal 0 -1 0
    outer loop
      vertex 2.17875 0 20.7516
      vertex 2.17937 0 19.9819
      vertex 2.34225 0 19.9635
    endloop
  endfacet
  facet normal 0 -1 0
    outer loop
      vertex 3.31672 0 20.3661
      vertex 3.21043 0 20.1147
      vertex 3.30491 0 20.2688
    endloop
  endfacet
  facet normal 0 -1 -0
    outer loop
      vertex 2.34594 0 20.7695
      vertex 2.34225 0 19.9635
      vertex 2.53273 0 19.9573
    endloop
  endfacet
  facet normal 0 -1 0
    outer loop
      vertex 3.30491 0 20.2688
      vertex 3.21043 0 20.1147
      vertex 3.26948 0 20.185
    endloop
  endfacet
  facet normal 0 -1 0
    outer loop
      vertex 2.53273 0 21.2847
      vertex 2.54297 0 22.1028
      vertex 2.34594 0 22.0968
    endloop
  endfacet
  facet normal 0 -1 0
    outer loop
      vertex 2.34225 0 21.2908
      vertex 2.34594 0 22.0968
      vertex 2.17875 0 22.0789
    endloop
  endfacet
  facet normal -0 -1 0
    outer loop
      vertex 2.72219 0 21.2909
      vertex 2.54297 0 22.1028
      vertex 2.53273 0 21.2847
    endloop
  endfacet
  facet normal 0 -1 0
    outer loop
      vertex 2.04411 0 21.3399
      vertex 2.17875 0 22.0789
      vertex 2.04141 0 22.0491
    endloop
  endfacet
  facet normal 0 -1 0
    outer loop
      vertex 2.54297 0 22.1028
      vertex 2.72219 0 21.2909
      vertex 2.7352 0 22.0967
    endloop
  endfacet
  facet normal 0 -1 0
    outer loop
      vertex 1.93647 0 21.3829
      vertex 2.04141 0 22.0491
      vertex 1.9339 0 22.0073
    endloop
  endfacet
  facet normal -0 -1 0
    outer loop
      vertex 2.88451 0 21.3098
      vertex 2.7352 0 22.0967
      vertex 2.72219 0 21.2909
    endloop
  endfacet
  facet normal 0 -1 0
    outer loop
      vertex 1.76035 0 21.7949
      vertex 1.9339 0 22.0073
      vertex 1.85291 0 21.9519
    endloop
  endfacet
  facet normal 0 -1 0
    outer loop
      vertex 2.7352 0 22.0967
      vertex 2.88451 0 21.3098
      vertex 2.89823 0 22.0786
    endloop
  endfacet
  facet normal 0 -1 0
    outer loop
      vertex 1.76035 0 21.7949
      vertex 1.85291 0 21.9519
      vertex 1.79506 0 21.8811
    endloop
  endfacet
  facet normal -0 -1 0
    outer loop
      vertex 3.0197 0 21.3411
      vertex 2.89823 0 22.0786
      vertex 2.88451 0 21.3098
    endloop
  endfacet
  facet normal 0 -1 0
    outer loop
      vertex 1.9339 0 22.0073
      vertex 1.76035 0 21.7949
      vertex 1.74878 0 21.6934
    endloop
  endfacet
  facet normal 0 -1 0
    outer loop
      vertex 2.89823 0 22.0786
      vertex 3.0197 0 21.3411
      vertex 3.03206 0 22.0483
    endloop
  endfacet
  facet normal 0 -1 -0
    outer loop
      vertex 1.9339 0 22.0073
      vertex 1.74878 0 21.6934
      vertex 1.93647 0 21.3829
    endloop
  endfacet
  facet normal -0 -1 0
    outer loop
      vertex 3.12775 0 21.3851
      vertex 3.03206 0 22.0483
      vertex 3.0197 0 21.3411
    endloop
  endfacet
  facet normal 0 -1 0
    outer loop
      vertex 3.03206 0 22.0483
      vertex 3.12775 0 21.3851
      vertex 3.13668 0 22.0059
    endloop
  endfacet
  facet normal 0 -1 0
    outer loop
      vertex 1.93647 0 21.3829
      vertex 1.74878 0 21.6934
      vertex 1.76051 0 21.5944
    endloop
  endfacet
  facet normal -0 -1 0
    outer loop
      vertex 3.31672 0 21.6934
      vertex 3.13668 0 22.0059
      vertex 3.12775 0 21.3851
    endloop
  endfacet
  facet normal 0 -1 0
    outer loop
      vertex 1.85435 0 21.4392
      vertex 1.76051 0 21.5944
      vertex 1.7957 0 21.5097
    endloop
  endfacet
  facet normal -0 -1 -0
    outer loop
      vertex 3.30547 0 21.7938
      vertex 3.13668 0 22.0059
      vertex 3.31672 0 21.6934
    endloop
  endfacet
  facet normal 0 -1 0
    outer loop
      vertex 1.76051 0 21.5944
      vertex 1.85435 0 21.4392
      vertex 1.93647 0 21.3829
    endloop
  endfacet
  facet normal 0 -1 0
    outer loop
      vertex 3.21544 0 21.9501
      vertex 3.30547 0 21.7938
      vertex 3.27171 0 21.8793
    endloop
  endfacet
  facet normal 0 -1 -0
    outer loop
      vertex 2.04141 0 22.0491
      vertex 1.93647 0 21.3829
      vertex 2.04411 0 21.3399
    endloop
  endfacet
  facet normal 0 -1 0
    outer loop
      vertex 3.13668 0 22.0059
      vertex 3.30547 0 21.7938
      vertex 3.21544 0 21.9501
    endloop
  endfacet
  facet normal 0 -1 -0
    outer loop
      vertex 2.17875 0 22.0789
      vertex 2.04411 0 21.3399
      vertex 2.17937 0 21.3092
    endloop
  endfacet
  facet normal -0 -1 0
    outer loop
      vertex 3.21043 0 21.442
      vertex 3.31672 0 21.6934
      vertex 3.12775 0 21.3851
    endloop
  endfacet
  facet normal 0 -1 0
    outer loop
      vertex 2.17875 0 22.0789
      vertex 2.17937 0 21.3092
      vertex 2.34225 0 21.2908
    endloop
  endfacet
  facet normal 0 -1 0
    outer loop
      vertex 3.31672 0 21.6934
      vertex 3.21043 0 21.442
      vertex 3.30491 0 21.5961
    endloop
  endfacet
  facet normal 0 -1 -0
    outer loop
      vertex 2.34594 0 22.0968
      vertex 2.34225 0 21.2908
      vertex 2.53273 0 21.2847
    endloop
  endfacet
  facet normal 0 -1 0
    outer loop
      vertex 3.30491 0 21.5961
      vertex 3.21043 0 21.442
      vertex 3.26948 0 21.5124
    endloop
  endfacet
  facet normal 0 -1 0
    outer loop
      vertex 1.34419 0.0999994 24.0256
      vertex 1.7539 0.0999994 24.0947
      vertex 1.28914 0.0999994 24.0798
    endloop
  endfacet
  facet normal 0 -1 0
    outer loop
      vertex 1.7539 0.0999994 24.0947
      vertex 1.34419 0.0999994 24.0256
      vertex 1.42767 0.0999994 23.9782
    endloop
  endfacet
  facet normal 0 -1 0
    outer loop
      vertex 1.53954 0.0999994 23.9376
      vertex 1.7539 0.0999994 24.0947
      vertex 1.42767 0.0999994 23.9782
    endloop
  endfacet
  facet normal 0 -1 0
    outer loop
      vertex 1.67983 0.0999994 23.9037
      vertex 1.7539 0.0999994 24.0947
      vertex 1.53954 0.0999994 23.9376
    endloop
  endfacet
  facet normal 0 -1 -0
    outer loop
      vertex 1.7539 0.0999994 24.0947
      vertex 1.67983 0.0999994 23.9037
      vertex 1.85524 0.0999994 24.03
    endloop
  endfacet
  facet normal 0 -1 0
    outer loop
      vertex 1.84645 0.0999994 23.8771
      vertex 1.85524 0.0999994 24.03
      vertex 1.67983 0.0999994 23.9037
    endloop
  endfacet
  facet normal 0 -1 -0
    outer loop
      vertex 1.85524 0.0999994 24.03
      vertex 1.84645 0.0999994 23.8771
      vertex 2.01373 0.0999994 23.9838
    endloop
  endfacet
  facet normal 0 -1 0
    outer loop
      vertex 1.51384 0.0999994 24.8534
      vertex 1.93263 0.0999994 24.7452
      vertex 3.5593 0.0999994 24.8534
    endloop
  endfacet
  facet normal 0 -1 0
    outer loop
      vertex 1.51384 0.0999994 24.8534
      vertex 1.86367 0.0999994 24.4291
      vertex 1.93263 0.0999994 24.7452
    endloop
  endfacet
  facet normal 0 -1 0
    outer loop
      vertex 2.96599 0.0999994 24.3562
      vertex 2.85889 0.0999994 24.4874
      vertex 2.83312 0.0999994 24.3743
    endloop
  endfacet
  facet normal 0 -1 0
    outer loop
      vertex 2.02217 0.0999994 24.457
      vertex 2.42072 0.0999994 24.3878
      vertex 2.51232 0.0999994 24.3888
    endloop
  endfacet
  facet normal 0 -1 0
    outer loop
      vertex 2.02217 0.0999994 24.457
      vertex 2.33229 0.0999994 24.3848
      vertex 2.42072 0.0999994 24.3878
    endloop
  endfacet
  facet normal 0 -1 0
    outer loop
      vertex 2.02217 0.0999994 24.457
      vertex 2.24706 0.0999994 24.3797
      vertex 2.33229 0.0999994 24.3848
    endloop
  endfacet
  facet normal 0 -1 0
    outer loop
      vertex 2.02217 0.0999994 24.457
      vertex 2.16501 0.0999994 24.3726
      vertex 2.24706 0.0999994 24.3797
    endloop
  endfacet
  facet normal 0 -1 0
    outer loop
      vertex 2.02217 0.0999994 24.457
      vertex 2.08457 0.0999994 24.363
      vertex 2.16501 0.0999994 24.3726
    endloop
  endfacet
  facet normal 0 -1 -0
    outer loop
      vertex 2.02217 0.0999994 24.457
      vertex 2.00414 0.0999994 24.3506
      vertex 2.08457 0.0999994 24.363
    endloop
  endfacet
  facet normal 0 -1 0
    outer loop
      vertex 2.02217 0.0999994 24.457
      vertex 1.9237 0.0999994 24.3354
      vertex 2.00414 0.0999994 24.3506
    endloop
  endfacet
  facet normal 0 -1 0
    outer loop
      vertex 1.39382 0.0999994 24.3174
      vertex 1.86367 0.0999994 24.4291
      vertex 1.51384 0.0999994 24.8534
    endloop
  endfacet
  facet normal 0 -1 0
    outer loop
      vertex 1.86367 0.0999994 24.4291
      vertex 1.39382 0.0999994 24.3174
      vertex 1.84326 0.0999994 24.3174
    endloop
  endfacet
  facet normal 0 -1 -0
    outer loop
      vertex 1.86367 0.0999994 24.4291
      vertex 1.84326 0.0999994 24.3174
      vertex 1.9237 0.0999994 24.3354
    endloop
  endfacet
  facet normal 0 -1 -0
    outer loop
      vertex 3.5593 0.0999994 24.8534
      vertex 1.93263 0.0999994 24.7452
      vertex 3.5593 0.0999994 24.7452
    endloop
  endfacet
  facet normal 0 -1 0
    outer loop
      vertex 2.51232 0.0999994 24.3888
      vertex 2.6068 0.0999994 24.4928
      vertex 2.39374 0.0999994 24.4888
    endloop
  endfacet
  facet normal 0 -1 0
    outer loop
      vertex 2.02217 0.0999994 24.457
      vertex 2.51232 0.0999994 24.3888
      vertex 2.19886 0.0999994 24.4769
    endloop
  endfacet
  facet normal 0 -1 0
    outer loop
      vertex 2.6819 0.0999994 24.3852
      vertex 2.6068 0.0999994 24.4928
      vertex 2.51232 0.0999994 24.3888
    endloop
  endfacet
  facet normal 0 -1 0
    outer loop
      vertex 1.9237 0.0999994 24.3354
      vertex 2.02217 0.0999994 24.457
      vertex 1.86367 0.0999994 24.4291
    endloop
  endfacet
  facet normal 0 -1 0
    outer loop
      vertex 2.6068 0.0999994 24.4928
      vertex 2.6819 0.0999994 24.3852
      vertex 2.85889 0.0999994 24.4874
    endloop
  endfacet
  facet normal 0 -1 0
    outer loop
      vertex 2.19886 0.0999994 24.4769
      vertex 2.51232 0.0999994 24.3888
      vertex 2.39374 0.0999994 24.4888
    endloop
  endfacet
  facet normal 0 -1 0
    outer loop
      vertex 2.83312 0.0999994 24.3743
      vertex 2.85889 0.0999994 24.4874
      vertex 2.6819 0.0999994 24.3852
    endloop
  endfacet
  facet normal 0 -1 0
    outer loop
      vertex 2.85889 0.0999994 24.4874
      vertex 2.96599 0.0999994 24.3562
      vertex 3.08401 0.0999994 24.4712
    endloop
  endfacet
  facet normal 0 -1 0
    outer loop
      vertex 3.08049 0.0999994 24.3308
      vertex 3.08401 0.0999994 24.4712
      vertex 2.96599 0.0999994 24.3562
    endloop
  endfacet
  facet normal 0 -1 0
    outer loop
      vertex 3.17267 0.0999994 24.2996
      vertex 3.08401 0.0999994 24.4712
      vertex 3.08049 0.0999994 24.3308
    endloop
  endfacet
  facet normal 0 -1 0
    outer loop
      vertex 3.08401 0.0999994 24.4712
      vertex 3.17267 0.0999994 24.2996
      vertex 3.28216 0.0999994 24.4442
    endloop
  endfacet
  facet normal 0 -1 0
    outer loop
      vertex 3.23851 0.0999994 24.2638
      vertex 3.28216 0.0999994 24.4442
      vertex 3.17267 0.0999994 24.2996
    endloop
  endfacet
  facet normal 0 -1 -0
    outer loop
      vertex 3.28216 0.0999994 24.4442
      vertex 3.23851 0.0999994 24.2638
      vertex 3.45334 0.0999994 24.4065
    endloop
  endfacet
  facet normal 0 -1 0
    outer loop
      vertex 3.27802 0.0999994 24.2236
      vertex 3.45334 0.0999994 24.4065
      vertex 3.23851 0.0999994 24.2638
    endloop
  endfacet
  facet normal 0 -1 0
    outer loop
      vertex 3.29119 0.0999994 24.1788
      vertex 3.45334 0.0999994 24.4065
      vertex 3.27802 0.0999994 24.2236
    endloop
  endfacet
  facet normal 0 -1 -0
    outer loop
      vertex 3.45334 0.0999994 24.4065
      vertex 3.29119 0.0999994 24.1788
      vertex 3.59132 0.0999994 24.3601
    endloop
  endfacet
  facet normal 0 -1 0
    outer loop
      vertex 3.57838 0.0999994 23.9829
      vertex 3.59132 0.0999994 24.3601
      vertex 3.29119 0.0999994 24.1788
    endloop
  endfacet
  facet normal -0 -1 0
    outer loop
      vertex 3.68412 0.0999994 24.0408
      vertex 3.59132 0.0999994 24.3601
      vertex 3.57838 0.0999994 23.9829
    endloop
  endfacet
  facet normal 0 -1 0
    outer loop
      vertex 3.59132 0.0999994 24.3601
      vertex 3.68412 0.0999994 24.0408
      vertex 3.68987 0.0999994 24.3072
    endloop
  endfacet
  facet normal 0 -1 0
    outer loop
      vertex 3.57838 0.0999994 23.9829
      vertex 3.29119 0.0999994 24.1788
      vertex 3.2781 0.0999994 24.1276
    endloop
  endfacet
  facet normal 0 -1 0
    outer loop
      vertex 3.68987 0.0999994 24.3072
      vertex 3.74757 0.0999994 24.107
      vertex 3.74901 0.0999994 24.2477
    endloop
  endfacet
  facet normal 0 -1 0
    outer loop
      vertex 3.43033 0.0999994 23.9334
      vertex 3.2781 0.0999994 24.1276
      vertex 3.23884 0.0999994 24.0822
    endloop
  endfacet
  facet normal 0 -1 0
    outer loop
      vertex 3.24479 0.0999994 23.8938
      vertex 3.23884 0.0999994 24.0822
      vertex 3.17339 0.0999994 24.0426
    endloop
  endfacet
  facet normal -0 -1 0
    outer loop
      vertex 3.74757 0.0999994 24.107
      vertex 3.68987 0.0999994 24.3072
      vertex 3.68412 0.0999994 24.0408
    endloop
  endfacet
  facet normal 0 -1 0
    outer loop
      vertex 3.24479 0.0999994 23.8938
      vertex 3.17339 0.0999994 24.0426
      vertex 3.08177 0.0999994 24.0087
    endloop
  endfacet
  facet normal 0 -1 -0
    outer loop
      vertex 3.74901 0.0999994 24.2477
      vertex 3.74757 0.0999994 24.107
      vertex 3.76872 0.0999994 24.1816
    endloop
  endfacet
  facet normal 0 -1 0
    outer loop
      vertex 3.02654 0.0999994 23.8656
      vertex 3.08177 0.0999994 24.0087
      vertex 2.96702 0.0999994 23.9817
    endloop
  endfacet
  facet normal 0 -1 0
    outer loop
      vertex 3.02654 0.0999994 23.8656
      vertex 2.96702 0.0999994 23.9817
      vertex 2.83215 0.0999994 23.9623
    endloop
  endfacet
  facet normal 0 -1 0
    outer loop
      vertex 2.77556 0.0999994 23.8486
      vertex 2.83215 0.0999994 23.9623
      vertex 2.67719 0.0999994 23.9507
    endloop
  endfacet
  facet normal 0 -1 0
    outer loop
      vertex 3.2781 0.0999994 24.1276
      vertex 3.43033 0.0999994 23.9334
      vertex 3.57838 0.0999994 23.9829
    endloop
  endfacet
  facet normal 0 -1 0
    outer loop
      vertex 2.49187 0.0999994 23.8429
      vertex 2.67719 0.0999994 23.9507
      vertex 2.50211 0.0999994 23.9469
    endloop
  endfacet
  facet normal 0 -1 0
    outer loop
      vertex 2.03733 0.0999994 23.8581
      vertex 2.01373 0.0999994 23.9838
      vertex 1.84645 0.0999994 23.8771
    endloop
  endfacet
  facet normal 0 -1 0
    outer loop
      vertex 2.01373 0.0999994 23.9838
      vertex 2.03733 0.0999994 23.8581
      vertex 2.22935 0.0999994 23.9561
    endloop
  endfacet
  facet normal 0 -1 0
    outer loop
      vertex 2.50211 0.0999994 23.9469
      vertex 2.25247 0.0999994 23.8467
      vertex 2.49187 0.0999994 23.8429
    endloop
  endfacet
  facet normal 0 -1 0
    outer loop
      vertex 2.25247 0.0999994 23.8467
      vertex 2.22935 0.0999994 23.9561
      vertex 2.03733 0.0999994 23.8581
    endloop
  endfacet
  facet normal 0 -1 0
    outer loop
      vertex 2.22935 0.0999994 23.9561
      vertex 2.25247 0.0999994 23.8467
      vertex 2.50211 0.0999994 23.9469
    endloop
  endfacet
  facet normal 0 -1 -0
    outer loop
      vertex 2.67719 0.0999994 23.9507
      vertex 2.49187 0.0999994 23.8429
      vertex 2.77556 0.0999994 23.8486
    endloop
  endfacet
  facet normal 0 -1 0
    outer loop
      vertex 3.23884 0.0999994 24.0822
      vertex 3.24479 0.0999994 23.8938
      vertex 3.43033 0.0999994 23.9334
    endloop
  endfacet
  facet normal 0 -1 -0
    outer loop
      vertex 2.83215 0.0999994 23.9623
      vertex 2.77556 0.0999994 23.8486
      vertex 3.02654 0.0999994 23.8656
    endloop
  endfacet
  facet normal 0 -1 -0
    outer loop
      vertex 3.08177 0.0999994 24.0087
      vertex 3.02654 0.0999994 23.8656
      vertex 3.24479 0.0999994 23.8938
    endloop
  endfacet
  facet normal 0 -1 0
    outer loop
      vertex 2.268 0.0999994 22.9338
      vertex 2.76594 0.0999994 23.0886
      vertex 2.268 0.0999994 23.0886
    endloop
  endfacet
  facet normal 0 -1 -0
    outer loop
      vertex 2.76594 0.0999994 23.0886
      vertex 2.268 0.0999994 22.9338
      vertex 2.76594 0.0999994 22.9338
    endloop
  endfacet
  facet normal 0 -1 0
    outer loop
      vertex 2.34594 0.0999994 22.0968
      vertex 2.54297 0.0999994 22.206
      vertex 2.23805 0.0999994 22.198
    endloop
  endfacet
  facet normal 0 -1 0
    outer loop
      vertex 2.17875 0.0999994 22.0789
      vertex 2.23805 0.0999994 22.198
      vertex 1.97702 0.0999994 22.174
    endloop
  endfacet
  facet normal 0 -1 -0
    outer loop
      vertex 2.54297 0.0999994 22.206
      vertex 2.34594 0.0999994 22.0968
      vertex 2.54297 0.0999994 22.1028
    endloop
  endfacet
  facet normal 0 -1 0
    outer loop
      vertex 1.9339 0.0999994 22.0073
      vertex 1.97702 0.0999994 22.174
      vertex 1.75988 0.0999994 22.134
    endloop
  endfacet
  facet normal 0 -1 0
    outer loop
      vertex 2.54297 0.0999994 22.206
      vertex 2.7352 0.0999994 22.0967
      vertex 2.84006 0.0999994 22.1979
    endloop
  endfacet
  facet normal 0 -1 0
    outer loop
      vertex 2.89823 0.0999994 22.0786
      vertex 2.84006 0.0999994 22.1979
      vertex 2.7352 0.0999994 22.0967
    endloop
  endfacet
  facet normal 0 -1 0
    outer loop
      vertex 2.7352 0.0999994 22.0967
      vertex 2.54297 0.0999994 22.206
      vertex 2.54297 0.0999994 22.1028
    endloop
  endfacet
  facet normal 0 -1 -0
    outer loop
      vertex 2.23805 0.0999994 22.198
      vertex 2.17875 0.0999994 22.0789
      vertex 2.34594 0.0999994 22.0968
    endloop
  endfacet
  facet normal 0 -1 0
    outer loop
      vertex 1.79506 0.0999994 21.8811
      vertex 1.75988 0.0999994 22.134
      vertex 1.58663 0.0999994 22.078
    endloop
  endfacet
  facet normal 0 -1 0
    outer loop
      vertex 1.97702 0.0999994 22.174
      vertex 2.04141 0.0999994 22.0491
      vertex 2.17875 0.0999994 22.0789
    endloop
  endfacet
  facet normal 0 -1 -0
    outer loop
      vertex 1.97702 0.0999994 22.174
      vertex 1.9339 0.0999994 22.0073
      vertex 2.04141 0.0999994 22.0491
    endloop
  endfacet
  facet normal 0 -1 0
    outer loop
      vertex 1.76035 0.0999994 21.7949
      vertex 1.58663 0.0999994 22.078
      vertex 1.45423 0.0999994 22.006
    endloop
  endfacet
  facet normal 0 -1 0
    outer loop
      vertex 1.75988 0.0999994 22.134
      vertex 1.85291 0.0999994 21.9519
      vertex 1.9339 0.0999994 22.0073
    endloop
  endfacet
  facet normal 0 -1 0
    outer loop
      vertex 1.76035 0.0999994 21.7949
      vertex 1.45423 0.0999994 22.006
      vertex 1.35967 0.0999994 21.9179
    endloop
  endfacet
  facet normal 0 -1 0
    outer loop
      vertex 1.75988 0.0999994 22.134
      vertex 1.79506 0.0999994 21.8811
      vertex 1.85291 0.0999994 21.9519
    endloop
  endfacet
  facet normal 0 -1 0
    outer loop
      vertex 1.74878 0.0999994 21.6934
      vertex 1.35967 0.0999994 21.9179
      vertex 1.30293 0.0999994 21.8137
    endloop
  endfacet
  facet normal 0 -1 0
    outer loop
      vertex 1.58663 0.0999994 22.078
      vertex 1.76035 0.0999994 21.7949
      vertex 1.79506 0.0999994 21.8811
    endloop
  endfacet
  facet normal 0 -1 0
    outer loop
      vertex 1.74878 0.0999994 21.6934
      vertex 1.30293 0.0999994 21.8137
      vertex 1.28401 0.0999994 21.6934
    endloop
  endfacet
  facet normal 0 -1 0
    outer loop
      vertex 1.35967 0.0999994 21.9179
      vertex 1.74878 0.0999994 21.6934
      vertex 1.76035 0.0999994 21.7949
    endloop
  endfacet
  facet normal 0 -1 0
    outer loop
      vertex 1.30348 0.0999994 21.5754
      vertex 1.74878 0.0999994 21.6934
      vertex 1.28401 0.0999994 21.6934
    endloop
  endfacet
  facet normal 0 -1 0
    outer loop
      vertex 1.3619 0.0999994 21.4724
      vertex 1.74878 0.0999994 21.6934
      vertex 1.30348 0.0999994 21.5754
    endloop
  endfacet
  facet normal 0 -1 -0
    outer loop
      vertex 1.74878 0.0999994 21.6934
      vertex 1.3619 0.0999994 21.4724
      vertex 1.76051 0.0999994 21.5944
    endloop
  endfacet
  facet normal 0 -1 0
    outer loop
      vertex 1.45925 0.0999994 21.3844
      vertex 1.76051 0.0999994 21.5944
      vertex 1.3619 0.0999994 21.4724
    endloop
  endfacet
  facet normal 0 -1 0
    outer loop
      vertex 1.59555 0.0999994 21.3115
      vertex 1.76051 0.0999994 21.5944
      vertex 1.45925 0.0999994 21.3844
    endloop
  endfacet
  facet normal 0 -1 -0
    outer loop
      vertex 1.76051 0.0999994 21.5944
      vertex 1.59555 0.0999994 21.3115
      vertex 1.7957 0.0999994 21.5097
    endloop
  endfacet
  facet normal 0 -1 0
    outer loop
      vertex 1.77063 0.0999994 21.2543
      vertex 1.7957 0.0999994 21.5097
      vertex 1.59555 0.0999994 21.3115
    endloop
  endfacet
  facet normal 0 -1 -0
    outer loop
      vertex 1.7957 0.0999994 21.5097
      vertex 1.77063 0.0999994 21.2543
      vertex 1.85435 0.0999994 21.4392
    endloop
  endfacet
  facet normal 0 -1 -0
    outer loop
      vertex 1.85435 0.0999994 21.4392
      vertex 1.77063 0.0999994 21.2543
      vertex 1.93647 0.0999994 21.3829
    endloop
  endfacet
  facet normal 0 -1 0
    outer loop
      vertex 1.98435 0.0999994 21.2134
      vertex 1.93647 0.0999994 21.3829
      vertex 1.77063 0.0999994 21.2543
    endloop
  endfacet
  facet normal 0 -1 0
    outer loop
      vertex 1.93647 0.0999994 21.3829
      vertex 1.98435 0.0999994 21.2134
      vertex 2.04411 0.0999994 21.3399
    endloop
  endfacet
  facet normal 0 -1 -0
    outer loop
      vertex 2.04411 0.0999994 21.3399
      vertex 1.98435 0.0999994 21.2134
      vertex 2.17937 0.0999994 21.3092
    endloop
  endfacet
  facet normal 0 -1 0
    outer loop
      vertex 2.23669 0.0999994 21.1889
      vertex 2.17937 0.0999994 21.3092
      vertex 1.98435 0.0999994 21.2134
    endloop
  endfacet
  facet normal 0 -1 0
    outer loop
      vertex 2.17937 0.0999994 21.3092
      vertex 2.23669 0.0999994 21.1889
      vertex 2.34225 0.0999994 21.2908
    endloop
  endfacet
  facet normal -0 -1 0
    outer loop
      vertex 2.81899 0.0999994 21.1889
      vertex 2.53273 0.0999994 21.2847
      vertex 2.52764 0.0999994 21.1807
    endloop
  endfacet
  facet normal 0 -1 0
    outer loop
      vertex 2.52764 0.0999994 21.1807
      vertex 2.34225 0.0999994 21.2908
      vertex 2.23669 0.0999994 21.1889
    endloop
  endfacet
  facet normal 0 -1 0
    outer loop
      vertex 2.53273 0.0999994 21.2847
      vertex 3.07251 0.0999994 21.2136
      vertex 3.2882 0.0999994 21.2547
    endloop
  endfacet
  facet normal 0 -1 0
    outer loop
      vertex 2.34225 0.0999994 21.2908
      vertex 2.52764 0.0999994 21.1807
      vertex 2.53273 0.0999994 21.2847
    endloop
  endfacet
  facet normal -0 -1 0
    outer loop
      vertex 3.07251 0.0999994 21.2136
      vertex 2.53273 0.0999994 21.2847
      vertex 2.81899 0.0999994 21.1889
    endloop
  endfacet
  facet normal 0 -1 0
    outer loop
      vertex 2.84006 0.0999994 22.1979
      vertex 2.89823 0.0999994 22.0786
      vertex 3.0955 0.0999994 22.1737
    endloop
  endfacet
  facet normal 0 -1 0
    outer loop
      vertex 3.03206 0.0999994 22.0483
      vertex 3.0955 0.0999994 22.1737
      vertex 2.89823 0.0999994 22.0786
    endloop
  endfacet
  facet normal 0 -1 0
    outer loop
      vertex 3.13668 0.0999994 22.0059
      vertex 3.0955 0.0999994 22.1737
      vertex 3.03206 0.0999994 22.0483
    endloop
  endfacet
  facet normal 0 -1 0
    outer loop
      vertex 3.0955 0.0999994 22.1737
      vertex 3.13668 0.0999994 22.0059
      vertex 3.30928 0.0999994 22.1332
    endloop
  endfacet
  facet normal 0 -1 0
    outer loop
      vertex 3.21544 0.0999994 21.9501
      vertex 3.30928 0.0999994 22.1332
      vertex 3.13668 0.0999994 22.0059
    endloop
  endfacet
  facet normal 0 -1 0
    outer loop
      vertex 3.27171 0.0999994 21.8793
      vertex 3.30928 0.0999994 22.1332
      vertex 3.21544 0.0999994 21.9501
    endloop
  endfacet
  facet normal 0 -1 -0
    outer loop
      vertex 3.30928 0.0999994 22.1332
      vertex 3.27171 0.0999994 21.8793
      vertex 3.48139 0.0999994 22.0766
    endloop
  endfacet
  facet normal 0 -1 0
    outer loop
      vertex 3.30547 0.0999994 21.7938
      vertex 3.48139 0.0999994 22.0766
      vertex 3.27171 0.0999994 21.8793
    endloop
  endfacet
  facet normal 0 -1 -0
    outer loop
      vertex 3.48139 0.0999994 22.0766
      vertex 3.30547 0.0999994 21.7938
      vertex 3.61379 0.0999994 22.0042
    endloop
  endfacet
  facet normal 0 -1 -0
    outer loop
      vertex 3.61379 0.0999994 22.0042
      vertex 3.30547 0.0999994 21.7938
      vertex 3.70836 0.0999994 21.9161
    endloop
  endfacet
  facet normal 0 -1 0
    outer loop
      vertex 3.31672 0.0999994 21.6934
      vertex 3.70836 0.0999994 21.9161
      vertex 3.30547 0.0999994 21.7938
    endloop
  endfacet
  facet normal 0 -1 -0
    outer loop
      vertex 3.70836 0.0999994 21.9161
      vertex 3.31672 0.0999994 21.6934
      vertex 3.76509 0.0999994 21.8125
    endloop
  endfacet
  facet normal 0 -1 0
    outer loop
      vertex 3.31672 0.0999994 21.6934
      vertex 3.78401 0.0999994 21.6934
      vertex 3.76509 0.0999994 21.8125
    endloop
  endfacet
  facet normal 0 -1 0
    outer loop
      vertex 3.70452 0.0999994 21.4733
      vertex 3.31672 0.0999994 21.6934
      vertex 3.30491 0.0999994 21.5961
    endloop
  endfacet
  facet normal 0 -1 0
    outer loop
      vertex 3.31672 0.0999994 21.6934
      vertex 3.76414 0.0999994 21.5759
      vertex 3.78401 0.0999994 21.6934
    endloop
  endfacet
  facet normal 0 -1 0
    outer loop
      vertex 3.46607 0.0999994 21.3122
      vertex 3.30491 0.0999994 21.5961
      vertex 3.26948 0.0999994 21.5124
    endloop
  endfacet
  facet normal 0 -1 0
    outer loop
      vertex 3.31672 0.0999994 21.6934
      vertex 3.70452 0.0999994 21.4733
      vertex 3.76414 0.0999994 21.5759
    endloop
  endfacet
  facet normal 0 -1 0
    outer loop
      vertex 3.46607 0.0999994 21.3122
      vertex 3.26948 0.0999994 21.5124
      vertex 3.21043 0.0999994 21.442
    endloop
  endfacet
  facet normal 0 -1 0
    outer loop
      vertex 3.30491 0.0999994 21.5961
      vertex 3.60517 0.0999994 21.3854
      vertex 3.70452 0.0999994 21.4733
    endloop
  endfacet
  facet normal 0 -1 0
    outer loop
      vertex 3.2882 0.0999994 21.2547
      vertex 3.21043 0.0999994 21.442
      vertex 3.12775 0.0999994 21.3851
    endloop
  endfacet
  facet normal 0 -1 0
    outer loop
      vertex 3.2882 0.0999994 21.2547
      vertex 3.12775 0.0999994 21.3851
      vertex 3.0197 0.0999994 21.3411
    endloop
  endfacet
  facet normal 0 -1 0
    outer loop
      vertex 3.30491 0.0999994 21.5961
      vertex 3.46607 0.0999994 21.3122
      vertex 3.60517 0.0999994 21.3854
    endloop
  endfacet
  facet normal 0 -1 0
    outer loop
      vertex 3.2882 0.0999994 21.2547
      vertex 3.0197 0.0999994 21.3411
      vertex 2.88451 0.0999994 21.3098
    endloop
  endfacet
  facet normal 0 -1 0
    outer loop
      vertex 3.2882 0.0999994 21.2547
      vertex 2.88451 0.0999994 21.3098
      vertex 2.72219 0.0999994 21.2909
    endloop
  endfacet
  facet normal 0 -1 0
    outer loop
      vertex 3.2882 0.0999994 21.2547
      vertex 2.72219 0.0999994 21.2909
      vertex 2.53273 0.0999994 21.2847
    endloop
  endfacet
  facet normal 0 -1 0
    outer loop
      vertex 3.21043 0.0999994 21.442
      vertex 3.2882 0.0999994 21.2547
      vertex 3.46607 0.0999994 21.3122
    endloop
  endfacet
  facet normal 0 -1 0
    outer loop
      vertex 2.34594 0.0999994 20.7695
      vertex 2.54297 0.0999994 20.8787
      vertex 2.23805 0.0999994 20.8707
    endloop
  endfacet
  facet normal 0 -1 0
    outer loop
      vertex 2.17875 0.0999994 20.7516
      vertex 2.23805 0.0999994 20.8707
      vertex 1.97702 0.0999994 20.8467
    endloop
  endfacet
  facet normal 0 -1 -0
    outer loop
      vertex 2.54297 0.0999994 20.8787
      vertex 2.34594 0.0999994 20.7695
      vertex 2.54297 0.0999994 20.7755
    endloop
  endfacet
  facet normal 0 -1 0
    outer loop
      vertex 1.9339 0.0999994 20.68
      vertex 1.97702 0.0999994 20.8467
      vertex 1.75988 0.0999994 20.8067
    endloop
  endfacet
  facet normal 0 -1 0
    outer loop
      vertex 2.54297 0.0999994 20.8787
      vertex 2.7352 0.0999994 20.7694
      vertex 2.84006 0.0999994 20.8706
    endloop
  endfacet
  facet normal 0 -1 0
    outer loop
      vertex 2.89823 0.0999994 20.7513
      vertex 2.84006 0.0999994 20.8706
      vertex 2.7352 0.0999994 20.7694
    endloop
  endfacet
  facet normal 0 -1 0
    outer loop
      vertex 2.7352 0.0999994 20.7694
      vertex 2.54297 0.0999994 20.8787
      vertex 2.54297 0.0999994 20.7755
    endloop
  endfacet
  facet normal 0 -1 -0
    outer loop
      vertex 2.23805 0.0999994 20.8707
      vertex 2.17875 0.0999994 20.7516
      vertex 2.34594 0.0999994 20.7695
    endloop
  endfacet
  facet normal 0 -1 0
    outer loop
      vertex 1.79506 0.0999994 20.5538
      vertex 1.75988 0.0999994 20.8067
      vertex 1.58663 0.0999994 20.7507
    endloop
  endfacet
  facet normal 0 -1 0
    outer loop
      vertex 1.97702 0.0999994 20.8467
      vertex 2.04141 0.0999994 20.7218
      vertex 2.17875 0.0999994 20.7516
    endloop
  endfacet
  facet normal 0 -1 -0
    outer loop
      vertex 1.97702 0.0999994 20.8467
      vertex 1.9339 0.0999994 20.68
      vertex 2.04141 0.0999994 20.7218
    endloop
  endfacet
  facet normal 0 -1 0
    outer loop
      vertex 1.76035 0.0999994 20.4676
      vertex 1.58663 0.0999994 20.7507
      vertex 1.45423 0.0999994 20.6787
    endloop
  endfacet
  facet normal 0 -1 0
    outer loop
      vertex 1.75988 0.0999994 20.8067
      vertex 1.85291 0.0999994 20.6246
      vertex 1.9339 0.0999994 20.68
    endloop
  endfacet
  facet normal 0 -1 0
    outer loop
      vertex 1.76035 0.0999994 20.4676
      vertex 1.45423 0.0999994 20.6787
      vertex 1.35967 0.0999994 20.5906
    endloop
  endfacet
  facet normal 0 -1 0
    outer loop
      vertex 1.75988 0.0999994 20.8067
      vertex 1.79506 0.0999994 20.5538
      vertex 1.85291 0.0999994 20.6246
    endloop
  endfacet
  facet normal 0 -1 0
    outer loop
      vertex 1.74878 0.0999994 20.3661
      vertex 1.35967 0.0999994 20.5906
      vertex 1.30293 0.0999994 20.4864
    endloop
  endfacet
  facet normal 0 -1 0
    outer loop
      vertex 1.58663 0.0999994 20.7507
      vertex 1.76035 0.0999994 20.4676
      vertex 1.79506 0.0999994 20.5538
    endloop
  endfacet
  facet normal 0 -1 0
    outer loop
      vertex 1.74878 0.0999994 20.3661
      vertex 1.30293 0.0999994 20.4864
      vertex 1.28401 0.0999994 20.3661
    endloop
  endfacet
  facet normal 0 -1 0
    outer loop
      vertex 1.35967 0.0999994 20.5906
      vertex 1.74878 0.0999994 20.3661
      vertex 1.76035 0.0999994 20.4676
    endloop
  endfacet
  facet normal 0 -1 0
    outer loop
      vertex 1.30348 0.0999994 20.2481
      vertex 1.74878 0.0999994 20.3661
      vertex 1.28401 0.0999994 20.3661
    endloop
  endfacet
  facet normal 0 -1 0
    outer loop
      vertex 1.3619 0.0999994 20.1451
      vertex 1.74878 0.0999994 20.3661
      vertex 1.30348 0.0999994 20.2481
    endloop
  endfacet
  facet normal 0 -1 -0
    outer loop
      vertex 1.74878 0.0999994 20.3661
      vertex 1.3619 0.0999994 20.1451
      vertex 1.76051 0.0999994 20.2671
    endloop
  endfacet
  facet normal 0 -1 0
    outer loop
      vertex 1.45925 0.0999994 20.0571
      vertex 1.76051 0.0999994 20.2671
      vertex 1.3619 0.0999994 20.1451
    endloop
  endfacet
  facet normal 0 -1 0
    outer loop
      vertex 1.59555 0.0999994 19.9842
      vertex 1.76051 0.0999994 20.2671
      vertex 1.45925 0.0999994 20.0571
    endloop
  endfacet
  facet normal 0 -1 -0
    outer loop
      vertex 1.76051 0.0999994 20.2671
      vertex 1.59555 0.0999994 19.9842
      vertex 1.7957 0.0999994 20.1824
    endloop
  endfacet
  facet normal 0 -1 0
    outer loop
      vertex 1.77063 0.0999994 19.927
      vertex 1.7957 0.0999994 20.1824
      vertex 1.59555 0.0999994 19.9842
    endloop
  endfacet
  facet normal 0 -1 -0
    outer loop
      vertex 1.7957 0.0999994 20.1824
      vertex 1.77063 0.0999994 19.927
      vertex 1.85435 0.0999994 20.1119
    endloop
  endfacet
  facet normal 0 -1 -0
    outer loop
      vertex 1.85435 0.0999994 20.1119
      vertex 1.77063 0.0999994 19.927
      vertex 1.93647 0.0999994 20.0556
    endloop
  endfacet
  facet normal 0 -1 0
    outer loop
      vertex 1.98435 0.0999994 19.8861
      vertex 1.93647 0.0999994 20.0556
      vertex 1.77063 0.0999994 19.927
    endloop
  endfacet
  facet normal 0 -1 0
    outer loop
      vertex 1.93647 0.0999994 20.0556
      vertex 1.98435 0.0999994 19.8861
      vertex 2.04411 0.0999994 20.0126
    endloop
  endfacet
  facet normal 0 -1 -0
    outer loop
      vertex 2.04411 0.0999994 20.0126
      vertex 1.98435 0.0999994 19.8861
      vertex 2.17937 0.0999994 19.9819
    endloop
  endfacet
  facet normal 0 -1 0
    outer loop
      vertex 2.23669 0.0999994 19.8616
      vertex 2.17937 0.0999994 19.9819
      vertex 1.98435 0.0999994 19.8861
    endloop
  endfacet
  facet normal 0 -1 0
    outer loop
      vertex 2.17937 0.0999994 19.9819
      vertex 2.23669 0.0999994 19.8616
      vertex 2.34225 0.0999994 19.9635
    endloop
  endfacet
  facet normal -0 -1 0
    outer loop
      vertex 2.81899 0.0999994 19.8616
      vertex 2.53273 0.0999994 19.9573
      vertex 2.52764 0.0999994 19.8534
    endloop
  endfacet
  facet normal 0 -1 0
    outer loop
      vertex 2.52764 0.0999994 19.8534
      vertex 2.34225 0.0999994 19.9635
      vertex 2.23669 0.0999994 19.8616
    endloop
  endfacet
  facet normal 0 -1 0
    outer loop
      vertex 2.53273 0.0999994 19.9573
      vertex 3.07251 0.0999994 19.8863
      vertex 3.2882 0.0999994 19.9274
    endloop
  endfacet
  facet normal 0 -1 0
    outer loop
      vertex 2.34225 0.0999994 19.9635
      vertex 2.52764 0.0999994 19.8534
      vertex 2.53273 0.0999994 19.9573
    endloop
  endfacet
  facet normal -0 -1 0
    outer loop
      vertex 3.07251 0.0999994 19.8863
      vertex 2.53273 0.0999994 19.9573
      vertex 2.81899 0.0999994 19.8616
    endloop
  endfacet
  facet normal 0 -1 0
    outer loop
      vertex 2.84006 0.0999994 20.8706
      vertex 2.89823 0.0999994 20.7513
      vertex 3.0955 0.0999994 20.8464
    endloop
  endfacet
  facet normal 0 -1 0
    outer loop
      vertex 3.03206 0.0999994 20.721
      vertex 3.0955 0.0999994 20.8464
      vertex 2.89823 0.0999994 20.7513
    endloop
  endfacet
  facet normal 0 -1 0
    outer loop
      vertex 3.13668 0.0999994 20.6786
      vertex 3.0955 0.0999994 20.8464
      vertex 3.03206 0.0999994 20.721
    endloop
  endfacet
  facet normal 0 -1 0
    outer loop
      vertex 3.0955 0.0999994 20.8464
      vertex 3.13668 0.0999994 20.6786
      vertex 3.30928 0.0999994 20.8059
    endloop
  endfacet
  facet normal 0 -1 0
    outer loop
      vertex 3.21544 0.0999994 20.6227
      vertex 3.30928 0.0999994 20.8059
      vertex 3.13668 0.0999994 20.6786
    endloop
  endfacet
  facet normal 0 -1 0
    outer loop
      vertex 3.27171 0.0999994 20.552
      vertex 3.30928 0.0999994 20.8059
      vertex 3.21544 0.0999994 20.6227
    endloop
  endfacet
  facet normal 0 -1 -0
    outer loop
      vertex 3.30928 0.0999994 20.8059
      vertex 3.27171 0.0999994 20.552
      vertex 3.48139 0.0999994 20.7493
    endloop
  endfacet
  facet normal 0 -1 0
    outer loop
      vertex 3.30547 0.0999994 20.4665
      vertex 3.48139 0.0999994 20.7493
      vertex 3.27171 0.0999994 20.552
    endloop
  endfacet
  facet normal 0 -1 -0
    outer loop
      vertex 3.48139 0.0999994 20.7493
      vertex 3.30547 0.0999994 20.4665
      vertex 3.61379 0.0999994 20.6768
    endloop
  endfacet
  facet normal 0 -1 -0
    outer loop
      vertex 3.61379 0.0999994 20.6768
      vertex 3.30547 0.0999994 20.4665
      vertex 3.70836 0.0999994 20.5888
    endloop
  endfacet
  facet normal 0 -1 0
    outer loop
      vertex 3.31672 0.0999994 20.3661
      vertex 3.70836 0.0999994 20.5888
      vertex 3.30547 0.0999994 20.4665
    endloop
  endfacet
  facet normal 0 -1 -0
    outer loop
      vertex 3.70836 0.0999994 20.5888
      vertex 3.31672 0.0999994 20.3661
      vertex 3.76509 0.0999994 20.4852
    endloop
  endfacet
  facet normal 0 -1 0
    outer loop
      vertex 3.31672 0.0999994 20.3661
      vertex 3.78401 0.0999994 20.3661
      vertex 3.76509 0.0999994 20.4852
    endloop
  endfacet
  facet normal 0 -1 0
    outer loop
      vertex 3.70452 0.0999994 20.146
      vertex 3.31672 0.0999994 20.3661
      vertex 3.30491 0.0999994 20.2688
    endloop
  endfacet
  facet normal 0 -1 0
    outer loop
      vertex 3.31672 0.0999994 20.3661
      vertex 3.76414 0.0999994 20.2486
      vertex 3.78401 0.0999994 20.3661
    endloop
  endfacet
  facet normal 0 -1 0
    outer loop
      vertex 3.46607 0.0999994 19.9849
      vertex 3.30491 0.0999994 20.2688
      vertex 3.26948 0.0999994 20.185
    endloop
  endfacet
  facet normal 0 -1 0
    outer loop
      vertex 3.31672 0.0999994 20.3661
      vertex 3.70452 0.0999994 20.146
      vertex 3.76414 0.0999994 20.2486
    endloop
  endfacet
  facet normal 0 -1 0
    outer loop
      vertex 3.46607 0.0999994 19.9849
      vertex 3.26948 0.0999994 20.185
      vertex 3.21043 0.0999994 20.1147
    endloop
  endfacet
  facet normal 0 -1 0
    outer loop
      vertex 3.30491 0.0999994 20.2688
      vertex 3.60517 0.0999994 20.0581
      vertex 3.70452 0.0999994 20.146
    endloop
  endfacet
  facet normal 0 -1 0
    outer loop
      vertex 3.2882 0.0999994 19.9274
      vertex 3.21043 0.0999994 20.1147
      vertex 3.12775 0.0999994 20.0578
    endloop
  endfacet
  facet normal 0 -1 0
    outer loop
      vertex 3.2882 0.0999994 19.9274
      vertex 3.12775 0.0999994 20.0578
      vertex 3.0197 0.0999994 20.0138
    endloop
  endfacet
  facet normal 0 -1 0
    outer loop
      vertex 3.30491 0.0999994 20.2688
      vertex 3.46607 0.0999994 19.9849
      vertex 3.60517 0.0999994 20.0581
    endloop
  endfacet
  facet normal 0 -1 0
    outer loop
      vertex 3.2882 0.0999994 19.9274
      vertex 3.0197 0.0999994 20.0138
      vertex 2.88451 0.0999994 19.9824
    endloop
  endfacet
  facet normal 0 -1 0
    outer loop
      vertex 3.2882 0.0999994 19.9274
      vertex 2.88451 0.0999994 19.9824
      vertex 2.72219 0.0999994 19.9636
    endloop
  endfacet
  facet normal 0 -1 0
    outer loop
      vertex 3.2882 0.0999994 19.9274
      vertex 2.72219 0.0999994 19.9636
      vertex 2.53273 0.0999994 19.9573
    endloop
  endfacet
  facet normal 0 -1 0
    outer loop
      vertex 3.21043 0.0999994 20.1147
      vertex 3.2882 0.0999994 19.9274
      vertex 3.46607 0.0999994 19.9849
    endloop
  endfacet
  facet normal -0.0675796 0 0.997714
    outer loop
      vertex 2.77556 0.0999994 23.8486
      vertex 3.02654 0 23.8656
      vertex 3.02654 0.0999994 23.8656
    endloop
  endfacet
  facet normal -0.0675796 0 0.997714
    outer loop
      vertex 3.02654 0 23.8656
      vertex 2.77556 0.0999994 23.8486
      vertex 2.77556 0 23.8486
    endloop
  endfacet
  facet normal -0.128144 0 0.991756
    outer loop
      vertex 3.02654 0.0999994 23.8656
      vertex 3.24479 0 23.8938
      vertex 3.24479 0.0999994 23.8938
    endloop
  endfacet
  facet normal -0.128144 0 0.991756
    outer loop
      vertex 3.24479 0 23.8938
      vertex 3.02654 0.0999994 23.8656
      vertex 3.02654 0 23.8656
    endloop
  endfacet
  facet normal -0.20873 0 0.977973
    outer loop
      vertex 3.24479 0.0999994 23.8938
      vertex 3.43033 0 23.9334
      vertex 3.43033 0.0999994 23.9334
    endloop
  endfacet
  facet normal -0.20873 0 0.977973
    outer loop
      vertex 3.43033 0 23.9334
      vertex 3.24479 0.0999994 23.8938
      vertex 3.24479 0 23.8938
    endloop
  endfacet
  facet normal -0.317092 0 0.948395
    outer loop
      vertex 3.43033 0.0999994 23.9334
      vertex 3.57838 0 23.9829
      vertex 3.57838 0.0999994 23.9829
    endloop
  endfacet
  facet normal -0.317092 0 0.948395
    outer loop
      vertex 3.57838 0 23.9829
      vertex 3.43033 0.0999994 23.9334
      vertex 3.43033 0 23.9334
    endloop
  endfacet
  facet normal -0.480281 0 0.877115
    outer loop
      vertex 3.57838 0.0999994 23.9829
      vertex 3.68412 0 24.0408
      vertex 3.68412 0.0999994 24.0408
    endloop
  endfacet
  facet normal -0.480281 0 0.877115
    outer loop
      vertex 3.68412 0 24.0408
      vertex 3.57838 0.0999994 23.9829
      vertex 3.57838 0 23.9829
    endloop
  endfacet
  facet normal -0.721943 0 0.691953
    outer loop
      vertex 3.68412 0 24.0408
      vertex 3.74757 0.0999994 24.107
      vertex 3.68412 0.0999994 24.0408
    endloop
  endfacet
  facet normal -0.721943 0 0.691953
    outer loop
      vertex 3.74757 0.0999994 24.107
      vertex 3.68412 0 24.0408
      vertex 3.74757 0 24.107
    endloop
  endfacet
  facet normal -0.962082 0 0.272762
    outer loop
      vertex 3.74757 0 24.107
      vertex 3.76872 0.0999994 24.1816
      vertex 3.74757 0.0999994 24.107
    endloop
  endfacet
  facet normal -0.962082 0 0.272762
    outer loop
      vertex 3.76872 0.0999994 24.1816
      vertex 3.74757 0 24.107
      vertex 3.76872 0 24.1816
    endloop
  endfacet
  facet normal -0.958304 0 -0.285751
    outer loop
      vertex 3.76872 0 24.1816
      vertex 3.74901 0.0999994 24.2477
      vertex 3.76872 0.0999994 24.1816
    endloop
  endfacet
  facet normal -0.958304 -0 -0.285751
    outer loop
      vertex 3.74901 0.0999994 24.2477
      vertex 3.76872 0 24.1816
      vertex 3.74901 0 24.2477
    endloop
  endfacet
  facet normal -0.709249 0 -0.704958
    outer loop
      vertex 3.74901 0 24.2477
      vertex 3.68987 0.0999994 24.3072
      vertex 3.74901 0.0999994 24.2477
    endloop
  endfacet
  facet normal -0.709249 -0 -0.704958
    outer loop
      vertex 3.68987 0.0999994 24.3072
      vertex 3.74901 0 24.2477
      vertex 3.68987 0 24.3072
    endloop
  endfacet
  facet normal -0.472953 0 -0.881088
    outer loop
      vertex 3.59132 0 24.3601
      vertex 3.68987 0.0999994 24.3072
      vertex 3.68987 0 24.3072
    endloop
  endfacet
  facet normal -0.472953 0 -0.881088
    outer loop
      vertex 3.68987 0.0999994 24.3072
      vertex 3.59132 0 24.3601
      vertex 3.59132 0.0999994 24.3601
    endloop
  endfacet
  facet normal -0.318741 0 -0.947842
    outer loop
      vertex 3.45334 0 24.4065
      vertex 3.59132 0.0999994 24.3601
      vertex 3.59132 0 24.3601
    endloop
  endfacet
  facet normal -0.318741 0 -0.947842
    outer loop
      vertex 3.59132 0.0999994 24.3601
      vertex 3.45334 0 24.4065
      vertex 3.45334 0.0999994 24.4065
    endloop
  endfacet
  facet normal -0.215082 0 -0.976596
    outer loop
      vertex 3.28216 0 24.4442
      vertex 3.45334 0.0999994 24.4065
      vertex 3.45334 0 24.4065
    endloop
  endfacet
  facet normal -0.215082 0 -0.976596
    outer loop
      vertex 3.45334 0.0999994 24.4065
      vertex 3.28216 0 24.4442
      vertex 3.28216 0.0999994 24.4442
    endloop
  endfacet
  facet normal -0.135013 0 -0.990844
    outer loop
      vertex 3.08401 0 24.4712
      vertex 3.28216 0.0999994 24.4442
      vertex 3.28216 0 24.4442
    endloop
  endfacet
  facet normal -0.135013 0 -0.990844
    outer loop
      vertex 3.28216 0.0999994 24.4442
      vertex 3.08401 0 24.4712
      vertex 3.08401 0.0999994 24.4712
    endloop
  endfacet
  facet normal -0.071776 0 -0.997421
    outer loop
      vertex 2.85889 0 24.4874
      vertex 3.08401 0.0999994 24.4712
      vertex 3.08401 0 24.4712
    endloop
  endfacet
  facet normal -0.071776 0 -0.997421
    outer loop
      vertex 3.08401 0.0999994 24.4712
      vertex 2.85889 0 24.4874
      vertex 2.85889 0.0999994 24.4874
    endloop
  endfacet
  facet normal -0.021416 0 -0.999771
    outer loop
      vertex 2.6068 0 24.4928
      vertex 2.85889 0.0999994 24.4874
      vertex 2.85889 0 24.4874
    endloop
  endfacet
  facet normal -0.021416 0 -0.999771
    outer loop
      vertex 2.85889 0.0999994 24.4874
      vertex 2.6068 0 24.4928
      vertex 2.6068 0.0999994 24.4928
    endloop
  endfacet
  facet normal 0.0187707 0 -0.999824
    outer loop
      vertex 2.39374 0 24.4888
      vertex 2.6068 0.0999994 24.4928
      vertex 2.6068 0 24.4928
    endloop
  endfacet
  facet normal 0.0187707 0 -0.999824
    outer loop
      vertex 2.6068 0.0999994 24.4928
      vertex 2.39374 0 24.4888
      vertex 2.39374 0.0999994 24.4888
    endloop
  endfacet
  facet normal 0.0609497 0 -0.998141
    outer loop
      vertex 2.19886 0 24.4769
      vertex 2.39374 0.0999994 24.4888
      vertex 2.39374 0 24.4888
    endloop
  endfacet
  facet normal 0.0609497 0 -0.998141
    outer loop
      vertex 2.39374 0.0999994 24.4888
      vertex 2.19886 0 24.4769
      vertex 2.19886 0.0999994 24.4769
    endloop
  endfacet
  facet normal 0.111919 0 -0.993717
    outer loop
      vertex 2.02217 0 24.457
      vertex 2.19886 0.0999994 24.4769
      vertex 2.19886 0 24.4769
    endloop
  endfacet
  facet normal 0.111919 0 -0.993717
    outer loop
      vertex 2.19886 0.0999994 24.4769
      vertex 2.02217 0 24.457
      vertex 2.02217 0.0999994 24.457
    endloop
  endfacet
  facet normal 0.17336 0 -0.984859
    outer loop
      vertex 1.86367 0 24.4291
      vertex 2.02217 0.0999994 24.457
      vertex 2.02217 0 24.457
    endloop
  endfacet
  facet normal 0.17336 0 -0.984859
    outer loop
      vertex 2.02217 0.0999994 24.457
      vertex 1.86367 0 24.4291
      vertex 1.86367 0.0999994 24.4291
    endloop
  endfacet
  facet normal -0.97702 0 0.213146
    outer loop
      vertex 1.86367 0 24.4291
      vertex 1.93263 0.0999994 24.7452
      vertex 1.86367 0.0999994 24.4291
    endloop
  endfacet
  facet normal -0.97702 0 0.213146
    outer loop
      vertex 1.93263 0.0999994 24.7452
      vertex 1.86367 0 24.4291
      vertex 1.93263 0 24.7452
    endloop
  endfacet
  facet normal -0 0 1
    outer loop
      vertex 1.93263 0.0999994 24.7452
      vertex 3.5593 0 24.7452
      vertex 3.5593 0.0999994 24.7452
    endloop
  endfacet
  facet normal 0 0 1
    outer loop
      vertex 3.5593 0 24.7452
      vertex 1.93263 0.0999994 24.7452
      vertex 1.93263 0 24.7452
    endloop
  endfacet
  facet normal -1 0 0
    outer loop
      vertex 3.5593 0 24.7452
      vertex 3.5593 0.0999994 24.8534
      vertex 3.5593 0.0999994 24.7452
    endloop
  endfacet
  facet normal -1 -0 0
    outer loop
      vertex 3.5593 0.0999994 24.8534
      vertex 3.5593 0 24.7452
      vertex 3.5593 0 24.8534
    endloop
  endfacet
  facet normal 0 0 -1
    outer loop
      vertex 1.51384 0 24.8534
      vertex 3.5593 0.0999994 24.8534
      vertex 3.5593 0 24.8534
    endloop
  endfacet
  facet normal -0 0 -1
    outer loop
      vertex 3.5593 0.0999994 24.8534
      vertex 1.51384 0 24.8534
      vertex 1.51384 0.0999994 24.8534
    endloop
  endfacet
  facet normal 0.975835 0 -0.218507
    outer loop
      vertex 1.51384 0 24.8534
      vertex 1.39382 0.0999994 24.3174
      vertex 1.51384 0.0999994 24.8534
    endloop
  endfacet
  facet normal 0.975835 0 -0.218507
    outer loop
      vertex 1.39382 0.0999994 24.3174
      vertex 1.51384 0 24.8534
      vertex 1.39382 0 24.3174
    endloop
  endfacet
  facet normal -0 0 1
    outer loop
      vertex 1.39382 0.0999994 24.3174
      vertex 1.84326 0 24.3174
      vertex 1.84326 0.0999994 24.3174
    endloop
  endfacet
  facet normal 0 0 1
    outer loop
      vertex 1.84326 0 24.3174
      vertex 1.39382 0.0999994 24.3174
      vertex 1.39382 0 24.3174
    endloop
  endfacet
  facet normal -0.218369 0 0.975866
    outer loop
      vertex 1.84326 0.0999994 24.3174
      vertex 1.9237 0 24.3354
      vertex 1.9237 0.0999994 24.3354
    endloop
  endfacet
  facet normal -0.218369 0 0.975866
    outer loop
      vertex 1.9237 0 24.3354
      vertex 1.84326 0.0999994 24.3174
      vertex 1.84326 0 24.3174
    endloop
  endfacet
  facet normal -0.185675 0 0.982611
    outer loop
      vertex 1.9237 0.0999994 24.3354
      vertex 2.00414 0 24.3506
      vertex 2.00414 0.0999994 24.3506
    endloop
  endfacet
  facet normal -0.185675 0 0.982611
    outer loop
      vertex 2.00414 0 24.3506
      vertex 1.9237 0.0999994 24.3354
      vertex 1.9237 0 24.3354
    endloop
  endfacet
  facet normal -0.152371 0 0.988323
    outer loop
      vertex 2.00414 0.0999994 24.3506
      vertex 2.08457 0 24.363
      vertex 2.08457 0.0999994 24.363
    endloop
  endfacet
  facet normal -0.152371 0 0.988323
    outer loop
      vertex 2.08457 0 24.363
      vertex 2.00414 0.0999994 24.3506
      vertex 2.00414 0 24.3506
    endloop
  endfacet
  facet normal -0.118503 0 0.992954
    outer loop
      vertex 2.08457 0.0999994 24.363
      vertex 2.16501 0 24.3726
      vertex 2.16501 0.0999994 24.3726
    endloop
  endfacet
  facet normal -0.118503 0 0.992954
    outer loop
      vertex 2.16501 0 24.3726
      vertex 2.08457 0.0999994 24.363
      vertex 2.08457 0 24.363
    endloop
  endfacet
  facet normal -0.0862104 0 0.996277
    outer loop
      vertex 2.16501 0.0999994 24.3726
      vertex 2.24706 0 24.3797
      vertex 2.24706 0.0999994 24.3797
    endloop
  endfacet
  facet normal -0.0862104 0 0.996277
    outer loop
      vertex 2.24706 0 24.3797
      vertex 2.16501 0.0999994 24.3726
      vertex 2.16501 0 24.3726
    endloop
  endfacet
  facet normal -0.0597312 0 0.998214
    outer loop
      vertex 2.24706 0.0999994 24.3797
      vertex 2.33229 0 24.3848
      vertex 2.33229 0.0999994 24.3848
    endloop
  endfacet
  facet normal -0.0597312 0 0.998214
    outer loop
      vertex 2.33229 0 24.3848
      vertex 2.24706 0.0999994 24.3797
      vertex 2.24706 0 24.3797
    endloop
  endfacet
  facet normal -0.0339056 0 0.999425
    outer loop
      vertex 2.33229 0.0999994 24.3848
      vertex 2.42072 0 24.3878
      vertex 2.42072 0.0999994 24.3878
    endloop
  endfacet
  facet normal -0.0339056 0 0.999425
    outer loop
      vertex 2.42072 0 24.3878
      vertex 2.33229 0.0999994 24.3848
      vertex 2.33229 0 24.3848
    endloop
  endfacet
  facet normal -0.0109164 0 0.99994
    outer loop
      vertex 2.42072 0.0999994 24.3878
      vertex 2.51232 0 24.3888
      vertex 2.51232 0.0999994 24.3888
    endloop
  endfacet
  facet normal -0.0109164 0 0.99994
    outer loop
      vertex 2.51232 0 24.3888
      vertex 2.42072 0.0999994 24.3878
      vertex 2.42072 0 24.3878
    endloop
  endfacet
  facet normal 0.0212241 0 0.999775
    outer loop
      vertex 2.51232 0.0999994 24.3888
      vertex 2.6819 0 24.3852
      vertex 2.6819 0.0999994 24.3852
    endloop
  endfacet
  facet normal 0.0212241 0 0.999775
    outer loop
      vertex 2.6819 0 24.3852
      vertex 2.51232 0.0999994 24.3888
      vertex 2.51232 0 24.3888
    endloop
  endfacet
  facet normal 0.0718939 0 0.997412
    outer loop
      vertex 2.6819 0.0999994 24.3852
      vertex 2.83312 0 24.3743
      vertex 2.83312 0.0999994 24.3743
    endloop
  endfacet
  facet normal 0.0718939 0 0.997412
    outer loop
      vertex 2.83312 0 24.3743
      vertex 2.6819 0.0999994 24.3852
      vertex 2.6819 0 24.3852
    endloop
  endfacet
  facet normal 0.134977 0 0.990849
    outer loop
      vertex 2.83312 0.0999994 24.3743
      vertex 2.96599 0 24.3562
      vertex 2.96599 0.0999994 24.3562
    endloop
  endfacet
  facet normal 0.134977 0 0.990849
    outer loop
      vertex 2.96599 0 24.3562
      vertex 2.83312 0.0999994 24.3743
      vertex 2.83312 0 24.3743
    endloop
  endfacet
  facet normal 0.216569 0 0.976267
    outer loop
      vertex 2.96599 0.0999994 24.3562
      vertex 3.08049 0 24.3308
      vertex 3.08049 0.0999994 24.3308
    endloop
  endfacet
  facet normal 0.216569 0 0.976267
    outer loop
      vertex 3.08049 0 24.3308
      vertex 2.96599 0.0999994 24.3562
      vertex 2.96599 0 24.3562
    endloop
  endfacet
  facet normal 0.320602 0 0.947214
    outer loop
      vertex 3.08049 0.0999994 24.3308
      vertex 3.17267 0 24.2996
      vertex 3.17267 0.0999994 24.2996
    endloop
  endfacet
  facet normal 0.320602 0 0.947214
    outer loop
      vertex 3.17267 0 24.2996
      vertex 3.08049 0.0999994 24.3308
      vertex 3.08049 0 24.3308
    endloop
  endfacet
  facet normal 0.477692 0 0.878527
    outer loop
      vertex 3.17267 0.0999994 24.2996
      vertex 3.23851 0 24.2638
      vertex 3.23851 0.0999994 24.2638
    endloop
  endfacet
  facet normal 0.477692 0 0.878527
    outer loop
      vertex 3.23851 0 24.2638
      vertex 3.17267 0.0999994 24.2996
      vertex 3.17267 0 24.2996
    endloop
  endfacet
  facet normal 0.713201 -0 0.70096
    outer loop
      vertex 3.23851 0 24.2638
      vertex 3.27802 0.0999994 24.2236
      vertex 3.23851 0.0999994 24.2638
    endloop
  endfacet
  facet normal 0.713201 0 0.70096
    outer loop
      vertex 3.27802 0.0999994 24.2236
      vertex 3.23851 0 24.2638
      vertex 3.27802 0 24.2236
    endloop
  endfacet
  facet normal 0.959403 -0 0.282039
    outer loop
      vertex 3.27802 0 24.2236
      vertex 3.29119 0.0999994 24.1788
      vertex 3.27802 0.0999994 24.2236
    endloop
  endfacet
  facet normal 0.959403 0 0.282039
    outer loop
      vertex 3.29119 0.0999994 24.1788
      vertex 3.27802 0 24.2236
      vertex 3.29119 0 24.1788
    endloop
  endfacet
  facet normal 0.968838 0 -0.247697
    outer loop
      vertex 3.29119 0 24.1788
      vertex 3.2781 0.0999994 24.1276
      vertex 3.29119 0.0999994 24.1788
    endloop
  endfacet
  facet normal 0.968838 0 -0.247697
    outer loop
      vertex 3.2781 0.0999994 24.1276
      vertex 3.29119 0 24.1788
      vertex 3.2781 0 24.1276
    endloop
  endfacet
  facet normal 0.756403 0 -0.654106
    outer loop
      vertex 3.2781 0 24.1276
      vertex 3.23884 0.0999994 24.0822
      vertex 3.2781 0.0999994 24.1276
    endloop
  endfacet
  facet normal 0.756403 0 -0.654106
    outer loop
      vertex 3.23884 0.0999994 24.0822
      vertex 3.2781 0 24.1276
      vertex 3.23884 0 24.0822
    endloop
  endfacet
  facet normal 0.517664 0 -0.855584
    outer loop
      vertex 3.17339 0 24.0426
      vertex 3.23884 0.0999994 24.0822
      vertex 3.23884 0 24.0822
    endloop
  endfacet
  facet normal 0.517664 0 -0.855584
    outer loop
      vertex 3.23884 0.0999994 24.0822
      vertex 3.17339 0 24.0426
      vertex 3.17339 0.0999994 24.0426
    endloop
  endfacet
  facet normal 0.347014 0 -0.93786
    outer loop
      vertex 3.08177 0 24.0087
      vertex 3.17339 0.0999994 24.0426
      vertex 3.17339 0 24.0426
    endloop
  endfacet
  facet normal 0.347014 0 -0.93786
    outer loop
      vertex 3.17339 0.0999994 24.0426
      vertex 3.08177 0 24.0087
      vertex 3.08177 0.0999994 24.0087
    endloop
  endfacet
  facet normal 0.229039 0 -0.973417
    outer loop
      vertex 2.96702 0 23.9817
      vertex 3.08177 0.0999994 24.0087
      vertex 3.08177 0 24.0087
    endloop
  endfacet
  facet normal 0.229039 0 -0.973417
    outer loop
      vertex 3.08177 0.0999994 24.0087
      vertex 2.96702 0 23.9817
      vertex 2.96702 0.0999994 23.9817
    endloop
  endfacet
  facet normal 0.142377 0 -0.989813
    outer loop
      vertex 2.83215 0 23.9623
      vertex 2.96702 0.0999994 23.9817
      vertex 2.96702 0 23.9817
    endloop
  endfacet
  facet normal 0.142377 0 -0.989813
    outer loop
      vertex 2.96702 0.0999994 23.9817
      vertex 2.83215 0 23.9623
      vertex 2.83215 0.0999994 23.9623
    endloop
  endfacet
  facet normal 0.0746492 0 -0.99721
    outer loop
      vertex 2.67719 0 23.9507
      vertex 2.83215 0.0999994 23.9623
      vertex 2.83215 0 23.9623
    endloop
  endfacet
  facet normal 0.0746492 0 -0.99721
    outer loop
      vertex 2.83215 0.0999994 23.9623
      vertex 2.67719 0 23.9507
      vertex 2.67719 0.0999994 23.9507
    endloop
  endfacet
  facet normal 0.0216993 0 -0.999765
    outer loop
      vertex 2.50211 0 23.9469
      vertex 2.67719 0.0999994 23.9507
      vertex 2.67719 0 23.9507
    endloop
  endfacet
  facet normal 0.0216993 0 -0.999765
    outer loop
      vertex 2.67719 0.0999994 23.9507
      vertex 2.50211 0 23.9469
      vertex 2.50211 0.0999994 23.9469
    endloop
  endfacet
  facet normal -0.0337101 0 -0.999432
    outer loop
      vertex 2.22935 0 23.9561
      vertex 2.50211 0.0999994 23.9469
      vertex 2.50211 0 23.9469
    endloop
  endfacet
  facet normal -0.0337101 0 -0.999432
    outer loop
      vertex 2.50211 0.0999994 23.9469
      vertex 2.22935 0 23.9561
      vertex 2.22935 0.0999994 23.9561
    endloop
  endfacet
  facet normal -0.12742 0 -0.991849
    outer loop
      vertex 2.01373 0 23.9838
      vertex 2.22935 0.0999994 23.9561
      vertex 2.22935 0 23.9561
    endloop
  endfacet
  facet normal -0.12742 0 -0.991849
    outer loop
      vertex 2.22935 0.0999994 23.9561
      vertex 2.01373 0 23.9838
      vertex 2.01373 0.0999994 23.9838
    endloop
  endfacet
  facet normal -0.279853 0 -0.960043
    outer loop
      vertex 1.85524 0 24.03
      vertex 2.01373 0.0999994 23.9838
      vertex 2.01373 0 23.9838
    endloop
  endfacet
  facet normal -0.279853 0 -0.960043
    outer loop
      vertex 2.01373 0.0999994 23.9838
      vertex 1.85524 0 24.03
      vertex 1.85524 0.0999994 24.03
    endloop
  endfacet
  facet normal -0.538123 0 -0.842866
    outer loop
      vertex 1.7539 0 24.0947
      vertex 1.85524 0.0999994 24.03
      vertex 1.85524 0 24.03
    endloop
  endfacet
  facet normal -0.538123 0 -0.842866
    outer loop
      vertex 1.85524 0.0999994 24.03
      vertex 1.7539 0 24.0947
      vertex 1.7539 0.0999994 24.0947
    endloop
  endfacet
  facet normal 0.0320431 0 -0.999486
    outer loop
      vertex 1.28914 0 24.0798
      vertex 1.7539 0.0999994 24.0947
      vertex 1.7539 0 24.0947
    endloop
  endfacet
  facet normal 0.0320431 0 -0.999486
    outer loop
      vertex 1.7539 0.0999994 24.0947
      vertex 1.28914 0 24.0798
      vertex 1.28914 0.0999994 24.0798
    endloop
  endfacet
  facet normal 0.701584 0 0.712587
    outer loop
      vertex 1.28914 0.0999994 24.0798
      vertex 1.34419 0 24.0256
      vertex 1.34419 0.0999994 24.0256
    endloop
  endfacet
  facet normal 0.701584 0 0.712587
    outer loop
      vertex 1.34419 0 24.0256
      vertex 1.28914 0.0999994 24.0798
      vertex 1.28914 0 24.0798
    endloop
  endfacet
  facet normal 0.493759 0 0.869599
    outer loop
      vertex 1.34419 0.0999994 24.0256
      vertex 1.42767 0 23.9782
      vertex 1.42767 0.0999994 23.9782
    endloop
  endfacet
  facet normal 0.493759 0 0.869599
    outer loop
      vertex 1.42767 0 23.9782
      vertex 1.34419 0.0999994 24.0256
      vertex 1.34419 0 24.0256
    endloop
  endfacet
  facet normal 0.341149 0 0.940009
    outer loop
      vertex 1.42767 0.0999994 23.9782
      vertex 1.53954 0 23.9376
      vertex 1.53954 0.0999994 23.9376
    endloop
  endfacet
  facet normal 0.341149 0 0.940009
    outer loop
      vertex 1.53954 0 23.9376
      vertex 1.42767 0.0999994 23.9782
      vertex 1.42767 0 23.9782
    endloop
  endfacet
  facet normal 0.234882 0 0.972024
    outer loop
      vertex 1.53954 0.0999994 23.9376
      vertex 1.67983 0 23.9037
      vertex 1.67983 0.0999994 23.9037
    endloop
  endfacet
  facet normal 0.234882 0 0.972024
    outer loop
      vertex 1.67983 0 23.9037
      vertex 1.53954 0.0999994 23.9376
      vertex 1.53954 0 23.9376
    endloop
  endfacet
  facet normal 0.157648 0 0.987495
    outer loop
      vertex 1.67983 0.0999994 23.9037
      vertex 1.84645 0 23.8771
      vertex 1.84645 0.0999994 23.8771
    endloop
  endfacet
  facet normal 0.157648 0 0.987495
    outer loop
      vertex 1.84645 0 23.8771
      vertex 1.67983 0.0999994 23.9037
      vertex 1.67983 0 23.9037
    endloop
  endfacet
  facet normal 0.0990495 0 0.995083
    outer loop
      vertex 1.84645 0.0999994 23.8771
      vertex 2.03733 0 23.8581
      vertex 2.03733 0.0999994 23.8581
    endloop
  endfacet
  facet normal 0.0990495 0 0.995083
    outer loop
      vertex 2.03733 0 23.8581
      vertex 1.84645 0.0999994 23.8771
      vertex 1.84645 0 23.8771
    endloop
  endfacet
  facet normal 0.0529145 0 0.998599
    outer loop
      vertex 2.03733 0.0999994 23.8581
      vertex 2.25247 0 23.8467
      vertex 2.25247 0.0999994 23.8467
    endloop
  endfacet
  facet normal 0.0529145 0 0.998599
    outer loop
      vertex 2.25247 0 23.8467
      vertex 2.03733 0.0999994 23.8581
      vertex 2.03733 0 23.8581
    endloop
  endfacet
  facet normal 0.015871 0 0.999874
    outer loop
      vertex 2.25247 0.0999994 23.8467
      vertex 2.49187 0 23.8429
      vertex 2.49187 0.0999994 23.8429
    endloop
  endfacet
  facet normal 0.015871 0 0.999874
    outer loop
      vertex 2.49187 0 23.8429
      vertex 2.25247 0.0999994 23.8467
      vertex 2.25247 0 23.8467
    endloop
  endfacet
  facet normal -0.0200883 0 0.999798
    outer loop
      vertex 2.49187 0.0999994 23.8429
      vertex 2.77556 0 23.8486
      vertex 2.77556 0.0999994 23.8486
    endloop
  endfacet
  facet normal -0.0200883 0 0.999798
    outer loop
      vertex 2.77556 0 23.8486
      vertex 2.49187 0.0999994 23.8429
      vertex 2.49187 0 23.8429
    endloop
  endfacet
  facet normal 0 0 -1
    outer loop
      vertex 2.268 0 23.0886
      vertex 2.76594 0.0999994 23.0886
      vertex 2.76594 0 23.0886
    endloop
  endfacet
  facet normal -0 0 -1
    outer loop
      vertex 2.76594 0.0999994 23.0886
      vertex 2.268 0 23.0886
      vertex 2.268 0.0999994 23.0886
    endloop
  endfacet
  facet normal 1 -0 0
    outer loop
      vertex 2.268 0 23.0886
      vertex 2.268 0.0999994 22.9338
      vertex 2.268 0.0999994 23.0886
    endloop
  endfacet
  facet normal 1 0 0
    outer loop
      vertex 2.268 0.0999994 22.9338
      vertex 2.268 0 23.0886
      vertex 2.268 0 22.9338
    endloop
  endfacet
  facet normal -0 0 1
    outer loop
      vertex 2.268 0.0999994 22.9338
      vertex 2.76594 0 22.9338
      vertex 2.76594 0.0999994 22.9338
    endloop
  endfacet
  facet normal 0 0 1
    outer loop
      vertex 2.76594 0 22.9338
      vertex 2.268 0.0999994 22.9338
      vertex 2.268 0 22.9338
    endloop
  endfacet
  facet normal -1 0 0
    outer loop
      vertex 2.76594 0 22.9338
      vertex 2.76594 0.0999994 23.0886
      vertex 2.76594 0.0999994 22.9338
    endloop
  endfacet
  facet normal -1 -0 0
    outer loop
      vertex 2.76594 0.0999994 23.0886
      vertex 2.76594 0 22.9338
      vertex 2.76594 0 23.0886
    endloop
  endfacet
  facet normal -0.0969691 0 0.995287
    outer loop
      vertex 2.81899 0.0999994 21.1889
      vertex 3.07251 0 21.2136
      vertex 3.07251 0.0999994 21.2136
    endloop
  endfacet
  facet normal -0.0969691 0 0.995287
    outer loop
      vertex 3.07251 0 21.2136
      vertex 2.81899 0.0999994 21.1889
      vertex 2.81899 0 21.1889
    endloop
  endfacet
  facet normal -0.187183 0 0.982325
    outer loop
      vertex 3.07251 0.0999994 21.2136
      vertex 3.2882 0 21.2547
      vertex 3.2882 0.0999994 21.2547
    endloop
  endfacet
  facet normal -0.187183 0 0.982325
    outer loop
      vertex 3.2882 0 21.2547
      vertex 3.07251 0.0999994 21.2136
      vertex 3.07251 0 21.2136
    endloop
  endfacet
  facet normal -0.307597 0 0.951517
    outer loop
      vertex 3.2882 0.0999994 21.2547
      vertex 3.46607 0 21.3122
      vertex 3.46607 0.0999994 21.3122
    endloop
  endfacet
  facet normal -0.307597 0 0.951517
    outer loop
      vertex 3.46607 0 21.3122
      vertex 3.2882 0.0999994 21.2547
      vertex 3.2882 0 21.2547
    endloop
  endfacet
  facet normal -0.465694 0 0.884946
    outer loop
      vertex 3.46607 0.0999994 21.3122
      vertex 3.60517 0 21.3854
      vertex 3.60517 0.0999994 21.3854
    endloop
  endfacet
  facet normal -0.465694 0 0.884946
    outer loop
      vertex 3.60517 0 21.3854
      vertex 3.46607 0.0999994 21.3122
      vertex 3.46607 0 21.3122
    endloop
  endfacet
  facet normal -0.662631 0 0.748946
    outer loop
      vertex 3.60517 0.0999994 21.3854
      vertex 3.70452 0 21.4733
      vertex 3.70452 0.0999994 21.4733
    endloop
  endfacet
  facet normal -0.662631 0 0.748946
    outer loop
      vertex 3.70452 0 21.4733
      vertex 3.60517 0.0999994 21.3854
      vertex 3.60517 0 21.3854
    endloop
  endfacet
  facet normal -0.864621 0 0.502424
    outer loop
      vertex 3.70452 0 21.4733
      vertex 3.76414 0.0999994 21.5759
      vertex 3.70452 0.0999994 21.4733
    endloop
  endfacet
  facet normal -0.864621 0 0.502424
    outer loop
      vertex 3.76414 0.0999994 21.5759
      vertex 3.70452 0 21.4733
      vertex 3.76414 0 21.5759
    endloop
  endfacet
  facet normal -0.986001 0 0.166739
    outer loop
      vertex 3.76414 0 21.5759
      vertex 3.78401 0.0999994 21.6934
      vertex 3.76414 0.0999994 21.5759
    endloop
  endfacet
  facet normal -0.986001 0 0.166739
    outer loop
      vertex 3.78401 0.0999994 21.6934
      vertex 3.76414 0 21.5759
      vertex 3.78401 0 21.6934
    endloop
  endfacet
  facet normal -0.987616 0 -0.156891
    outer loop
      vertex 3.78401 0 21.6934
      vertex 3.76509 0.0999994 21.8125
      vertex 3.78401 0.0999994 21.6934
    endloop
  endfacet
  facet normal -0.987616 -0 -0.156891
    outer loop
      vertex 3.76509 0.0999994 21.8125
      vertex 3.78401 0 21.6934
      vertex 3.76509 0 21.8125
    endloop
  endfacet
  facet normal -0.877108 0 -0.480293
    outer loop
      vertex 3.76509 0 21.8125
      vertex 3.70836 0.0999994 21.9161
      vertex 3.76509 0.0999994 21.8125
    endloop
  endfacet
  facet normal -0.877108 -0 -0.480293
    outer loop
      vertex 3.70836 0.0999994 21.9161
      vertex 3.76509 0 21.8125
      vertex 3.70836 0 21.9161
    endloop
  endfacet
  facet normal -0.681634 0 -0.731693
    outer loop
      vertex 3.61379 0 22.0042
      vertex 3.70836 0.0999994 21.9161
      vertex 3.70836 0 21.9161
    endloop
  endfacet
  facet normal -0.681634 0 -0.731693
    outer loop
      vertex 3.70836 0.0999994 21.9161
      vertex 3.61379 0 22.0042
      vertex 3.61379 0.0999994 22.0042
    endloop
  endfacet
  facet normal -0.47978 0 -0.877389
    outer loop
      vertex 3.48139 0 22.0766
      vertex 3.61379 0.0999994 22.0042
      vertex 3.61379 0 22.0042
    endloop
  endfacet
  facet normal -0.47978 0 -0.877389
    outer loop
      vertex 3.61379 0.0999994 22.0042
      vertex 3.48139 0 22.0766
      vertex 3.48139 0.0999994 22.0766
    endloop
  endfacet
  facet normal -0.3124 0 -0.949951
    outer loop
      vertex 3.30928 0 22.1332
      vertex 3.48139 0.0999994 22.0766
      vertex 3.48139 0 22.0766
    endloop
  endfacet
  facet normal -0.3124 0 -0.949951
    outer loop
      vertex 3.48139 0.0999994 22.0766
      vertex 3.30928 0 22.1332
      vertex 3.30928 0.0999994 22.1332
    endloop
  endfacet
  facet normal -0.186136 0 -0.982524
    outer loop
      vertex 3.0955 0 22.1737
      vertex 3.30928 0.0999994 22.1332
      vertex 3.30928 0 22.1332
    endloop
  endfacet
  facet normal -0.186136 0 -0.982524
    outer loop
      vertex 3.30928 0.0999994 22.1332
      vertex 3.0955 0 22.1737
      vertex 3.0955 0.0999994 22.1737
    endloop
  endfacet
  facet normal -0.0943162 0 -0.995542
    outer loop
      vertex 2.84006 0 22.1979
      vertex 3.0955 0.0999994 22.1737
      vertex 3.0955 0 22.1737
    endloop
  endfacet
  facet normal -0.0943162 0 -0.995542
    outer loop
      vertex 3.0955 0.0999994 22.1737
      vertex 2.84006 0 22.1979
      vertex 2.84006 0.0999994 22.1979
    endloop
  endfacet
  facet normal -0.0272543 0 -0.999629
    outer loop
      vertex 2.54297 0 22.206
      vertex 2.84006 0.0999994 22.1979
      vertex 2.84006 0 22.1979
    endloop
  endfacet
  facet normal -0.0272543 0 -0.999629
    outer loop
      vertex 2.84006 0.0999994 22.1979
      vertex 2.54297 0 22.206
      vertex 2.54297 0.0999994 22.206
    endloop
  endfacet
  facet normal 0.0262274 0 -0.999656
    outer loop
      vertex 2.23805 0 22.198
      vertex 2.54297 0.0999994 22.206
      vertex 2.54297 0 22.206
    endloop
  endfacet
  facet normal 0.0262274 0 -0.999656
    outer loop
      vertex 2.54297 0.0999994 22.206
      vertex 2.23805 0 22.198
      vertex 2.23805 0.0999994 22.198
    endloop
  endfacet
  facet normal 0.0915573 0 -0.9958
    outer loop
      vertex 1.97702 0 22.174
      vertex 2.23805 0.0999994 22.198
      vertex 2.23805 0 22.198
    endloop
  endfacet
  facet normal 0.0915573 0 -0.9958
    outer loop
      vertex 2.23805 0.0999994 22.198
      vertex 1.97702 0 22.174
      vertex 1.97702 0.0999994 22.174
    endloop
  endfacet
  facet normal 0.181165 0 -0.983453
    outer loop
      vertex 1.75988 0 22.134
      vertex 1.97702 0.0999994 22.174
      vertex 1.97702 0 22.174
    endloop
  endfacet
  facet normal 0.181165 0 -0.983453
    outer loop
      vertex 1.97702 0.0999994 22.174
      vertex 1.75988 0 22.134
      vertex 1.75988 0.0999994 22.134
    endloop
  endfacet
  facet normal 0.307564 0 -0.951527
    outer loop
      vertex 1.58663 0 22.078
      vertex 1.75988 0.0999994 22.134
      vertex 1.75988 0 22.134
    endloop
  endfacet
  facet normal 0.307564 0 -0.951527
    outer loop
      vertex 1.75988 0.0999994 22.134
      vertex 1.58663 0 22.078
      vertex 1.58663 0.0999994 22.078
    endloop
  endfacet
  facet normal 0.477736 0 -0.878503
    outer loop
      vertex 1.45423 0 22.006
      vertex 1.58663 0.0999994 22.078
      vertex 1.58663 0 22.078
    endloop
  endfacet
  facet normal 0.477736 0 -0.878503
    outer loop
      vertex 1.58663 0.0999994 22.078
      vertex 1.45423 0 22.006
      vertex 1.45423 0.0999994 22.006
    endloop
  endfacet
  facet normal 0.681673 0 -0.731657
    outer loop
      vertex 1.35967 0 21.9179
      vertex 1.45423 0.0999994 22.006
      vertex 1.45423 0 22.006
    endloop
  endfacet
  facet normal 0.681673 0 -0.731657
    outer loop
      vertex 1.45423 0.0999994 22.006
      vertex 1.35967 0 21.9179
      vertex 1.35967 0.0999994 21.9179
    endloop
  endfacet
  facet normal 0.878237 0 -0.478226
    outer loop
      vertex 1.35967 0 21.9179
      vertex 1.30293 0.0999994 21.8137
      vertex 1.35967 0.0999994 21.9179
    endloop
  endfacet
  facet normal 0.878237 0 -0.478226
    outer loop
      vertex 1.30293 0.0999994 21.8137
      vertex 1.35967 0 21.9179
      vertex 1.30293 0 21.8137
    endloop
  endfacet
  facet normal 0.987857 0 -0.155364
    outer loop
      vertex 1.30293 0 21.8137
      vertex 1.28401 0.0999994 21.6934
      vertex 1.30293 0.0999994 21.8137
    endloop
  endfacet
  facet normal 0.987857 0 -0.155364
    outer loop
      vertex 1.28401 0.0999994 21.6934
      vertex 1.30293 0 21.8137
      vertex 1.28401 0 21.6934
    endloop
  endfacet
  facet normal 0.986659 -0 0.162799
    outer loop
      vertex 1.28401 0 21.6934
      vertex 1.30348 0.0999994 21.5754
      vertex 1.28401 0.0999994 21.6934
    endloop
  endfacet
  facet normal 0.986659 0 0.162799
    outer loop
      vertex 1.30348 0.0999994 21.5754
      vertex 1.28401 0 21.6934
      vertex 1.30348 0 21.5754
    endloop
  endfacet
  facet normal 0.869829 -0 0.493353
    outer loop
      vertex 1.30348 0 21.5754
      vertex 1.3619 0.0999994 21.4724
      vertex 1.30348 0.0999994 21.5754
    endloop
  endfacet
  facet normal 0.869829 0 0.493353
    outer loop
      vertex 1.3619 0.0999994 21.4724
      vertex 1.30348 0 21.5754
      vertex 1.3619 0 21.4724
    endloop
  endfacet
  facet normal 0.670584 0 0.741834
    outer loop
      vertex 1.3619 0.0999994 21.4724
      vertex 1.45925 0 21.3844
      vertex 1.45925 0.0999994 21.3844
    endloop
  endfacet
  facet normal 0.670584 0 0.741834
    outer loop
      vertex 1.45925 0 21.3844
      vertex 1.3619 0.0999994 21.4724
      vertex 1.3619 0 21.4724
    endloop
  endfacet
  facet normal 0.471629 0 0.881797
    outer loop
      vertex 1.45925 0.0999994 21.3844
      vertex 1.59555 0 21.3115
      vertex 1.59555 0.0999994 21.3115
    endloop
  endfacet
  facet normal 0.471629 0 0.881797
    outer loop
      vertex 1.59555 0 21.3115
      vertex 1.45925 0.0999994 21.3844
      vertex 1.45925 0 21.3844
    endloop
  endfacet
  facet normal 0.310554 0 0.950556
    outer loop
      vertex 1.59555 0.0999994 21.3115
      vertex 1.77063 0 21.2543
      vertex 1.77063 0.0999994 21.2543
    endloop
  endfacet
  facet normal 0.310554 0 0.950556
    outer loop
      vertex 1.77063 0 21.2543
      vertex 1.59555 0.0999994 21.3115
      vertex 1.59555 0 21.3115
    endloop
  endfacet
  facet normal 0.187961 0 0.982176
    outer loop
      vertex 1.77063 0.0999994 21.2543
      vertex 1.98435 0 21.2134
      vertex 1.98435 0.0999994 21.2134
    endloop
  endfacet
  facet normal 0.187961 0 0.982176
    outer loop
      vertex 1.98435 0 21.2134
      vertex 1.77063 0.0999994 21.2543
      vertex 1.77063 0 21.2543
    endloop
  endfacet
  facet normal 0.0966368 0 0.99532
    outer loop
      vertex 1.98435 0.0999994 21.2134
      vertex 2.23669 0 21.1889
      vertex 2.23669 0.0999994 21.1889
    endloop
  endfacet
  facet normal 0.0966368 0 0.99532
    outer loop
      vertex 2.23669 0 21.1889
      vertex 1.98435 0.0999994 21.2134
      vertex 1.98435 0 21.2134
    endloop
  endfacet
  facet normal 0.0281724 0 0.999603
    outer loop
      vertex 2.23669 0.0999994 21.1889
      vertex 2.52764 0 21.1807
      vertex 2.52764 0.0999994 21.1807
    endloop
  endfacet
  facet normal 0.0281724 0 0.999603
    outer loop
      vertex 2.52764 0 21.1807
      vertex 2.23669 0.0999994 21.1889
      vertex 2.23669 0 21.1889
    endloop
  endfacet
  facet normal -0.0281337 0 0.999604
    outer loop
      vertex 2.52764 0.0999994 21.1807
      vertex 2.81899 0 21.1889
      vertex 2.81899 0.0999994 21.1889
    endloop
  endfacet
  facet normal -0.0281337 0 0.999604
    outer loop
      vertex 2.81899 0 21.1889
      vertex 2.52764 0.0999994 21.1807
      vertex 2.52764 0 21.1807
    endloop
  endfacet
  facet normal -0.112253 0 -0.99368
    outer loop
      vertex 2.17937 0 21.3092
      vertex 2.34225 0.0999994 21.2908
      vertex 2.34225 0 21.2908
    endloop
  endfacet
  facet normal -0.112253 0 -0.99368
    outer loop
      vertex 2.34225 0.0999994 21.2908
      vertex 2.17937 0 21.3092
      vertex 2.17937 0.0999994 21.3092
    endloop
  endfacet
  facet normal -0.221341 0 -0.975197
    outer loop
      vertex 2.04411 0 21.3399
      vertex 2.17937 0.0999994 21.3092
      vertex 2.17937 0 21.3092
    endloop
  endfacet
  facet normal -0.221341 0 -0.975197
    outer loop
      vertex 2.17937 0.0999994 21.3092
      vertex 2.04411 0 21.3399
      vertex 2.04411 0.0999994 21.3399
    endloop
  endfacet
  facet normal -0.370974 0 -0.928643
    outer loop
      vertex 1.93647 0 21.3829
      vertex 2.04411 0.0999994 21.3399
      vertex 2.04411 0 21.3399
    endloop
  endfacet
  facet normal -0.370974 0 -0.928643
    outer loop
      vertex 2.04411 0.0999994 21.3399
      vertex 1.93647 0 21.3829
      vertex 1.93647 0.0999994 21.3829
    endloop
  endfacet
  facet normal -0.565454 0 -0.82478
    outer loop
      vertex 1.85435 0 21.4392
      vertex 1.93647 0.0999994 21.3829
      vertex 1.93647 0 21.3829
    endloop
  endfacet
  facet normal -0.565454 0 -0.82478
    outer loop
      vertex 1.93647 0.0999994 21.3829
      vertex 1.85435 0 21.4392
      vertex 1.85435 0.0999994 21.4392
    endloop
  endfacet
  facet normal -0.768757 0 -0.639541
    outer loop
      vertex 1.85435 0 21.4392
      vertex 1.7957 0.0999994 21.5097
      vertex 1.85435 0.0999994 21.4392
    endloop
  endfacet
  facet normal -0.768757 -0 -0.639541
    outer loop
      vertex 1.7957 0.0999994 21.5097
      vertex 1.85435 0 21.4392
      vertex 1.7957 0 21.5097
    endloop
  endfacet
  facet normal -0.92347 0 -0.383671
    outer loop
      vertex 1.7957 0 21.5097
      vertex 1.76051 0.0999994 21.5944
      vertex 1.7957 0.0999994 21.5097
    endloop
  endfacet
  facet normal -0.92347 -0 -0.383671
    outer loop
      vertex 1.76051 0.0999994 21.5944
      vertex 1.7957 0 21.5097
      vertex 1.76051 0 21.5944
    endloop
  endfacet
  facet normal -0.993054 0 -0.117662
    outer loop
      vertex 1.76051 0 21.5944
      vertex 1.74878 0.0999994 21.6934
      vertex 1.76051 0.0999994 21.5944
    endloop
  endfacet
  facet normal -0.993054 -0 -0.117662
    outer loop
      vertex 1.74878 0.0999994 21.6934
      vertex 1.76051 0 21.5944
      vertex 1.74878 0 21.6934
    endloop
  endfacet
  facet normal -0.993566 0 0.113257
    outer loop
      vertex 1.74878 0 21.6934
      vertex 1.76035 0.0999994 21.7949
      vertex 1.74878 0.0999994 21.6934
    endloop
  endfacet
  facet normal -0.993566 0 0.113257
    outer loop
      vertex 1.76035 0.0999994 21.7949
      vertex 1.74878 0 21.6934
      vertex 1.76035 0 21.7949
    endloop
  endfacet
  facet normal -0.927621 0 0.373523
    outer loop
      vertex 1.76035 0 21.7949
      vertex 1.79506 0.0999994 21.8811
      vertex 1.76035 0.0999994 21.7949
    endloop
  endfacet
  facet normal -0.927621 0 0.373523
    outer loop
      vertex 1.79506 0.0999994 21.8811
      vertex 1.76035 0 21.7949
      vertex 1.79506 0 21.8811
    endloop
  endfacet
  facet normal -0.774371 0 0.632731
    outer loop
      vertex 1.79506 0 21.8811
      vertex 1.85291 0.0999994 21.9519
      vertex 1.79506 0.0999994 21.8811
    endloop
  endfacet
  facet normal -0.774371 0 0.632731
    outer loop
      vertex 1.85291 0.0999994 21.9519
      vertex 1.79506 0 21.8811
      vertex 1.85291 0 21.9519
    endloop
  endfacet
  facet normal -0.564585 0 0.825375
    outer loop
      vertex 1.85291 0.0999994 21.9519
      vertex 1.9339 0 22.0073
      vertex 1.9339 0.0999994 22.0073
    endloop
  endfacet
  facet normal -0.564585 0 0.825375
    outer loop
      vertex 1.9339 0 22.0073
      vertex 1.85291 0.0999994 21.9519
      vertex 1.85291 0 21.9519
    endloop
  endfacet
  facet normal -0.362375 0 0.932032
    outer loop
      vertex 1.9339 0.0999994 22.0073
      vertex 2.04141 0 22.0491
      vertex 2.04141 0.0999994 22.0491
    endloop
  endfacet
  facet normal -0.362375 0 0.932032
    outer loop
      vertex 2.04141 0 22.0491
      vertex 1.9339 0.0999994 22.0073
      vertex 1.9339 0 22.0073
    endloop
  endfacet
  facet normal -0.212046 0 0.97726
    outer loop
      vertex 2.04141 0.0999994 22.0491
      vertex 2.17875 0 22.0789
      vertex 2.17875 0.0999994 22.0789
    endloop
  endfacet
  facet normal -0.212046 0 0.97726
    outer loop
      vertex 2.17875 0 22.0789
      vertex 2.04141 0.0999994 22.0491
      vertex 2.04141 0 22.0491
    endloop
  endfacet
  facet normal -0.106455 0 0.994317
    outer loop
      vertex 2.17875 0.0999994 22.0789
      vertex 2.34594 0 22.0968
      vertex 2.34594 0.0999994 22.0968
    endloop
  endfacet
  facet normal -0.106455 0 0.994317
    outer loop
      vertex 2.34594 0 22.0968
      vertex 2.17875 0.0999994 22.0789
      vertex 2.17875 0 22.0789
    endloop
  endfacet
  facet normal -0.0304381 0 0.999537
    outer loop
      vertex 2.34594 0.0999994 22.0968
      vertex 2.54297 0 22.1028
      vertex 2.54297 0.0999994 22.1028
    endloop
  endfacet
  facet normal -0.0304381 0 0.999537
    outer loop
      vertex 2.54297 0 22.1028
      vertex 2.34594 0.0999994 22.0968
      vertex 2.34594 0 22.0968
    endloop
  endfacet
  facet normal 0.0317169 0 0.999497
    outer loop
      vertex 2.54297 0.0999994 22.1028
      vertex 2.7352 0 22.0967
      vertex 2.7352 0.0999994 22.0967
    endloop
  endfacet
  facet normal 0.0317169 0 0.999497
    outer loop
      vertex 2.7352 0 22.0967
      vertex 2.54297 0.0999994 22.1028
      vertex 2.54297 0 22.1028
    endloop
  endfacet
  facet normal 0.110345 0 0.993893
    outer loop
      vertex 2.7352 0.0999994 22.0967
      vertex 2.89823 0 22.0786
      vertex 2.89823 0.0999994 22.0786
    endloop
  endfacet
  facet normal 0.110345 0 0.993893
    outer loop
      vertex 2.89823 0 22.0786
      vertex 2.7352 0.0999994 22.0967
      vertex 2.7352 0 22.0967
    endloop
  endfacet
  facet normal 0.220818 0 0.975315
    outer loop
      vertex 2.89823 0.0999994 22.0786
      vertex 3.03206 0 22.0483
      vertex 3.03206 0.0999994 22.0483
    endloop
  endfacet
  facet normal 0.220818 0 0.975315
    outer loop
      vertex 3.03206 0 22.0483
      vertex 2.89823 0.0999994 22.0786
      vertex 2.89823 0 22.0786
    endloop
  endfacet
  facet normal 0.375602 0 0.926781
    outer loop
      vertex 3.03206 0.0999994 22.0483
      vertex 3.13668 0 22.0059
      vertex 3.13668 0.0999994 22.0059
    endloop
  endfacet
  facet normal 0.375602 0 0.926781
    outer loop
      vertex 3.13668 0 22.0059
      vertex 3.03206 0.0999994 22.0483
      vertex 3.03206 0 22.0483
    endloop
  endfacet
  facet normal 0.578098 0 0.815967
    outer loop
      vertex 3.13668 0.0999994 22.0059
      vertex 3.21544 0 21.9501
      vertex 3.21544 0.0999994 21.9501
    endloop
  endfacet
  facet normal 0.578098 0 0.815967
    outer loop
      vertex 3.21544 0 21.9501
      vertex 3.13668 0.0999994 22.0059
      vertex 3.13668 0 22.0059
    endloop
  endfacet
  facet normal 0.782861 -0 0.622197
    outer loop
      vertex 3.21544 0 21.9501
      vertex 3.27171 0.0999994 21.8793
      vertex 3.21544 0.0999994 21.9501
    endloop
  endfacet
  facet normal 0.782861 0 0.622197
    outer loop
      vertex 3.27171 0.0999994 21.8793
      vertex 3.21544 0 21.9501
      vertex 3.27171 0 21.8793
    endloop
  endfacet
  facet normal 0.930118 -0 0.367261
    outer loop
      vertex 3.27171 0 21.8793
      vertex 3.30547 0.0999994 21.7938
      vertex 3.27171 0.0999994 21.8793
    endloop
  endfacet
  facet normal 0.930118 0 0.367261
    outer loop
      vertex 3.30547 0.0999994 21.7938
      vertex 3.27171 0 21.8793
      vertex 3.30547 0 21.7938
    endloop
  endfacet
  facet normal 0.993781 -0 0.111355
    outer loop
      vertex 3.30547 0 21.7938
      vertex 3.31672 0.0999994 21.6934
      vertex 3.30547 0.0999994 21.7938
    endloop
  endfacet
  facet normal 0.993781 0 0.111355
    outer loop
      vertex 3.31672 0.0999994 21.6934
      vertex 3.30547 0 21.7938
      vertex 3.31672 0 21.6934
    endloop
  endfacet
  facet normal 0.992714 0 -0.120493
    outer loop
      vertex 3.31672 0 21.6934
      vertex 3.30491 0.0999994 21.5961
      vertex 3.31672 0.0999994 21.6934
    endloop
  endfacet
  facet normal 0.992714 0 -0.120493
    outer loop
      vertex 3.30491 0.0999994 21.5961
      vertex 3.31672 0 21.6934
      vertex 3.30491 0 21.5961
    endloop
  endfacet
  facet normal 0.920894 0 -0.389812
    outer loop
      vertex 3.30491 0 21.5961
      vertex 3.26948 0.0999994 21.5124
      vertex 3.30491 0.0999994 21.5961
    endloop
  endfacet
  facet normal 0.920894 0 -0.389812
    outer loop
      vertex 3.26948 0.0999994 21.5124
      vertex 3.30491 0 21.5961
      vertex 3.26948 0 21.5124
    endloop
  endfacet
  facet normal 0.766166 0 -0.642643
    outer loop
      vertex 3.26948 0 21.5124
      vertex 3.21043 0.0999994 21.442
      vertex 3.26948 0.0999994 21.5124
    endloop
  endfacet
  facet normal 0.766166 0 -0.642643
    outer loop
      vertex 3.21043 0.0999994 21.442
      vertex 3.26948 0 21.5124
      vertex 3.21043 0 21.442
    endloop
  endfacet
  facet normal 0.566918 0 -0.823774
    outer loop
      vertex 3.12775 0 21.3851
      vertex 3.21043 0.0999994 21.442
      vertex 3.21043 0 21.442
    endloop
  endfacet
  facet normal 0.566918 0 -0.823774
    outer loop
      vertex 3.21043 0.0999994 21.442
      vertex 3.12775 0 21.3851
      vertex 3.12775 0.0999994 21.3851
    endloop
  endfacet
  facet normal 0.377147 0 -0.926153
    outer loop
      vertex 3.0197 0 21.3411
      vertex 3.12775 0.0999994 21.3851
      vertex 3.12775 0 21.3851
    endloop
  endfacet
  facet normal 0.377147 0 -0.926153
    outer loop
      vertex 3.12775 0.0999994 21.3851
      vertex 3.0197 0 21.3411
      vertex 3.0197 0.0999994 21.3411
    endloop
  endfacet
  facet normal 0.225559 0 -0.974229
    outer loop
      vertex 2.88451 0 21.3098
      vertex 3.0197 0.0999994 21.3411
      vertex 3.0197 0 21.3411
    endloop
  endfacet
  facet normal 0.225559 0 -0.974229
    outer loop
      vertex 3.0197 0.0999994 21.3411
      vertex 2.88451 0 21.3098
      vertex 2.88451 0.0999994 21.3098
    endloop
  endfacet
  facet normal 0.115655 0 -0.993289
    outer loop
      vertex 2.72219 0 21.2909
      vertex 2.88451 0.0999994 21.3098
      vertex 2.88451 0 21.3098
    endloop
  endfacet
  facet normal 0.115655 0 -0.993289
    outer loop
      vertex 2.88451 0.0999994 21.3098
      vertex 2.72219 0 21.2909
      vertex 2.72219 0.0999994 21.2909
    endloop
  endfacet
  facet normal 0.0327071 0 -0.999465
    outer loop
      vertex 2.53273 0 21.2847
      vertex 2.72219 0.0999994 21.2909
      vertex 2.72219 0 21.2909
    endloop
  endfacet
  facet normal 0.0327071 0 -0.999465
    outer loop
      vertex 2.72219 0.0999994 21.2909
      vertex 2.53273 0 21.2847
      vertex 2.53273 0.0999994 21.2847
    endloop
  endfacet
  facet normal -0.032008 0 -0.999488
    outer loop
      vertex 2.34225 0 21.2908
      vertex 2.53273 0.0999994 21.2847
      vertex 2.53273 0 21.2847
    endloop
  endfacet
  facet normal -0.032008 0 -0.999488
    outer loop
      vertex 2.53273 0.0999994 21.2847
      vertex 2.34225 0 21.2908
      vertex 2.34225 0.0999994 21.2908
    endloop
  endfacet
  facet normal -0.0969691 0 0.995287
    outer loop
      vertex 2.81899 0.0999994 19.8616
      vertex 3.07251 0 19.8863
      vertex 3.07251 0.0999994 19.8863
    endloop
  endfacet
  facet normal -0.0969691 0 0.995287
    outer loop
      vertex 3.07251 0 19.8863
      vertex 2.81899 0.0999994 19.8616
      vertex 2.81899 0 19.8616
    endloop
  endfacet
  facet normal -0.187183 0 0.982325
    outer loop
      vertex 3.07251 0.0999994 19.8863
      vertex 3.2882 0 19.9274
      vertex 3.2882 0.0999994 19.9274
    endloop
  endfacet
  facet normal -0.187183 0 0.982325
    outer loop
      vertex 3.2882 0 19.9274
      vertex 3.07251 0.0999994 19.8863
      vertex 3.07251 0 19.8863
    endloop
  endfacet
  facet normal -0.307597 0 0.951517
    outer loop
      vertex 3.2882 0.0999994 19.9274
      vertex 3.46607 0 19.9849
      vertex 3.46607 0.0999994 19.9849
    endloop
  endfacet
  facet normal -0.307597 0 0.951517
    outer loop
      vertex 3.46607 0 19.9849
      vertex 3.2882 0.0999994 19.9274
      vertex 3.2882 0 19.9274
    endloop
  endfacet
  facet normal -0.465694 0 0.884946
    outer loop
      vertex 3.46607 0.0999994 19.9849
      vertex 3.60517 0 20.0581
      vertex 3.60517 0.0999994 20.0581
    endloop
  endfacet
  facet normal -0.465694 0 0.884946
    outer loop
      vertex 3.60517 0 20.0581
      vertex 3.46607 0.0999994 19.9849
      vertex 3.46607 0 19.9849
    endloop
  endfacet
  facet normal -0.662631 0 0.748946
    outer loop
      vertex 3.60517 0.0999994 20.0581
      vertex 3.70452 0 20.146
      vertex 3.70452 0.0999994 20.146
    endloop
  endfacet
  facet normal -0.662631 0 0.748946
    outer loop
      vertex 3.70452 0 20.146
      vertex 3.60517 0.0999994 20.0581
      vertex 3.60517 0 20.0581
    endloop
  endfacet
  facet normal -0.864621 0 0.502424
    outer loop
      vertex 3.70452 0 20.146
      vertex 3.76414 0.0999994 20.2486
      vertex 3.70452 0.0999994 20.146
    endloop
  endfacet
  facet normal -0.864621 0 0.502424
    outer loop
      vertex 3.76414 0.0999994 20.2486
      vertex 3.70452 0 20.146
      vertex 3.76414 0 20.2486
    endloop
  endfacet
  facet normal -0.986001 0 0.166739
    outer loop
      vertex 3.76414 0 20.2486
      vertex 3.78401 0.0999994 20.3661
      vertex 3.76414 0.0999994 20.2486
    endloop
  endfacet
  facet normal -0.986001 0 0.166739
    outer loop
      vertex 3.78401 0.0999994 20.3661
      vertex 3.76414 0 20.2486
      vertex 3.78401 0 20.3661
    endloop
  endfacet
  facet normal -0.987616 0 -0.156891
    outer loop
      vertex 3.78401 0 20.3661
      vertex 3.76509 0.0999994 20.4852
      vertex 3.78401 0.0999994 20.3661
    endloop
  endfacet
  facet normal -0.987616 -0 -0.156891
    outer loop
      vertex 3.76509 0.0999994 20.4852
      vertex 3.78401 0 20.3661
      vertex 3.76509 0 20.4852
    endloop
  endfacet
  facet normal -0.877108 0 -0.480293
    outer loop
      vertex 3.76509 0 20.4852
      vertex 3.70836 0.0999994 20.5888
      vertex 3.76509 0.0999994 20.4852
    endloop
  endfacet
  facet normal -0.877108 -0 -0.480293
    outer loop
      vertex 3.70836 0.0999994 20.5888
      vertex 3.76509 0 20.4852
      vertex 3.70836 0 20.5888
    endloop
  endfacet
  facet normal -0.68122 0 -0.732079
    outer loop
      vertex 3.61379 0 20.6768
      vertex 3.70836 0.0999994 20.5888
      vertex 3.70836 0 20.5888
    endloop
  endfacet
  facet normal -0.68122 0 -0.732079
    outer loop
      vertex 3.70836 0.0999994 20.5888
      vertex 3.61379 0 20.6768
      vertex 3.61379 0.0999994 20.6768
    endloop
  endfacet
  facet normal -0.48029 0 -0.87711
    outer loop
      vertex 3.48139 0 20.7493
      vertex 3.61379 0.0999994 20.6768
      vertex 3.61379 0 20.6768
    endloop
  endfacet
  facet normal -0.48029 0 -0.87711
    outer loop
      vertex 3.61379 0.0999994 20.6768
      vertex 3.48139 0 20.7493
      vertex 3.48139 0.0999994 20.7493
    endloop
  endfacet
  facet normal -0.3124 0 -0.949951
    outer loop
      vertex 3.30928 0 20.8059
      vertex 3.48139 0.0999994 20.7493
      vertex 3.48139 0 20.7493
    endloop
  endfacet
  facet normal -0.3124 0 -0.949951
    outer loop
      vertex 3.48139 0.0999994 20.7493
      vertex 3.30928 0 20.8059
      vertex 3.30928 0.0999994 20.8059
    endloop
  endfacet
  facet normal -0.186136 0 -0.982524
    outer loop
      vertex 3.0955 0 20.8464
      vertex 3.30928 0.0999994 20.8059
      vertex 3.30928 0 20.8059
    endloop
  endfacet
  facet normal -0.186136 0 -0.982524
    outer loop
      vertex 3.30928 0.0999994 20.8059
      vertex 3.0955 0 20.8464
      vertex 3.0955 0.0999994 20.8464
    endloop
  endfacet
  facet normal -0.0943162 0 -0.995542
    outer loop
      vertex 2.84006 0 20.8706
      vertex 3.0955 0.0999994 20.8464
      vertex 3.0955 0 20.8464
    endloop
  endfacet
  facet normal -0.0943162 0 -0.995542
    outer loop
      vertex 3.0955 0.0999994 20.8464
      vertex 2.84006 0 20.8706
      vertex 2.84006 0.0999994 20.8706
    endloop
  endfacet
  facet normal -0.0272543 0 -0.999629
    outer loop
      vertex 2.54297 0 20.8787
      vertex 2.84006 0.0999994 20.8706
      vertex 2.84006 0 20.8706
    endloop
  endfacet
  facet normal -0.0272543 0 -0.999629
    outer loop
      vertex 2.84006 0.0999994 20.8706
      vertex 2.54297 0 20.8787
      vertex 2.54297 0.0999994 20.8787
    endloop
  endfacet
  facet normal 0.0262274 0 -0.999656
    outer loop
      vertex 2.23805 0 20.8707
      vertex 2.54297 0.0999994 20.8787
      vertex 2.54297 0 20.8787
    endloop
  endfacet
  facet normal 0.0262274 0 -0.999656
    outer loop
      vertex 2.54297 0.0999994 20.8787
      vertex 2.23805 0 20.8707
      vertex 2.23805 0.0999994 20.8707
    endloop
  endfacet
  facet normal 0.0915573 0 -0.9958
    outer loop
      vertex 1.97702 0 20.8467
      vertex 2.23805 0.0999994 20.8707
      vertex 2.23805 0 20.8707
    endloop
  endfacet
  facet normal 0.0915573 0 -0.9958
    outer loop
      vertex 2.23805 0.0999994 20.8707
      vertex 1.97702 0 20.8467
      vertex 1.97702 0.0999994 20.8467
    endloop
  endfacet
  facet normal 0.181165 0 -0.983453
    outer loop
      vertex 1.75988 0 20.8067
      vertex 1.97702 0.0999994 20.8467
      vertex 1.97702 0 20.8467
    endloop
  endfacet
  facet normal 0.181165 0 -0.983453
    outer loop
      vertex 1.97702 0.0999994 20.8467
      vertex 1.75988 0 20.8067
      vertex 1.75988 0.0999994 20.8067
    endloop
  endfacet
  facet normal 0.307564 0 -0.951527
    outer loop
      vertex 1.58663 0 20.7507
      vertex 1.75988 0.0999994 20.8067
      vertex 1.75988 0 20.8067
    endloop
  endfacet
  facet normal 0.307564 0 -0.951527
    outer loop
      vertex 1.75988 0.0999994 20.8067
      vertex 1.58663 0 20.7507
      vertex 1.58663 0.0999994 20.7507
    endloop
  endfacet
  facet normal 0.477736 0 -0.878503
    outer loop
      vertex 1.45423 0 20.6787
      vertex 1.58663 0.0999994 20.7507
      vertex 1.58663 0 20.7507
    endloop
  endfacet
  facet normal 0.477736 0 -0.878503
    outer loop
      vertex 1.58663 0.0999994 20.7507
      vertex 1.45423 0 20.6787
      vertex 1.45423 0.0999994 20.6787
    endloop
  endfacet
  facet normal 0.681673 0 -0.731657
    outer loop
      vertex 1.35967 0 20.5906
      vertex 1.45423 0.0999994 20.6787
      vertex 1.45423 0 20.6787
    endloop
  endfacet
  facet normal 0.681673 0 -0.731657
    outer loop
      vertex 1.45423 0.0999994 20.6787
      vertex 1.35967 0 20.5906
      vertex 1.35967 0.0999994 20.5906
    endloop
  endfacet
  facet normal 0.878237 0 -0.478226
    outer loop
      vertex 1.35967 0 20.5906
      vertex 1.30293 0.0999994 20.4864
      vertex 1.35967 0.0999994 20.5906
    endloop
  endfacet
  facet normal 0.878237 0 -0.478226
    outer loop
      vertex 1.30293 0.0999994 20.4864
      vertex 1.35967 0 20.5906
      vertex 1.30293 0 20.4864
    endloop
  endfacet
  facet normal 0.987857 0 -0.155364
    outer loop
      vertex 1.30293 0 20.4864
      vertex 1.28401 0.0999994 20.3661
      vertex 1.30293 0.0999994 20.4864
    endloop
  endfacet
  facet normal 0.987857 0 -0.155364
    outer loop
      vertex 1.28401 0.0999994 20.3661
      vertex 1.30293 0 20.4864
      vertex 1.28401 0 20.3661
    endloop
  endfacet
  facet normal 0.986659 -0 0.162799
    outer loop
      vertex 1.28401 0 20.3661
      vertex 1.30348 0.0999994 20.2481
      vertex 1.28401 0.0999994 20.3661
    endloop
  endfacet
  facet normal 0.986659 0 0.162799
    outer loop
      vertex 1.30348 0.0999994 20.2481
      vertex 1.28401 0 20.3661
      vertex 1.30348 0 20.2481
    endloop
  endfacet
  facet normal 0.869829 -0 0.493353
    outer loop
      vertex 1.30348 0 20.2481
      vertex 1.3619 0.0999994 20.1451
      vertex 1.30348 0.0999994 20.2481
    endloop
  endfacet
  facet normal 0.869829 0 0.493353
    outer loop
      vertex 1.3619 0.0999994 20.1451
      vertex 1.30348 0 20.2481
      vertex 1.3619 0 20.1451
    endloop
  endfacet
  facet normal 0.670584 0 0.741834
    outer loop
      vertex 1.3619 0.0999994 20.1451
      vertex 1.45925 0 20.0571
      vertex 1.45925 0.0999994 20.0571
    endloop
  endfacet
  facet normal 0.670584 0 0.741834
    outer loop
      vertex 1.45925 0 20.0571
      vertex 1.3619 0.0999994 20.1451
      vertex 1.3619 0 20.1451
    endloop
  endfacet
  facet normal 0.471629 0 0.881797
    outer loop
      vertex 1.45925 0.0999994 20.0571
      vertex 1.59555 0 19.9842
      vertex 1.59555 0.0999994 19.9842
    endloop
  endfacet
  facet normal 0.471629 0 0.881797
    outer loop
      vertex 1.59555 0 19.9842
      vertex 1.45925 0.0999994 20.0571
      vertex 1.45925 0 20.0571
    endloop
  endfacet
  facet normal 0.310554 0 0.950556
    outer loop
      vertex 1.59555 0.0999994 19.9842
      vertex 1.77063 0 19.927
      vertex 1.77063 0.0999994 19.927
    endloop
  endfacet
  facet normal 0.310554 0 0.950556
    outer loop
      vertex 1.77063 0 19.927
      vertex 1.59555 0.0999994 19.9842
      vertex 1.59555 0 19.9842
    endloop
  endfacet
  facet normal 0.187961 0 0.982176
    outer loop
      vertex 1.77063 0.0999994 19.927
      vertex 1.98435 0 19.8861
      vertex 1.98435 0.0999994 19.8861
    endloop
  endfacet
  facet normal 0.187961 0 0.982176
    outer loop
      vertex 1.98435 0 19.8861
      vertex 1.77063 0.0999994 19.927
      vertex 1.77063 0 19.927
    endloop
  endfacet
  facet normal 0.0966368 0 0.99532
    outer loop
      vertex 1.98435 0.0999994 19.8861
      vertex 2.23669 0 19.8616
      vertex 2.23669 0.0999994 19.8616
    endloop
  endfacet
  facet normal 0.0966368 0 0.99532
    outer loop
      vertex 2.23669 0 19.8616
      vertex 1.98435 0.0999994 19.8861
      vertex 1.98435 0 19.8861
    endloop
  endfacet
  facet normal 0.0281724 0 0.999603
    outer loop
      vertex 2.23669 0.0999994 19.8616
      vertex 2.52764 0 19.8534
      vertex 2.52764 0.0999994 19.8534
    endloop
  endfacet
  facet normal 0.0281724 0 0.999603
    outer loop
      vertex 2.52764 0 19.8534
      vertex 2.23669 0.0999994 19.8616
      vertex 2.23669 0 19.8616
    endloop
  endfacet
  facet normal -0.0281337 0 0.999604
    outer loop
      vertex 2.52764 0.0999994 19.8534
      vertex 2.81899 0 19.8616
      vertex 2.81899 0.0999994 19.8616
    endloop
  endfacet
  facet normal -0.0281337 0 0.999604
    outer loop
      vertex 2.81899 0 19.8616
      vertex 2.52764 0.0999994 19.8534
      vertex 2.52764 0 19.8534
    endloop
  endfacet
  facet normal -0.112253 0 -0.99368
    outer loop
      vertex 2.17937 0 19.9819
      vertex 2.34225 0.0999994 19.9635
      vertex 2.34225 0 19.9635
    endloop
  endfacet
  facet normal -0.112253 0 -0.99368
    outer loop
      vertex 2.34225 0.0999994 19.9635
      vertex 2.17937 0 19.9819
      vertex 2.17937 0.0999994 19.9819
    endloop
  endfacet
  facet normal -0.221341 0 -0.975197
    outer loop
      vertex 2.04411 0 20.0126
      vertex 2.17937 0.0999994 19.9819
      vertex 2.17937 0 19.9819
    endloop
  endfacet
  facet normal -0.221341 0 -0.975197
    outer loop
      vertex 2.17937 0.0999994 19.9819
      vertex 2.04411 0 20.0126
      vertex 2.04411 0.0999994 20.0126
    endloop
  endfacet
  facet normal -0.370974 0 -0.928643
    outer loop
      vertex 1.93647 0 20.0556
      vertex 2.04411 0.0999994 20.0126
      vertex 2.04411 0 20.0126
    endloop
  endfacet
  facet normal -0.370974 0 -0.928643
    outer loop
      vertex 2.04411 0.0999994 20.0126
      vertex 1.93647 0 20.0556
      vertex 1.93647 0.0999994 20.0556
    endloop
  endfacet
  facet normal -0.565454 0 -0.82478
    outer loop
      vertex 1.85435 0 20.1119
      vertex 1.93647 0.0999994 20.0556
      vertex 1.93647 0 20.0556
    endloop
  endfacet
  facet normal -0.565454 0 -0.82478
    outer loop
      vertex 1.93647 0.0999994 20.0556
      vertex 1.85435 0 20.1119
      vertex 1.85435 0.0999994 20.1119
    endloop
  endfacet
  facet normal -0.768757 0 -0.639541
    outer loop
      vertex 1.85435 0 20.1119
      vertex 1.7957 0.0999994 20.1824
      vertex 1.85435 0.0999994 20.1119
    endloop
  endfacet
  facet normal -0.768757 -0 -0.639541
    outer loop
      vertex 1.7957 0.0999994 20.1824
      vertex 1.85435 0 20.1119
      vertex 1.7957 0 20.1824
    endloop
  endfacet
  facet normal -0.92347 0 -0.383671
    outer loop
      vertex 1.7957 0 20.1824
      vertex 1.76051 0.0999994 20.2671
      vertex 1.7957 0.0999994 20.1824
    endloop
  endfacet
  facet normal -0.92347 -0 -0.383671
    outer loop
      vertex 1.76051 0.0999994 20.2671
      vertex 1.7957 0 20.1824
      vertex 1.76051 0 20.2671
    endloop
  endfacet
  facet normal -0.993054 0 -0.117662
    outer loop
      vertex 1.76051 0 20.2671
      vertex 1.74878 0.0999994 20.3661
      vertex 1.76051 0.0999994 20.2671
    endloop
  endfacet
  facet normal -0.993054 -0 -0.117662
    outer loop
      vertex 1.74878 0.0999994 20.3661
      vertex 1.76051 0 20.2671
      vertex 1.74878 0 20.3661
    endloop
  endfacet
  facet normal -0.993566 0 0.113257
    outer loop
      vertex 1.74878 0 20.3661
      vertex 1.76035 0.0999994 20.4676
      vertex 1.74878 0.0999994 20.3661
    endloop
  endfacet
  facet normal -0.993566 0 0.113257
    outer loop
      vertex 1.76035 0.0999994 20.4676
      vertex 1.74878 0 20.3661
      vertex 1.76035 0 20.4676
    endloop
  endfacet
  facet normal -0.927621 0 0.373523
    outer loop
      vertex 1.76035 0 20.4676
      vertex 1.79506 0.0999994 20.5538
      vertex 1.76035 0.0999994 20.4676
    endloop
  endfacet
  facet normal -0.927621 0 0.373523
    outer loop
      vertex 1.79506 0.0999994 20.5538
      vertex 1.76035 0 20.4676
      vertex 1.79506 0 20.5538
    endloop
  endfacet
  facet normal -0.774371 0 0.632731
    outer loop
      vertex 1.79506 0 20.5538
      vertex 1.85291 0.0999994 20.6246
      vertex 1.79506 0.0999994 20.5538
    endloop
  endfacet
  facet normal -0.774371 0 0.632731
    outer loop
      vertex 1.85291 0.0999994 20.6246
      vertex 1.79506 0 20.5538
      vertex 1.85291 0 20.6246
    endloop
  endfacet
  facet normal -0.564585 0 0.825375
    outer loop
      vertex 1.85291 0.0999994 20.6246
      vertex 1.9339 0 20.68
      vertex 1.9339 0.0999994 20.68
    endloop
  endfacet
  facet normal -0.564585 0 0.825375
    outer loop
      vertex 1.9339 0 20.68
      vertex 1.85291 0.0999994 20.6246
      vertex 1.85291 0 20.6246
    endloop
  endfacet
  facet normal -0.362375 0 0.932032
    outer loop
      vertex 1.9339 0.0999994 20.68
      vertex 2.04141 0 20.7218
      vertex 2.04141 0.0999994 20.7218
    endloop
  endfacet
  facet normal -0.362375 0 0.932032
    outer loop
      vertex 2.04141 0 20.7218
      vertex 1.9339 0.0999994 20.68
      vertex 1.9339 0 20.68
    endloop
  endfacet
  facet normal -0.212046 0 0.97726
    outer loop
      vertex 2.04141 0.0999994 20.7218
      vertex 2.17875 0 20.7516
      vertex 2.17875 0.0999994 20.7516
    endloop
  endfacet
  facet normal -0.212046 0 0.97726
    outer loop
      vertex 2.17875 0 20.7516
      vertex 2.04141 0.0999994 20.7218
      vertex 2.04141 0 20.7218
    endloop
  endfacet
  facet normal -0.106455 0 0.994317
    outer loop
      vertex 2.17875 0.0999994 20.7516
      vertex 2.34594 0 20.7695
      vertex 2.34594 0.0999994 20.7695
    endloop
  endfacet
  facet normal -0.106455 0 0.994317
    outer loop
      vertex 2.34594 0 20.7695
      vertex 2.17875 0.0999994 20.7516
      vertex 2.17875 0 20.7516
    endloop
  endfacet
  facet normal -0.0304381 0 0.999537
    outer loop
      vertex 2.34594 0.0999994 20.7695
      vertex 2.54297 0 20.7755
      vertex 2.54297 0.0999994 20.7755
    endloop
  endfacet
  facet normal -0.0304381 0 0.999537
    outer loop
      vertex 2.54297 0 20.7755
      vertex 2.34594 0.0999994 20.7695
      vertex 2.34594 0 20.7695
    endloop
  endfacet
  facet normal 0.0317169 0 0.999497
    outer loop
      vertex 2.54297 0.0999994 20.7755
      vertex 2.7352 0 20.7694
      vertex 2.7352 0.0999994 20.7694
    endloop
  endfacet
  facet normal 0.0317169 0 0.999497
    outer loop
      vertex 2.7352 0 20.7694
      vertex 2.54297 0.0999994 20.7755
      vertex 2.54297 0 20.7755
    endloop
  endfacet
  facet normal 0.110345 0 0.993893
    outer loop
      vertex 2.7352 0.0999994 20.7694
      vertex 2.89823 0 20.7513
      vertex 2.89823 0.0999994 20.7513
    endloop
  endfacet
  facet normal 0.110345 0 0.993893
    outer loop
      vertex 2.89823 0 20.7513
      vertex 2.7352 0.0999994 20.7694
      vertex 2.7352 0 20.7694
    endloop
  endfacet
  facet normal 0.220818 0 0.975315
    outer loop
      vertex 2.89823 0.0999994 20.7513
      vertex 3.03206 0 20.721
      vertex 3.03206 0.0999994 20.721
    endloop
  endfacet
  facet normal 0.220818 0 0.975315
    outer loop
      vertex 3.03206 0 20.721
      vertex 2.89823 0.0999994 20.7513
      vertex 2.89823 0 20.7513
    endloop
  endfacet
  facet normal 0.375602 0 0.926781
    outer loop
      vertex 3.03206 0.0999994 20.721
      vertex 3.13668 0 20.6786
      vertex 3.13668 0.0999994 20.6786
    endloop
  endfacet
  facet normal 0.375602 0 0.926781
    outer loop
      vertex 3.13668 0 20.6786
      vertex 3.03206 0.0999994 20.721
      vertex 3.03206 0 20.721
    endloop
  endfacet
  facet normal 0.578787 0 0.815479
    outer loop
      vertex 3.13668 0.0999994 20.6786
      vertex 3.21544 0 20.6227
      vertex 3.21544 0.0999994 20.6227
    endloop
  endfacet
  facet normal 0.578787 0 0.815479
    outer loop
      vertex 3.21544 0 20.6227
      vertex 3.13668 0.0999994 20.6786
      vertex 3.13668 0 20.6786
    endloop
  endfacet
  facet normal 0.782432 -0 0.622736
    outer loop
      vertex 3.21544 0 20.6227
      vertex 3.27171 0.0999994 20.552
      vertex 3.21544 0.0999994 20.6227
    endloop
  endfacet
  facet normal 0.782432 0 0.622736
    outer loop
      vertex 3.27171 0.0999994 20.552
      vertex 3.21544 0 20.6227
      vertex 3.27171 0 20.552
    endloop
  endfacet
  facet normal 0.930118 -0 0.367261
    outer loop
      vertex 3.27171 0 20.552
      vertex 3.30547 0.0999994 20.4665
      vertex 3.27171 0.0999994 20.552
    endloop
  endfacet
  facet normal 0.930118 0 0.367261
    outer loop
      vertex 3.30547 0.0999994 20.4665
      vertex 3.27171 0 20.552
      vertex 3.30547 0 20.4665
    endloop
  endfacet
  facet normal 0.993781 -0 0.111355
    outer loop
      vertex 3.30547 0 20.4665
      vertex 3.31672 0.0999994 20.3661
      vertex 3.30547 0.0999994 20.4665
    endloop
  endfacet
  facet normal 0.993781 0 0.111355
    outer loop
      vertex 3.31672 0.0999994 20.3661
      vertex 3.30547 0 20.4665
      vertex 3.31672 0 20.3661
    endloop
  endfacet
  facet normal 0.992714 0 -0.120493
    outer loop
      vertex 3.31672 0 20.3661
      vertex 3.30491 0.0999994 20.2688
      vertex 3.31672 0.0999994 20.3661
    endloop
  endfacet
  facet normal 0.992714 0 -0.120493
    outer loop
      vertex 3.30491 0.0999994 20.2688
      vertex 3.31672 0 20.3661
      vertex 3.30491 0 20.2688
    endloop
  endfacet
  facet normal 0.921061 0 -0.389418
    outer loop
      vertex 3.30491 0 20.2688
      vertex 3.26948 0.0999994 20.185
      vertex 3.30491 0.0999994 20.2688
    endloop
  endfacet
  facet normal 0.921061 0 -0.389418
    outer loop
      vertex 3.26948 0.0999994 20.185
      vertex 3.30491 0 20.2688
      vertex 3.26948 0 20.185
    endloop
  endfacet
  facet normal 0.765716 0 -0.643179
    outer loop
      vertex 3.26948 0 20.185
      vertex 3.21043 0.0999994 20.1147
      vertex 3.26948 0.0999994 20.185
    endloop
  endfacet
  facet normal 0.765716 0 -0.643179
    outer loop
      vertex 3.21043 0.0999994 20.1147
      vertex 3.26948 0 20.185
      vertex 3.21043 0 20.1147
    endloop
  endfacet
  facet normal 0.566918 0 -0.823774
    outer loop
      vertex 3.12775 0 20.0578
      vertex 3.21043 0.0999994 20.1147
      vertex 3.21043 0 20.1147
    endloop
  endfacet
  facet normal 0.566918 0 -0.823774
    outer loop
      vertex 3.21043 0.0999994 20.1147
      vertex 3.12775 0 20.0578
      vertex 3.12775 0.0999994 20.0578
    endloop
  endfacet
  facet normal 0.377147 0 -0.926153
    outer loop
      vertex 3.0197 0 20.0138
      vertex 3.12775 0.0999994 20.0578
      vertex 3.12775 0 20.0578
    endloop
  endfacet
  facet normal 0.377147 0 -0.926153
    outer loop
      vertex 3.12775 0.0999994 20.0578
      vertex 3.0197 0 20.0138
      vertex 3.0197 0.0999994 20.0138
    endloop
  endfacet
  facet normal 0.226243 0 -0.974071
    outer loop
      vertex 2.88451 0 19.9824
      vertex 3.0197 0.0999994 20.0138
      vertex 3.0197 0 20.0138
    endloop
  endfacet
  facet normal 0.226243 0 -0.974071
    outer loop
      vertex 3.0197 0.0999994 20.0138
      vertex 2.88451 0 19.9824
      vertex 2.88451 0.0999994 19.9824
    endloop
  endfacet
  facet normal 0.115051 0 -0.99336
    outer loop
      vertex 2.72219 0 19.9636
      vertex 2.88451 0.0999994 19.9824
      vertex 2.88451 0 19.9824
    endloop
  endfacet
  facet normal 0.115051 0 -0.99336
    outer loop
      vertex 2.88451 0.0999994 19.9824
      vertex 2.72219 0 19.9636
      vertex 2.72219 0.0999994 19.9636
    endloop
  endfacet
  facet normal 0.033234 0 -0.999448
    outer loop
      vertex 2.53273 0 19.9573
      vertex 2.72219 0.0999994 19.9636
      vertex 2.72219 0 19.9636
    endloop
  endfacet
  facet normal 0.033234 0 -0.999448
    outer loop
      vertex 2.72219 0.0999994 19.9636
      vertex 2.53273 0 19.9573
      vertex 2.53273 0.0999994 19.9573
    endloop
  endfacet
  facet normal -0.0325321 0 -0.999471
    outer loop
      vertex 2.34225 0 19.9635
      vertex 2.53273 0.0999994 19.9573
      vertex 2.53273 0 19.9573
    endloop
  endfacet
  facet normal -0.0325321 0 -0.999471
    outer loop
      vertex 2.53273 0.0999994 19.9573
      vertex 2.34225 0 19.9635
      vertex 2.34225 0.0999994 19.9635
    endloop
  endfacet
endsolid OpenSCAD_Model
