solid OpenSCAD_Model
  facet normal -0.751844 0.659341 4.07325e-19
    outer loop
      vertex 19.7782 12.2218 0
      vertex 20.7269 13.3036 30
      vertex 20.7269 13.3036 0
    endloop
  endfacet
  facet normal -0.751844 0.659341 4.07325e-19
    outer loop
      vertex 20.7269 13.3036 30
      vertex 19.7782 12.2218 0
      vertex 19.7782 12.2218 30
    endloop
  endfacet
  facet normal -0.065405 0.997859 0
    outer loop
      vertex 13.4358 9.09411 0
      vertex 12 9 30
      vertex 13.4358 9.09411 30
    endloop
  endfacet
  facet normal -0.065405 0.997859 0
    outer loop
      vertex 12 9 30
      vertex 13.4358 9.09411 0
      vertex 12 9 0
    endloop
  endfacet
  facet normal -0.896874 -0.442286 6.44032e-19
    outer loop
      vertex 22.1627 24.2095 0
      vertex 21.5263 25.5 30
      vertex 21.5263 25.5 0
    endloop
  endfacet
  facet normal -0.896874 -0.442286 6.44032e-19
    outer loop
      vertex 21.5263 25.5 30
      vertex 22.1627 24.2095 0
      vertex 22.1627 24.2095 30
    endloop
  endfacet
  facet normal -0.831472 -0.555566 1.1207e-18
    outer loop
      vertex 21.5263 25.5 0
      vertex 20.7269 26.6964 30
      vertex 20.7269 26.6964 0
    endloop
  endfacet
  facet normal -0.831472 -0.555566 1.1207e-18
    outer loop
      vertex 20.7269 26.6964 30
      vertex 21.5263 25.5 0
      vertex 21.5263 25.5 30
    endloop
  endfacet
  facet normal -0.981044 -0.193786 0
    outer loop
      vertex 22.6252 22.847 0
      vertex 22.6316 22.8146 13.375
      vertex 22.6252 22.847 13.4408
    endloop
  endfacet
  facet normal -0.980773 -0.195153 -3.43976e-06
    outer loop
      vertex 22.6252 22.847 0
      vertex 22.6786 22.5784 13.0215
      vertex 22.6316 22.8146 13.375
    endloop
  endfacet
  facet normal -0.980756 -0.195236 -5.21387e-06
    outer loop
      vertex 22.6252 22.847 0
      vertex 22.7344 22.2981 12.7019
      vertex 22.6786 22.5784 13.0215
    endloop
  endfacet
  facet normal -0.980826 -0.194885 1.0515e-05
    outer loop
      vertex 22.6252 22.847 0
      vertex 22.7979 21.9785 12.4216
      vertex 22.7344 22.2981 12.7019
    endloop
  endfacet
  facet normal -0.980743 -0.195303 -1.98339e-05
    outer loop
      vertex 22.6252 22.847 0
      vertex 22.8683 21.625 12.1854
      vertex 22.7979 21.9785 12.4216
    endloop
  endfacet
  facet normal -0.980786 -0.195087 -0
    outer loop
      vertex 22.9059 21.4358 12.0921
      vertex 22.6252 22.847 0
      vertex 22.9059 21.4358 0
    endloop
  endfacet
  facet normal -0.980817 -0.194929 1.91827e-05
    outer loop
      vertex 22.6252 22.847 0
      vertex 22.9059 21.4358 12.0921
      vertex 22.8683 21.625 12.1854
    endloop
  endfacet
  facet normal -0.981044 -0.193786 -9.09895e-21
    outer loop
      vertex 22.6316 22.8146 16.625
      vertex 22.6252 22.847 30
      vertex 22.6252 22.847 16.5592
    endloop
  endfacet
  facet normal -0.980773 -0.195153 3.43976e-06
    outer loop
      vertex 22.6786 22.5784 16.9785
      vertex 22.6252 22.847 30
      vertex 22.6316 22.8146 16.625
    endloop
  endfacet
  facet normal -0.980756 -0.195236 5.21387e-06
    outer loop
      vertex 22.7344 22.2981 17.2981
      vertex 22.6252 22.847 30
      vertex 22.6786 22.5784 16.9785
    endloop
  endfacet
  facet normal -0.980826 -0.194885 -1.0515e-05
    outer loop
      vertex 22.7979 21.9785 17.5784
      vertex 22.6252 22.847 30
      vertex 22.7344 22.2981 17.2981
    endloop
  endfacet
  facet normal -0.980743 -0.195303 1.98339e-05
    outer loop
      vertex 22.8683 21.625 17.8146
      vertex 22.6252 22.847 30
      vertex 22.7979 21.9785 17.5784
    endloop
  endfacet
  facet normal -0.980817 -0.194929 -1.91827e-05
    outer loop
      vertex 22.9059 21.4358 17.9079
      vertex 22.6252 22.847 30
      vertex 22.8683 21.625 17.8146
    endloop
  endfacet
  facet normal -0.980786 -0.195087 3.75522e-19
    outer loop
      vertex 22.6252 22.847 30
      vertex 22.9059 21.4358 17.9079
      vertex 22.9059 21.4358 30
    endloop
  endfacet
  facet normal 0.195086 0.980786 -0
    outer loop
      vertex 10.5642 9.09411 0
      vertex 9.15299 9.37481 30
      vertex 10.5642 9.09411 30
    endloop
  endfacet
  facet normal 0.195086 0.980786 0
    outer loop
      vertex 9.15299 9.37481 30
      vertex 10.5642 9.09411 0
      vertex 9.15299 9.37481 0
    endloop
  endfacet
  facet normal 0.997859 -0.0653985 -4.21811e-20
    outer loop
      vertex 1.08152 21.2437 11.9974
      vertex 1.09411 21.4358 0
      vertex 1.09411 21.4358 12.0921
    endloop
  endfacet
  facet normal 0.997858 -0.0654246 -4.20089e-07
    outer loop
      vertex 1.05513 20.8412 11.8607
      vertex 1.09411 21.4358 0
      vertex 1.08152 21.2437 11.9974
    endloop
  endfacet
  facet normal 0.997859 -0.0653994 8.47396e-07
    outer loop
      vertex 1.0278 20.4242 11.7778
      vertex 1.09411 21.4358 0
      vertex 1.05513 20.8412 11.8607
    endloop
  endfacet
  facet normal 0.997859 -0.0653948 0
    outer loop
      vertex 1 20 0
      vertex 1.0278 20.4242 11.7778
      vertex 1 20 11.75
    endloop
  endfacet
  facet normal 0.997859 -0.065405 3.67148e-07
    outer loop
      vertex 1.0278 20.4242 11.7778
      vertex 1 20 0
      vertex 1.09411 21.4358 0
    endloop
  endfacet
  facet normal 0.997859 -0.0653985 0
    outer loop
      vertex 1.09411 21.4358 30
      vertex 1.08152 21.2437 18.0026
      vertex 1.09411 21.4358 17.9079
    endloop
  endfacet
  facet normal 0.997858 -0.0654246 4.20089e-07
    outer loop
      vertex 1.09411 21.4358 30
      vertex 1.05513 20.8412 18.1393
      vertex 1.08152 21.2437 18.0026
    endloop
  endfacet
  facet normal 0.997859 -0.0653994 -8.47396e-07
    outer loop
      vertex 1.09411 21.4358 30
      vertex 1.0278 20.4242 18.2222
      vertex 1.05513 20.8412 18.1393
    endloop
  endfacet
  facet normal 0.997859 -0.065405 -3.67148e-07
    outer loop
      vertex 1 20 30
      vertex 1.0278 20.4242 18.2222
      vertex 1.09411 21.4358 30
    endloop
  endfacet
  facet normal 0.997859 -0.0653948 5.96133e-20
    outer loop
      vertex 1.0278 20.4242 18.2222
      vertex 1 20 30
      vertex 1 20 18.25
    endloop
  endfacet
  facet normal -0.659341 -0.751844 0
    outer loop
      vertex 18.6964 28.7269 0
      vertex 19.7782 27.7782 30
      vertex 18.6964 28.7269 30
    endloop
  endfacet
  facet normal -0.659341 -0.751844 -0
    outer loop
      vertex 19.7782 27.7782 30
      vertex 18.6964 28.7269 0
      vertex 19.7782 27.7782 0
    endloop
  endfacet
  facet normal 0.751841 -0.659345 -5.93208e-19
    outer loop
      vertex 3.27311 26.6964 30
      vertex 4.22182 27.7782 0
      vertex 4.22182 27.7782 30
    endloop
  endfacet
  facet normal 0.751841 -0.659345 -5.93208e-19
    outer loop
      vertex 4.22182 27.7782 0
      vertex 3.27311 26.6964 30
      vertex 3.27311 26.6964 0
    endloop
  endfacet
  facet normal 0.321446 0.946928 -0
    outer loop
      vertex 9.15299 9.37481 0
      vertex 7.79048 9.83733 30
      vertex 9.15299 9.37481 30
    endloop
  endfacet
  facet normal 0.321446 0.946928 0
    outer loop
      vertex 7.79048 9.83733 30
      vertex 9.15299 9.37481 0
      vertex 7.79048 9.83733 0
    endloop
  endfacet
  facet normal -0.195087 0.980786 0
    outer loop
      vertex 14.847 9.37481 0
      vertex 13.4358 9.09411 30
      vertex 14.847 9.37481 30
    endloop
  endfacet
  facet normal -0.195087 0.980786 0
    outer loop
      vertex 13.4358 9.09411 30
      vertex 14.847 9.37481 0
      vertex 13.4358 9.09411 0
    endloop
  endfacet
  facet normal 0.980789 0.19507 2.02037e-06
    outer loop
      vertex 1.37481 17.153 0
      vertex 1.09411 18.5642 12.0921
      vertex 1.13174 18.375 12.1854
    endloop
  endfacet
  facet normal 0.980788 0.195076 1.37104e-06
    outer loop
      vertex 1.37481 17.153 0
      vertex 1.13174 18.375 12.1854
      vertex 1.20205 18.0215 12.4216
    endloop
  endfacet
  facet normal 0.980781 0.195112 -1.19508e-06
    outer loop
      vertex 1.37481 17.153 0
      vertex 1.20205 18.0215 12.4216
      vertex 1.26563 17.7019 12.7019
    endloop
  endfacet
  facet normal 0.980782 0.195106 -9.21509e-07
    outer loop
      vertex 1.37481 17.153 0
      vertex 1.26563 17.7019 12.7019
      vertex 1.32139 17.4216 13.0215
    endloop
  endfacet
  facet normal 0.980796 0.195039 5.1412e-07
    outer loop
      vertex 1.37481 17.153 0
      vertex 1.32139 17.4216 13.0215
      vertex 1.36836 17.1854 13.375
    endloop
  endfacet
  facet normal 0.980755 0.195243 -0
    outer loop
      vertex 1.37481 17.153 0
      vertex 1.36836 17.1854 13.375
      vertex 1.37481 17.153 13.4408
    endloop
  endfacet
  facet normal 0.980786 0.195087 0
    outer loop
      vertex 1.09411 18.5642 12.0921
      vertex 1.37481 17.153 0
      vertex 1.09411 18.5642 0
    endloop
  endfacet
  facet normal 0.980786 0.195087 5.84821e-19
    outer loop
      vertex 1.37481 17.153 30
      vertex 1.09411 18.5642 17.9079
      vertex 1.09411 18.5642 30
    endloop
  endfacet
  facet normal 0.980789 0.19507 -2.02037e-06
    outer loop
      vertex 1.09411 18.5642 17.9079
      vertex 1.37481 17.153 30
      vertex 1.13174 18.375 17.8146
    endloop
  endfacet
  facet normal 0.980788 0.195076 -1.37104e-06
    outer loop
      vertex 1.13174 18.375 17.8146
      vertex 1.37481 17.153 30
      vertex 1.20205 18.0215 17.5784
    endloop
  endfacet
  facet normal 0.980781 0.195112 1.19508e-06
    outer loop
      vertex 1.20205 18.0215 17.5784
      vertex 1.37481 17.153 30
      vertex 1.26563 17.7019 17.2981
    endloop
  endfacet
  facet normal 0.980782 0.195106 9.21509e-07
    outer loop
      vertex 1.26563 17.7019 17.2981
      vertex 1.37481 17.153 30
      vertex 1.32139 17.4216 16.9785
    endloop
  endfacet
  facet normal 0.980796 0.195039 -5.1412e-07
    outer loop
      vertex 1.32139 17.4216 16.9785
      vertex 1.37481 17.153 30
      vertex 1.36836 17.1854 16.625
    endloop
  endfacet
  facet normal 0.980755 0.195243 -2.27679e-20
    outer loop
      vertex 1.36836 17.1854 16.625
      vertex 1.37481 17.153 30
      vertex 1.37481 17.153 16.5592
    endloop
  endfacet
  facet normal 0.896877 0.442281 -7.87573e-19
    outer loop
      vertex 2.47372 14.5 30
      vertex 1.83733 15.7905 0
      vertex 1.83733 15.7905 30
    endloop
  endfacet
  facet normal 0.896877 0.442281 -7.87573e-19
    outer loop
      vertex 1.83733 15.7905 0
      vertex 2.47372 14.5 30
      vertex 2.47372 14.5 0
    endloop
  endfacet
  facet normal -0.997856 -0.0654502 0
    outer loop
      vertex 22.9059 21.4358 0
      vertex 22.9185 21.2437 11.9974
      vertex 22.9059 21.4358 12.0921
    endloop
  endfacet
  facet normal -0.997856 -0.0654494 1.23314e-08
    outer loop
      vertex 22.9059 21.4358 0
      vertex 22.9449 20.8412 11.8607
      vertex 22.9185 21.2437 11.9974
    endloop
  endfacet
  facet normal -0.997864 -0.065329 6.07683e-06
    outer loop
      vertex 22.9059 21.4358 0
      vertex 22.9722 20.4242 11.7778
      vertex 22.9449 20.8412 11.8607
    endloop
  endfacet
  facet normal -0.997859 -0.0653981 1.16836e-07
    outer loop
      vertex 23 20 0
      vertex 22.9722 20.4242 11.7778
      vertex 22.9059 21.4358 0
    endloop
  endfacet
  facet normal -0.997859 -0.0653948 6.51059e-21
    outer loop
      vertex 22.9722 20.4242 11.7778
      vertex 23 20 0
      vertex 23 20 11.75
    endloop
  endfacet
  facet normal -0.997856 -0.0654502 8.20938e-20
    outer loop
      vertex 22.9185 21.2437 18.0026
      vertex 22.9059 21.4358 30
      vertex 22.9059 21.4358 17.9079
    endloop
  endfacet
  facet normal -0.997856 -0.0654494 -1.23314e-08
    outer loop
      vertex 22.9449 20.8412 18.1393
      vertex 22.9059 21.4358 30
      vertex 22.9185 21.2437 18.0026
    endloop
  endfacet
  facet normal -0.997864 -0.065329 -6.07683e-06
    outer loop
      vertex 22.9722 20.4242 18.2222
      vertex 22.9059 21.4358 30
      vertex 22.9449 20.8412 18.1393
    endloop
  endfacet
  facet normal -0.997859 -0.0653948 -0
    outer loop
      vertex 23 20 30
      vertex 22.9722 20.4242 18.2222
      vertex 23 20 18.25
    endloop
  endfacet
  facet normal -0.997859 -0.0653981 -1.16836e-07
    outer loop
      vertex 22.9722 20.4242 18.2222
      vertex 23 20 30
      vertex 22.9059 21.4358 30
    endloop
  endfacet
  facet normal -0.659341 0.751844 0
    outer loop
      vertex 19.7782 12.2218 0
      vertex 18.6964 11.2731 30
      vertex 19.7782 12.2218 30
    endloop
  endfacet
  facet normal -0.659341 0.751844 0
    outer loop
      vertex 18.6964 11.2731 30
      vertex 19.7782 12.2218 0
      vertex 18.6964 11.2731 0
    endloop
  endfacet
  facet normal -0.0653981 -0.997859 0
    outer loop
      vertex 12 31 0
      vertex 13.4358 30.9059 30
      vertex 12 31 30
    endloop
  endfacet
  facet normal -0.0653981 -0.997859 -0
    outer loop
      vertex 13.4358 30.9059 30
      vertex 12 31 0
      vertex 13.4358 30.9059 0
    endloop
  endfacet
  facet normal 0.195086 -0.980786 0
    outer loop
      vertex 9.15299 30.6252 0
      vertex 10.5642 30.9059 30
      vertex 9.15299 30.6252 30
    endloop
  endfacet
  facet normal 0.195086 -0.980786 0
    outer loop
      vertex 10.5642 30.9059 30
      vertex 9.15299 30.6252 0
      vertex 10.5642 30.9059 0
    endloop
  endfacet
  facet normal 0.831476 0.555561 -1.27004e-18
    outer loop
      vertex 3.27311 13.3036 30
      vertex 2.47372 14.5 0
      vertex 2.47372 14.5 30
    endloop
  endfacet
  facet normal 0.831476 0.555561 -1.27004e-18
    outer loop
      vertex 2.47372 14.5 0
      vertex 3.27311 13.3036 30
      vertex 3.27311 13.3036 0
    endloop
  endfacet
  facet normal -0.946931 0.321435 2.06666e-18
    outer loop
      vertex 22.1627 15.7905 0
      vertex 22.6252 17.153 13.4408
      vertex 22.6252 17.153 0
    endloop
  endfacet
  facet normal -0.94696 0.321352 9.38976e-06
    outer loop
      vertex 22.6252 17.153 13.4408
      vertex 22.1627 15.7905 0
      vertex 22.5724 16.9974 13.7563
    endloop
  endfacet
  facet normal -0.946935 0.321425 2.33306e-06
    outer loop
      vertex 22.5724 16.9974 13.7563
      vertex 22.1627 15.7905 0
      vertex 22.526 16.8607 14.1588
    endloop
  endfacet
  facet normal -0.94678 0.321882 -3.62748e-05
    outer loop
      vertex 22.526 16.8607 14.1588
      vertex 22.1627 15.7905 0
      vertex 22.4978 16.7778 14.5758
    endloop
  endfacet
  facet normal -0.947124 0.320867 4.04127e-05
    outer loop
      vertex 22.4978 16.7778 14.5758
      vertex 22.1627 15.7905 0
      vertex 22.4884 16.75 15
    endloop
  endfacet
  facet normal -0.94696 0.321352 -9.38976e-06
    outer loop
      vertex 22.1627 15.7905 30
      vertex 22.6252 17.153 16.5592
      vertex 22.5724 16.9974 16.2437
    endloop
  endfacet
  facet normal -0.946935 0.321425 -2.33306e-06
    outer loop
      vertex 22.1627 15.7905 30
      vertex 22.5724 16.9974 16.2437
      vertex 22.526 16.8607 15.8412
    endloop
  endfacet
  facet normal -0.94678 0.321882 3.62748e-05
    outer loop
      vertex 22.1627 15.7905 30
      vertex 22.526 16.8607 15.8412
      vertex 22.4978 16.7778 15.4242
    endloop
  endfacet
  facet normal -0.947124 0.320867 -4.04127e-05
    outer loop
      vertex 22.1627 15.7905 30
      vertex 22.4978 16.7778 15.4242
      vertex 22.4884 16.75 15
    endloop
  endfacet
  facet normal -0.946932 0.321434 0
    outer loop
      vertex 22.1627 15.7905 30
      vertex 22.4884 16.75 15
      vertex 22.1627 15.7905 0
    endloop
  endfacet
  facet normal -0.946931 0.321435 0
    outer loop
      vertex 22.6252 17.153 16.5592
      vertex 22.1627 15.7905 30
      vertex 22.6252 17.153 30
    endloop
  endfacet
  facet normal -0.751844 -0.659341 -2.51842e-18
    outer loop
      vertex 20.7269 26.6964 0
      vertex 19.7782 27.7782 30
      vertex 19.7782 27.7782 0
    endloop
  endfacet
  facet normal -0.751844 -0.659341 -2.51842e-18
    outer loop
      vertex 19.7782 27.7782 30
      vertex 20.7269 26.6964 0
      vertex 20.7269 26.6964 30
    endloop
  endfacet
  facet normal -0.321435 -0.946931 0
    outer loop
      vertex 14.847 30.6252 0
      vertex 16.2095 30.1627 30
      vertex 14.847 30.6252 30
    endloop
  endfacet
  facet normal -0.321435 -0.946931 -0
    outer loop
      vertex 16.2095 30.1627 30
      vertex 14.847 30.6252 0
      vertex 16.2095 30.1627 0
    endloop
  endfacet
  facet normal 0.896877 -0.442281 1.25629e-18
    outer loop
      vertex 1.83733 24.2095 30
      vertex 2.47372 25.5 0
      vertex 2.47372 25.5 30
    endloop
  endfacet
  facet normal 0.896877 -0.442281 1.25629e-18
    outer loop
      vertex 2.47372 25.5 0
      vertex 1.83733 24.2095 30
      vertex 1.83733 24.2095 0
    endloop
  endfacet
  facet normal -0.442286 -0.896874 0
    outer loop
      vertex 16.2095 30.1627 0
      vertex 17.5 29.5263 30
      vertex 16.2095 30.1627 30
    endloop
  endfacet
  facet normal -0.442286 -0.896874 -0
    outer loop
      vertex 17.5 29.5263 30
      vertex 16.2095 30.1627 0
      vertex 17.5 29.5263 0
    endloop
  endfacet
  facet normal 0.831476 -0.555561 1.27004e-18
    outer loop
      vertex 2.47372 25.5 30
      vertex 3.27311 26.6964 0
      vertex 3.27311 26.6964 30
    endloop
  endfacet
  facet normal 0.831476 -0.555561 1.27004e-18
    outer loop
      vertex 3.27311 26.6964 0
      vertex 2.47372 25.5 30
      vertex 2.47372 25.5 0
    endloop
  endfacet
  facet normal -0.555566 -0.831472 0
    outer loop
      vertex 17.5 29.5263 0
      vertex 18.6964 28.7269 30
      vertex 17.5 29.5263 30
    endloop
  endfacet
  facet normal -0.555566 -0.831472 -0
    outer loop
      vertex 18.6964 28.7269 30
      vertex 17.5 29.5263 0
      vertex 18.6964 28.7269 0
    endloop
  endfacet
  facet normal 0.946927 0.321448 -1.635e-18
    outer loop
      vertex 1.83733 15.7905 30
      vertex 1.37481 17.153 16.5592
      vertex 1.37481 17.153 30
    endloop
  endfacet
  facet normal 0.946928 0.321445 -3.23748e-07
    outer loop
      vertex 1.37481 17.153 16.5592
      vertex 1.83733 15.7905 30
      vertex 1.42763 16.9974 16.2437
    endloop
  endfacet
  facet normal 0.946952 0.321375 -7.16298e-06
    outer loop
      vertex 1.42763 16.9974 16.2437
      vertex 1.83733 15.7905 30
      vertex 1.47402 16.8607 15.8412
    endloop
  endfacet
  facet normal 0.946905 0.321514 4.51873e-06
    outer loop
      vertex 1.47402 16.8607 15.8412
      vertex 1.83733 15.7905 30
      vertex 1.50217 16.7778 15.4242
    endloop
  endfacet
  facet normal 0.946911 0.321494 3.0613e-06
    outer loop
      vertex 1.50217 16.7778 15.4242
      vertex 1.83733 15.7905 30
      vertex 1.51161 16.75 15
    endloop
  endfacet
  facet normal 0.946928 0.321445 3.23748e-07
    outer loop
      vertex 1.83733 15.7905 0
      vertex 1.37481 17.153 13.4408
      vertex 1.42763 16.9974 13.7563
    endloop
  endfacet
  facet normal 0.946952 0.321375 7.16298e-06
    outer loop
      vertex 1.83733 15.7905 0
      vertex 1.42763 16.9974 13.7563
      vertex 1.47402 16.8607 14.1588
    endloop
  endfacet
  facet normal 0.946905 0.321514 -4.51873e-06
    outer loop
      vertex 1.83733 15.7905 0
      vertex 1.47402 16.8607 14.1588
      vertex 1.50217 16.7778 14.5758
    endloop
  endfacet
  facet normal 0.946911 0.321494 -3.0613e-06
    outer loop
      vertex 1.83733 15.7905 0
      vertex 1.50217 16.7778 14.5758
      vertex 1.51161 16.75 15
    endloop
  endfacet
  facet normal 0.946926 0.321452 -0
    outer loop
      vertex 1.83733 15.7905 0
      vertex 1.51161 16.75 15
      vertex 1.83733 15.7905 30
    endloop
  endfacet
  facet normal 0.946927 0.321448 0
    outer loop
      vertex 1.37481 17.153 13.4408
      vertex 1.83733 15.7905 0
      vertex 1.37481 17.153 0
    endloop
  endfacet
  facet normal 0.997859 0.0653948 -5.96133e-20
    outer loop
      vertex 1.0278 19.5758 11.7778
      vertex 1 20 0
      vertex 1 20 11.75
    endloop
  endfacet
  facet normal 0.997859 0.0653994 8.47396e-07
    outer loop
      vertex 1.09411 18.5642 0
      vertex 1.0278 19.5758 11.7778
      vertex 1.05513 19.1588 11.8607
    endloop
  endfacet
  facet normal 0.997858 0.0654246 -4.20089e-07
    outer loop
      vertex 1.09411 18.5642 0
      vertex 1.05513 19.1588 11.8607
      vertex 1.08152 18.7563 11.9974
    endloop
  endfacet
  facet normal 0.997859 0.0653985 -0
    outer loop
      vertex 1.09411 18.5642 0
      vertex 1.08152 18.7563 11.9974
      vertex 1.09411 18.5642 12.0921
    endloop
  endfacet
  facet normal 0.997859 0.065405 3.67148e-07
    outer loop
      vertex 1.0278 19.5758 11.7778
      vertex 1.09411 18.5642 0
      vertex 1 20 0
    endloop
  endfacet
  facet normal 0.997859 0.0653948 0
    outer loop
      vertex 1 20 30
      vertex 1.0278 19.5758 18.2222
      vertex 1 20 18.25
    endloop
  endfacet
  facet normal 0.997859 0.065405 -3.67148e-07
    outer loop
      vertex 1.09411 18.5642 30
      vertex 1.0278 19.5758 18.2222
      vertex 1 20 30
    endloop
  endfacet
  facet normal 0.997859 0.0653994 -8.47396e-07
    outer loop
      vertex 1.0278 19.5758 18.2222
      vertex 1.09411 18.5642 30
      vertex 1.05513 19.1588 18.1393
    endloop
  endfacet
  facet normal 0.997858 0.0654246 4.20089e-07
    outer loop
      vertex 1.05513 19.1588 18.1393
      vertex 1.09411 18.5642 30
      vertex 1.08152 18.7563 18.0026
    endloop
  endfacet
  facet normal 0.997859 0.0653985 4.21811e-20
    outer loop
      vertex 1.08152 18.7563 18.0026
      vertex 1.09411 18.5642 30
      vertex 1.09411 18.5642 17.9079
    endloop
  endfacet
  facet normal -0.896874 0.442286 -1.11316e-18
    outer loop
      vertex 21.5263 14.5 0
      vertex 22.1627 15.7905 30
      vertex 22.1627 15.7905 0
    endloop
  endfacet
  facet normal -0.896874 0.442286 -1.11316e-18
    outer loop
      vertex 22.1627 15.7905 30
      vertex 21.5263 14.5 0
      vertex 21.5263 14.5 30
    endloop
  endfacet
  facet normal 0.751841 0.659345 -2.44009e-18
    outer loop
      vertex 4.22182 12.2218 30
      vertex 3.27311 13.3036 0
      vertex 3.27311 13.3036 30
    endloop
  endfacet
  facet normal 0.751841 0.659345 -2.44009e-18
    outer loop
      vertex 3.27311 13.3036 0
      vertex 4.22182 12.2218 30
      vertex 4.22182 12.2218 0
    endloop
  endfacet
  facet normal -0.946932 -0.321434 0
    outer loop
      vertex 22.1627 24.2095 0
      vertex 22.4884 23.25 15
      vertex 22.1627 24.2095 30
    endloop
  endfacet
  facet normal -0.947124 -0.320867 4.04127e-05
    outer loop
      vertex 22.1627 24.2095 0
      vertex 22.4978 23.2222 14.5758
      vertex 22.4884 23.25 15
    endloop
  endfacet
  facet normal -0.94678 -0.321882 -3.62748e-05
    outer loop
      vertex 22.1627 24.2095 0
      vertex 22.526 23.1393 14.1588
      vertex 22.4978 23.2222 14.5758
    endloop
  endfacet
  facet normal -0.946935 -0.321425 2.33306e-06
    outer loop
      vertex 22.1627 24.2095 0
      vertex 22.5724 23.0026 13.7563
      vertex 22.526 23.1393 14.1588
    endloop
  endfacet
  facet normal -0.946931 -0.321435 -0
    outer loop
      vertex 22.6252 22.847 13.4408
      vertex 22.1627 24.2095 0
      vertex 22.6252 22.847 0
    endloop
  endfacet
  facet normal -0.94696 -0.321352 9.38976e-06
    outer loop
      vertex 22.1627 24.2095 0
      vertex 22.6252 22.847 13.4408
      vertex 22.5724 23.0026 13.7563
    endloop
  endfacet
  facet normal -0.947124 -0.320867 -4.04127e-05
    outer loop
      vertex 22.4978 23.2222 15.4242
      vertex 22.1627 24.2095 30
      vertex 22.4884 23.25 15
    endloop
  endfacet
  facet normal -0.94678 -0.321882 3.62748e-05
    outer loop
      vertex 22.526 23.1393 15.8412
      vertex 22.1627 24.2095 30
      vertex 22.4978 23.2222 15.4242
    endloop
  endfacet
  facet normal -0.946935 -0.321425 -2.33306e-06
    outer loop
      vertex 22.5724 23.0026 16.2437
      vertex 22.1627 24.2095 30
      vertex 22.526 23.1393 15.8412
    endloop
  endfacet
  facet normal -0.94696 -0.321352 -9.38976e-06
    outer loop
      vertex 22.6252 22.847 16.5592
      vertex 22.1627 24.2095 30
      vertex 22.5724 23.0026 16.2437
    endloop
  endfacet
  facet normal -0.946931 -0.321435 2.29629e-19
    outer loop
      vertex 22.1627 24.2095 30
      vertex 22.6252 22.847 16.5592
      vertex 22.6252 22.847 30
    endloop
  endfacet
  facet normal 0.321433 -0.946932 0
    outer loop
      vertex 7.79048 30.1627 0
      vertex 9.15299 30.6252 30
      vertex 7.79048 30.1627 30
    endloop
  endfacet
  facet normal 0.321433 -0.946932 0
    outer loop
      vertex 9.15299 30.6252 30
      vertex 7.79048 30.1627 0
      vertex 9.15299 30.6252 0
    endloop
  endfacet
  facet normal -0.555566 0.831472 0
    outer loop
      vertex 18.6964 11.2731 0
      vertex 17.5 10.4737 30
      vertex 18.6964 11.2731 30
    endloop
  endfacet
  facet normal -0.555566 0.831472 0
    outer loop
      vertex 17.5 10.4737 30
      vertex 18.6964 11.2731 0
      vertex 17.5 10.4737 0
    endloop
  endfacet
  facet normal 0.442275 0.896879 -0
    outer loop
      vertex 7.79048 9.83733 0
      vertex 6.5 10.4737 30
      vertex 7.79048 9.83733 30
    endloop
  endfacet
  facet normal 0.442275 0.896879 0
    outer loop
      vertex 6.5 10.4737 30
      vertex 7.79048 9.83733 0
      vertex 6.5 10.4737 0
    endloop
  endfacet
  facet normal 0.442292 -0.896871 0
    outer loop
      vertex 6.5 29.5263 0
      vertex 7.79048 30.1627 30
      vertex 6.5 29.5263 30
    endloop
  endfacet
  facet normal 0.442292 -0.896871 0
    outer loop
      vertex 7.79048 30.1627 30
      vertex 6.5 29.5263 0
      vertex 7.79048 30.1627 0
    endloop
  endfacet
  facet normal -0.831472 0.555566 -1.1207e-18
    outer loop
      vertex 20.7269 13.3036 0
      vertex 21.5263 14.5 30
      vertex 21.5263 14.5 0
    endloop
  endfacet
  facet normal -0.831472 0.555566 -1.1207e-18
    outer loop
      vertex 21.5263 14.5 30
      vertex 20.7269 13.3036 0
      vertex 20.7269 13.3036 30
    endloop
  endfacet
  facet normal 0.0653981 -0.997859 0
    outer loop
      vertex 10.5642 30.9059 0
      vertex 12 31 30
      vertex 10.5642 30.9059 30
    endloop
  endfacet
  facet normal 0.0653981 -0.997859 0
    outer loop
      vertex 12 31 30
      vertex 10.5642 30.9059 0
      vertex 12 31 0
    endloop
  endfacet
  facet normal 0.555572 -0.831468 0
    outer loop
      vertex 5.30362 28.7269 0
      vertex 6.5 29.5263 30
      vertex 5.30362 28.7269 30
    endloop
  endfacet
  facet normal 0.555572 -0.831468 0
    outer loop
      vertex 6.5 29.5263 30
      vertex 5.30362 28.7269 0
      vertex 6.5 29.5263 0
    endloop
  endfacet
  facet normal 0.659341 0.751844 -0
    outer loop
      vertex 5.30362 11.2731 0
      vertex 4.22182 12.2218 30
      vertex 5.30362 11.2731 30
    endloop
  endfacet
  facet normal 0.659341 0.751844 0
    outer loop
      vertex 4.22182 12.2218 30
      vertex 5.30362 11.2731 0
      vertex 4.22182 12.2218 0
    endloop
  endfacet
  facet normal -0.997859 0.0653948 0
    outer loop
      vertex 23 20 0
      vertex 22.9722 19.5758 11.7778
      vertex 23 20 11.75
    endloop
  endfacet
  facet normal -0.997859 0.0653981 1.16836e-07
    outer loop
      vertex 22.9059 18.5642 0
      vertex 22.9722 19.5758 11.7778
      vertex 23 20 0
    endloop
  endfacet
  facet normal -0.997864 0.065329 6.07683e-06
    outer loop
      vertex 22.9722 19.5758 11.7778
      vertex 22.9059 18.5642 0
      vertex 22.9449 19.1588 11.8607
    endloop
  endfacet
  facet normal -0.997856 0.0654494 1.23314e-08
    outer loop
      vertex 22.9449 19.1588 11.8607
      vertex 22.9059 18.5642 0
      vertex 22.9185 18.7563 11.9974
    endloop
  endfacet
  facet normal -0.997856 0.0654502 -8.20938e-20
    outer loop
      vertex 22.9185 18.7563 11.9974
      vertex 22.9059 18.5642 0
      vertex 22.9059 18.5642 12.0921
    endloop
  endfacet
  facet normal -0.997859 0.0653948 -6.51059e-21
    outer loop
      vertex 22.9722 19.5758 18.2222
      vertex 23 20 30
      vertex 23 20 18.25
    endloop
  endfacet
  facet normal -0.997864 0.065329 -6.07683e-06
    outer loop
      vertex 22.9059 18.5642 30
      vertex 22.9722 19.5758 18.2222
      vertex 22.9449 19.1588 18.1393
    endloop
  endfacet
  facet normal -0.997856 0.0654494 -1.23314e-08
    outer loop
      vertex 22.9059 18.5642 30
      vertex 22.9449 19.1588 18.1393
      vertex 22.9185 18.7563 18.0026
    endloop
  endfacet
  facet normal -0.997856 0.0654502 0
    outer loop
      vertex 22.9059 18.5642 30
      vertex 22.9185 18.7563 18.0026
      vertex 22.9059 18.5642 17.9079
    endloop
  endfacet
  facet normal -0.997859 0.0653981 -1.16836e-07
    outer loop
      vertex 22.9722 19.5758 18.2222
      vertex 22.9059 18.5642 30
      vertex 23 20 30
    endloop
  endfacet
  facet normal 0.980755 -0.195243 2.27679e-20
    outer loop
      vertex 1.36836 22.8146 13.375
      vertex 1.37481 22.847 0
      vertex 1.37481 22.847 13.4408
    endloop
  endfacet
  facet normal 0.980796 -0.195039 5.1412e-07
    outer loop
      vertex 1.32139 22.5784 13.0215
      vertex 1.37481 22.847 0
      vertex 1.36836 22.8146 13.375
    endloop
  endfacet
  facet normal 0.980782 -0.195106 -9.21509e-07
    outer loop
      vertex 1.26563 22.2981 12.7019
      vertex 1.37481 22.847 0
      vertex 1.32139 22.5784 13.0215
    endloop
  endfacet
  facet normal 0.980781 -0.195112 -1.19508e-06
    outer loop
      vertex 1.20205 21.9785 12.4216
      vertex 1.37481 22.847 0
      vertex 1.26563 22.2981 12.7019
    endloop
  endfacet
  facet normal 0.980788 -0.195076 1.37104e-06
    outer loop
      vertex 1.13174 21.625 12.1854
      vertex 1.37481 22.847 0
      vertex 1.20205 21.9785 12.4216
    endloop
  endfacet
  facet normal 0.980789 -0.19507 2.02037e-06
    outer loop
      vertex 1.09411 21.4358 12.0921
      vertex 1.37481 22.847 0
      vertex 1.13174 21.625 12.1854
    endloop
  endfacet
  facet normal 0.980786 -0.195087 -5.84821e-19
    outer loop
      vertex 1.37481 22.847 0
      vertex 1.09411 21.4358 12.0921
      vertex 1.09411 21.4358 0
    endloop
  endfacet
  facet normal 0.980755 -0.195243 0
    outer loop
      vertex 1.37481 22.847 30
      vertex 1.36836 22.8146 16.625
      vertex 1.37481 22.847 16.5592
    endloop
  endfacet
  facet normal 0.980796 -0.195039 -5.1412e-07
    outer loop
      vertex 1.37481 22.847 30
      vertex 1.32139 22.5784 16.9785
      vertex 1.36836 22.8146 16.625
    endloop
  endfacet
  facet normal 0.980782 -0.195106 9.21509e-07
    outer loop
      vertex 1.37481 22.847 30
      vertex 1.26563 22.2981 17.2981
      vertex 1.32139 22.5784 16.9785
    endloop
  endfacet
  facet normal 0.980781 -0.195112 1.19508e-06
    outer loop
      vertex 1.37481 22.847 30
      vertex 1.20205 21.9785 17.5784
      vertex 1.26563 22.2981 17.2981
    endloop
  endfacet
  facet normal 0.980788 -0.195076 -1.37104e-06
    outer loop
      vertex 1.37481 22.847 30
      vertex 1.13174 21.625 17.8146
      vertex 1.20205 21.9785 17.5784
    endloop
  endfacet
  facet normal 0.980786 -0.195087 0
    outer loop
      vertex 1.09411 21.4358 17.9079
      vertex 1.37481 22.847 30
      vertex 1.09411 21.4358 30
    endloop
  endfacet
  facet normal 0.980789 -0.19507 -2.02037e-06
    outer loop
      vertex 1.37481 22.847 30
      vertex 1.09411 21.4358 17.9079
      vertex 1.13174 21.625 17.8146
    endloop
  endfacet
  facet normal -0.980786 0.195087 -3.75522e-19
    outer loop
      vertex 22.6252 17.153 0
      vertex 22.9059 18.5642 12.0921
      vertex 22.9059 18.5642 0
    endloop
  endfacet
  facet normal -0.980817 0.194929 1.91827e-05
    outer loop
      vertex 22.9059 18.5642 12.0921
      vertex 22.6252 17.153 0
      vertex 22.8683 18.375 12.1854
    endloop
  endfacet
  facet normal -0.980743 0.195303 -1.98339e-05
    outer loop
      vertex 22.8683 18.375 12.1854
      vertex 22.6252 17.153 0
      vertex 22.7979 18.0215 12.4216
    endloop
  endfacet
  facet normal -0.980826 0.194885 1.0515e-05
    outer loop
      vertex 22.7979 18.0215 12.4216
      vertex 22.6252 17.153 0
      vertex 22.7344 17.7019 12.7019
    endloop
  endfacet
  facet normal -0.980756 0.195236 -5.21387e-06
    outer loop
      vertex 22.7344 17.7019 12.7019
      vertex 22.6252 17.153 0
      vertex 22.6786 17.4216 13.0215
    endloop
  endfacet
  facet normal -0.980773 0.195153 -3.43976e-06
    outer loop
      vertex 22.6786 17.4216 13.0215
      vertex 22.6252 17.153 0
      vertex 22.6316 17.1854 13.375
    endloop
  endfacet
  facet normal -0.981044 0.193786 9.09895e-21
    outer loop
      vertex 22.6316 17.1854 13.375
      vertex 22.6252 17.153 0
      vertex 22.6252 17.153 13.4408
    endloop
  endfacet
  facet normal -0.980817 0.194929 -1.91827e-05
    outer loop
      vertex 22.6252 17.153 30
      vertex 22.9059 18.5642 17.9079
      vertex 22.8683 18.375 17.8146
    endloop
  endfacet
  facet normal -0.980743 0.195303 1.98339e-05
    outer loop
      vertex 22.6252 17.153 30
      vertex 22.8683 18.375 17.8146
      vertex 22.7979 18.0215 17.5784
    endloop
  endfacet
  facet normal -0.980826 0.194885 -1.0515e-05
    outer loop
      vertex 22.6252 17.153 30
      vertex 22.7979 18.0215 17.5784
      vertex 22.7344 17.7019 17.2981
    endloop
  endfacet
  facet normal -0.980756 0.195236 5.21387e-06
    outer loop
      vertex 22.6252 17.153 30
      vertex 22.7344 17.7019 17.2981
      vertex 22.6786 17.4216 16.9785
    endloop
  endfacet
  facet normal -0.980773 0.195153 3.43976e-06
    outer loop
      vertex 22.6252 17.153 30
      vertex 22.6786 17.4216 16.9785
      vertex 22.6316 17.1854 16.625
    endloop
  endfacet
  facet normal -0.981044 0.193786 0
    outer loop
      vertex 22.6252 17.153 30
      vertex 22.6316 17.1854 16.625
      vertex 22.6252 17.153 16.5592
    endloop
  endfacet
  facet normal -0.980786 0.195087 0
    outer loop
      vertex 22.9059 18.5642 17.9079
      vertex 22.6252 17.153 30
      vertex 22.9059 18.5642 30
    endloop
  endfacet
  facet normal 0 0 -1
    outer loop
      vertex 60 0 0
      vertex 59 20 0
      vertex 60 40 0
    endloop
  endfacet
  facet normal 0 0 -1
    outer loop
      vertex 60 0 0
      vertex 58.9059 18.5642 0
      vertex 59 20 0
    endloop
  endfacet
  facet normal 0 0 -1
    outer loop
      vertex 60 0 0
      vertex 58.6252 17.153 0
      vertex 58.9059 18.5642 0
    endloop
  endfacet
  facet normal 0 0 -1
    outer loop
      vertex 60 0 0
      vertex 58.1627 15.7905 0
      vertex 58.6252 17.153 0
    endloop
  endfacet
  facet normal 0 0 -1
    outer loop
      vertex 60 0 0
      vertex 57.5263 14.5 0
      vertex 58.1627 15.7905 0
    endloop
  endfacet
  facet normal 0 0 -1
    outer loop
      vertex 60 0 0
      vertex 56.7269 13.3036 0
      vertex 57.5263 14.5 0
    endloop
  endfacet
  facet normal 0 0 -1
    outer loop
      vertex 60 0 0
      vertex 55.7782 12.2218 0
      vertex 56.7269 13.3036 0
    endloop
  endfacet
  facet normal 0 0 -1
    outer loop
      vertex 60 0 0
      vertex 54.6964 11.2731 0
      vertex 55.7782 12.2218 0
    endloop
  endfacet
  facet normal 0 0 -1
    outer loop
      vertex 60 0 0
      vertex 53.5 10.4737 0
      vertex 54.6964 11.2731 0
    endloop
  endfacet
  facet normal 0 0 -1
    outer loop
      vertex 60 0 0
      vertex 52.2095 9.83733 0
      vertex 53.5 10.4737 0
    endloop
  endfacet
  facet normal 0 0 -1
    outer loop
      vertex 60 0 0
      vertex 50.847 9.37481 0
      vertex 52.2095 9.83733 0
    endloop
  endfacet
  facet normal 0 0 -1
    outer loop
      vertex 60 0 0
      vertex 49.4358 9.09411 0
      vertex 50.847 9.37481 0
    endloop
  endfacet
  facet normal 0 0 -1
    outer loop
      vertex 60 0 0
      vertex 48 9 0
      vertex 49.4358 9.09411 0
    endloop
  endfacet
  facet normal 0 0 -1
    outer loop
      vertex 60 0 0
      vertex 46.5642 9.09411 0
      vertex 48 9 0
    endloop
  endfacet
  facet normal 0 0 -1
    outer loop
      vertex 60 0 0
      vertex 45.153 9.37481 0
      vertex 46.5642 9.09411 0
    endloop
  endfacet
  facet normal 0 0 -1
    outer loop
      vertex 60 0 0
      vertex 43.7905 9.83733 0
      vertex 45.153 9.37481 0
    endloop
  endfacet
  facet normal 0 0 -1
    outer loop
      vertex 16.2095 9.83733 0
      vertex 43.7905 9.83733 0
      vertex 60 0 0
    endloop
  endfacet
  facet normal 0 0 -1
    outer loop
      vertex 37.0941 18.5642 0
      vertex 23 20 0
      vertex 37 20 0
    endloop
  endfacet
  facet normal 0 0 -1
    outer loop
      vertex 22.9059 18.5642 0
      vertex 37.0941 18.5642 0
      vertex 37.3748 17.153 0
    endloop
  endfacet
  facet normal 0 0 -1
    outer loop
      vertex 22.6252 17.153 0
      vertex 37.3748 17.153 0
      vertex 37.8373 15.7905 0
    endloop
  endfacet
  facet normal 0 0 -1
    outer loop
      vertex 22.1627 15.7905 0
      vertex 37.8373 15.7905 0
      vertex 38.4737 14.5 0
    endloop
  endfacet
  facet normal 0 0 -1
    outer loop
      vertex 21.5263 14.5 0
      vertex 38.4737 14.5 0
      vertex 39.2731 13.3036 0
    endloop
  endfacet
  facet normal 0 0 -1
    outer loop
      vertex 20.7269 13.3036 0
      vertex 39.2731 13.3036 0
      vertex 40.2218 12.2218 0
    endloop
  endfacet
  facet normal 0 0 -1
    outer loop
      vertex 19.7782 12.2218 0
      vertex 40.2218 12.2218 0
      vertex 41.3036 11.2731 0
    endloop
  endfacet
  facet normal 0 0 -1
    outer loop
      vertex 18.6964 11.2731 0
      vertex 41.3036 11.2731 0
      vertex 42.5 10.4737 0
    endloop
  endfacet
  facet normal 0 0 -1
    outer loop
      vertex 43.7905 9.83733 0
      vertex 16.2095 9.83733 0
      vertex 42.5 10.4737 0
    endloop
  endfacet
  facet normal 0 0 -1
    outer loop
      vertex 37.0941 18.5642 0
      vertex 22.9059 18.5642 0
      vertex 23 20 0
    endloop
  endfacet
  facet normal 0 0 -1
    outer loop
      vertex 37.3748 17.153 0
      vertex 22.6252 17.153 0
      vertex 22.9059 18.5642 0
    endloop
  endfacet
  facet normal 0 0 -1
    outer loop
      vertex 37.8373 15.7905 0
      vertex 22.1627 15.7905 0
      vertex 22.6252 17.153 0
    endloop
  endfacet
  facet normal 0 0 -1
    outer loop
      vertex 38.4737 14.5 0
      vertex 21.5263 14.5 0
      vertex 22.1627 15.7905 0
    endloop
  endfacet
  facet normal 0 0 -1
    outer loop
      vertex 39.2731 13.3036 0
      vertex 20.7269 13.3036 0
      vertex 21.5263 14.5 0
    endloop
  endfacet
  facet normal 0 0 -1
    outer loop
      vertex 40.2218 12.2218 0
      vertex 19.7782 12.2218 0
      vertex 20.7269 13.3036 0
    endloop
  endfacet
  facet normal 0 0 -1
    outer loop
      vertex 41.3036 11.2731 0
      vertex 18.6964 11.2731 0
      vertex 19.7782 12.2218 0
    endloop
  endfacet
  facet normal 0 0 -1
    outer loop
      vertex 42.5 10.4737 0
      vertex 17.5 10.4737 0
      vertex 18.6964 11.2731 0
    endloop
  endfacet
  facet normal -0 0 -1
    outer loop
      vertex 42.5 10.4737 0
      vertex 16.2095 9.83733 0
      vertex 17.5 10.4737 0
    endloop
  endfacet
  facet normal 0 0 -1
    outer loop
      vertex 0 0 0
      vertex 16.2095 9.83733 0
      vertex 60 0 0
    endloop
  endfacet
  facet normal 0 0 -1
    outer loop
      vertex 16.2095 9.83733 0
      vertex 0 0 0
      vertex 14.847 9.37481 0
    endloop
  endfacet
  facet normal 0 0 -1
    outer loop
      vertex 14.847 9.37481 0
      vertex 0 0 0
      vertex 13.4358 9.09411 0
    endloop
  endfacet
  facet normal 0 0 -1
    outer loop
      vertex 13.4358 9.09411 0
      vertex 0 0 0
      vertex 12 9 0
    endloop
  endfacet
  facet normal -0 0 -1
    outer loop
      vertex 1.09411 18.5642 0
      vertex 0 0 0
      vertex 1 20 0
    endloop
  endfacet
  facet normal -0 0 -1
    outer loop
      vertex 1.37481 17.153 0
      vertex 0 0 0
      vertex 1.09411 18.5642 0
    endloop
  endfacet
  facet normal -0 0 -1
    outer loop
      vertex 1.83733 15.7905 0
      vertex 0 0 0
      vertex 1.37481 17.153 0
    endloop
  endfacet
  facet normal -0 0 -1
    outer loop
      vertex 2.47372 14.5 0
      vertex 0 0 0
      vertex 1.83733 15.7905 0
    endloop
  endfacet
  facet normal -0 0 -1
    outer loop
      vertex 3.27311 13.3036 0
      vertex 0 0 0
      vertex 2.47372 14.5 0
    endloop
  endfacet
  facet normal -0 0 -1
    outer loop
      vertex 4.22182 12.2218 0
      vertex 0 0 0
      vertex 3.27311 13.3036 0
    endloop
  endfacet
  facet normal -0 0 -1
    outer loop
      vertex 5.30362 11.2731 0
      vertex 0 0 0
      vertex 4.22182 12.2218 0
    endloop
  endfacet
  facet normal -0 0 -1
    outer loop
      vertex 6.5 10.4737 0
      vertex 0 0 0
      vertex 5.30362 11.2731 0
    endloop
  endfacet
  facet normal -0 0 -1
    outer loop
      vertex 7.79048 9.83733 0
      vertex 0 0 0
      vertex 6.5 10.4737 0
    endloop
  endfacet
  facet normal -0 0 -1
    outer loop
      vertex 9.15299 9.37481 0
      vertex 0 0 0
      vertex 7.79048 9.83733 0
    endloop
  endfacet
  facet normal -0 0 -1
    outer loop
      vertex 10.5642 9.09411 0
      vertex 0 0 0
      vertex 9.15299 9.37481 0
    endloop
  endfacet
  facet normal -0 0 -1
    outer loop
      vertex 12 9 0
      vertex 0 0 0
      vertex 10.5642 9.09411 0
    endloop
  endfacet
  facet normal 0 0 -1
    outer loop
      vertex 58.9059 21.4358 0
      vertex 60 40 0
      vertex 59 20 0
    endloop
  endfacet
  facet normal 0 0 -1
    outer loop
      vertex 58.6252 22.847 0
      vertex 60 40 0
      vertex 58.9059 21.4358 0
    endloop
  endfacet
  facet normal 0 0 -1
    outer loop
      vertex 58.1627 24.2095 0
      vertex 60 40 0
      vertex 58.6252 22.847 0
    endloop
  endfacet
  facet normal 0 0 -1
    outer loop
      vertex 57.5263 25.5 0
      vertex 60 40 0
      vertex 58.1627 24.2095 0
    endloop
  endfacet
  facet normal 0 0 -1
    outer loop
      vertex 56.7269 26.6964 0
      vertex 60 40 0
      vertex 57.5263 25.5 0
    endloop
  endfacet
  facet normal 0 0 -1
    outer loop
      vertex 55.7782 27.7782 0
      vertex 60 40 0
      vertex 56.7269 26.6964 0
    endloop
  endfacet
  facet normal 0 0 -1
    outer loop
      vertex 54.6964 28.7269 0
      vertex 60 40 0
      vertex 55.7782 27.7782 0
    endloop
  endfacet
  facet normal 0 0 -1
    outer loop
      vertex 53.5 29.5263 0
      vertex 60 40 0
      vertex 54.6964 28.7269 0
    endloop
  endfacet
  facet normal 0 0 -1
    outer loop
      vertex 52.2095 30.1627 0
      vertex 60 40 0
      vertex 53.5 29.5263 0
    endloop
  endfacet
  facet normal 0 0 -1
    outer loop
      vertex 50.847 30.6252 0
      vertex 60 40 0
      vertex 52.2095 30.1627 0
    endloop
  endfacet
  facet normal 0 0 -1
    outer loop
      vertex 49.4358 30.9059 0
      vertex 60 40 0
      vertex 50.847 30.6252 0
    endloop
  endfacet
  facet normal 0 0 -1
    outer loop
      vertex 48 31 0
      vertex 60 40 0
      vertex 49.4358 30.9059 0
    endloop
  endfacet
  facet normal 0 0 -1
    outer loop
      vertex 46.5642 30.9059 0
      vertex 60 40 0
      vertex 48 31 0
    endloop
  endfacet
  facet normal 0 0 -1
    outer loop
      vertex 45.153 30.6252 0
      vertex 60 40 0
      vertex 46.5642 30.9059 0
    endloop
  endfacet
  facet normal 0 0 -1
    outer loop
      vertex 43.7905 30.1627 0
      vertex 60 40 0
      vertex 45.153 30.6252 0
    endloop
  endfacet
  facet normal 0 0 -1
    outer loop
      vertex 16.2095 30.1627 0
      vertex 43.7905 30.1627 0
      vertex 42.5 29.5263 0
    endloop
  endfacet
  facet normal 0 0 -1
    outer loop
      vertex 23 20 0
      vertex 37.0941 21.4358 0
      vertex 37 20 0
    endloop
  endfacet
  facet normal 0 0 -1
    outer loop
      vertex 22.9059 21.4358 0
      vertex 37.0941 21.4358 0
      vertex 23 20 0
    endloop
  endfacet
  facet normal 0 0 -1
    outer loop
      vertex 37.0941 21.4358 0
      vertex 22.9059 21.4358 0
      vertex 37.3748 22.847 0
    endloop
  endfacet
  facet normal 0 0 -1
    outer loop
      vertex 22.6252 22.847 0
      vertex 37.3748 22.847 0
      vertex 22.9059 21.4358 0
    endloop
  endfacet
  facet normal 0 0 -1
    outer loop
      vertex 37.3748 22.847 0
      vertex 22.6252 22.847 0
      vertex 37.8373 24.2095 0
    endloop
  endfacet
  facet normal 0 0 -1
    outer loop
      vertex 22.1627 24.2095 0
      vertex 37.8373 24.2095 0
      vertex 22.6252 22.847 0
    endloop
  endfacet
  facet normal 0 0 -1
    outer loop
      vertex 37.8373 24.2095 0
      vertex 22.1627 24.2095 0
      vertex 38.4737 25.5 0
    endloop
  endfacet
  facet normal 0 0 -1
    outer loop
      vertex 21.5263 25.5 0
      vertex 38.4737 25.5 0
      vertex 22.1627 24.2095 0
    endloop
  endfacet
  facet normal 0 0 -1
    outer loop
      vertex 38.4737 25.5 0
      vertex 21.5263 25.5 0
      vertex 39.2731 26.6964 0
    endloop
  endfacet
  facet normal 0 0 -1
    outer loop
      vertex 20.7269 26.6964 0
      vertex 39.2731 26.6964 0
      vertex 21.5263 25.5 0
    endloop
  endfacet
  facet normal 0 0 -1
    outer loop
      vertex 39.2731 26.6964 0
      vertex 20.7269 26.6964 0
      vertex 40.2218 27.7782 0
    endloop
  endfacet
  facet normal 0 0 -1
    outer loop
      vertex 19.7782 27.7782 0
      vertex 40.2218 27.7782 0
      vertex 20.7269 26.6964 0
    endloop
  endfacet
  facet normal 0 0 -1
    outer loop
      vertex 40.2218 27.7782 0
      vertex 19.7782 27.7782 0
      vertex 41.3036 28.7269 0
    endloop
  endfacet
  facet normal 0 0 -1
    outer loop
      vertex 18.6964 28.7269 0
      vertex 41.3036 28.7269 0
      vertex 19.7782 27.7782 0
    endloop
  endfacet
  facet normal 0 0 -1
    outer loop
      vertex 41.3036 28.7269 0
      vertex 18.6964 28.7269 0
      vertex 42.5 29.5263 0
    endloop
  endfacet
  facet normal 0 0 -1
    outer loop
      vertex 17.5 29.5263 0
      vertex 42.5 29.5263 0
      vertex 18.6964 28.7269 0
    endloop
  endfacet
  facet normal 0 0 -1
    outer loop
      vertex 16.2095 30.1627 0
      vertex 42.5 29.5263 0
      vertex 17.5 29.5263 0
    endloop
  endfacet
  facet normal 0 0 -1
    outer loop
      vertex 43.7905 30.1627 0
      vertex 16.2095 30.1627 0
      vertex 60 40 0
    endloop
  endfacet
  facet normal 0 0 -1
    outer loop
      vertex 0 40 0
      vertex 16.2095 30.1627 0
      vertex 14.847 30.6252 0
    endloop
  endfacet
  facet normal 0 0 -1
    outer loop
      vertex 0 40 0
      vertex 14.847 30.6252 0
      vertex 13.4358 30.9059 0
    endloop
  endfacet
  facet normal 0 0 -1
    outer loop
      vertex 0 40 0
      vertex 13.4358 30.9059 0
      vertex 12 31 0
    endloop
  endfacet
  facet normal 0 0 -1
    outer loop
      vertex 0 40 0
      vertex 12 31 0
      vertex 10.5642 30.9059 0
    endloop
  endfacet
  facet normal 0 0 -1
    outer loop
      vertex 16.2095 30.1627 0
      vertex 0 40 0
      vertex 60 40 0
    endloop
  endfacet
  facet normal 0 0 -1
    outer loop
      vertex 9.15299 30.6252 0
      vertex 0 40 0
      vertex 10.5642 30.9059 0
    endloop
  endfacet
  facet normal 0 0 -1
    outer loop
      vertex 7.79048 30.1627 0
      vertex 0 40 0
      vertex 9.15299 30.6252 0
    endloop
  endfacet
  facet normal 0 0 -1
    outer loop
      vertex 6.5 29.5263 0
      vertex 0 40 0
      vertex 7.79048 30.1627 0
    endloop
  endfacet
  facet normal 0 0 -1
    outer loop
      vertex 5.30362 28.7269 0
      vertex 0 40 0
      vertex 6.5 29.5263 0
    endloop
  endfacet
  facet normal 0 0 -1
    outer loop
      vertex 4.22182 27.7782 0
      vertex 0 40 0
      vertex 5.30362 28.7269 0
    endloop
  endfacet
  facet normal 0 0 -1
    outer loop
      vertex 3.27311 26.6964 0
      vertex 0 40 0
      vertex 4.22182 27.7782 0
    endloop
  endfacet
  facet normal 0 0 -1
    outer loop
      vertex 2.47372 25.5 0
      vertex 0 40 0
      vertex 3.27311 26.6964 0
    endloop
  endfacet
  facet normal 0 0 -1
    outer loop
      vertex 1.83733 24.2095 0
      vertex 0 40 0
      vertex 2.47372 25.5 0
    endloop
  endfacet
  facet normal 0 0 -1
    outer loop
      vertex 1.37481 22.847 0
      vertex 0 40 0
      vertex 1.83733 24.2095 0
    endloop
  endfacet
  facet normal 0 0 -1
    outer loop
      vertex 1.09411 21.4358 0
      vertex 0 40 0
      vertex 1.37481 22.847 0
    endloop
  endfacet
  facet normal 0 0 -1
    outer loop
      vertex 1 20 0
      vertex 0 40 0
      vertex 1.09411 21.4358 0
    endloop
  endfacet
  facet normal 0 0 -1
    outer loop
      vertex 0 40 0
      vertex 1 20 0
      vertex 0 0 0
    endloop
  endfacet
  facet normal 0.659341 -0.751844 0
    outer loop
      vertex 4.22182 27.7782 0
      vertex 5.30362 28.7269 30
      vertex 4.22182 27.7782 30
    endloop
  endfacet
  facet normal 0.659341 -0.751844 0
    outer loop
      vertex 5.30362 28.7269 30
      vertex 4.22182 27.7782 0
      vertex 5.30362 28.7269 0
    endloop
  endfacet
  facet normal 0.555572 0.831468 -0
    outer loop
      vertex 6.5 10.4737 0
      vertex 5.30362 11.2731 30
      vertex 6.5 10.4737 30
    endloop
  endfacet
  facet normal 0.555572 0.831468 0
    outer loop
      vertex 5.30362 11.2731 30
      vertex 6.5 10.4737 0
      vertex 5.30362 11.2731 0
    endloop
  endfacet
  facet normal -0.195087 -0.980786 0
    outer loop
      vertex 13.4358 30.9059 0
      vertex 14.847 30.6252 30
      vertex 13.4358 30.9059 30
    endloop
  endfacet
  facet normal -0.195087 -0.980786 -0
    outer loop
      vertex 14.847 30.6252 30
      vertex 13.4358 30.9059 0
      vertex 14.847 30.6252 0
    endloop
  endfacet
  facet normal -0.321448 0.946927 0
    outer loop
      vertex 16.2095 9.83733 0
      vertex 14.847 9.37481 30
      vertex 16.2095 9.83733 30
    endloop
  endfacet
  facet normal -0.321448 0.946927 0
    outer loop
      vertex 14.847 9.37481 30
      vertex 16.2095 9.83733 0
      vertex 14.847 9.37481 0
    endloop
  endfacet
  facet normal -0.44227 0.896882 0
    outer loop
      vertex 17.5 10.4737 0
      vertex 16.2095 9.83733 30
      vertex 17.5 10.4737 30
    endloop
  endfacet
  facet normal -0.44227 0.896882 0
    outer loop
      vertex 16.2095 9.83733 30
      vertex 17.5 10.4737 0
      vertex 16.2095 9.83733 0
    endloop
  endfacet
  facet normal 0.065405 0.997859 -0
    outer loop
      vertex 12 9 0
      vertex 10.5642 9.09411 30
      vertex 12 9 30
    endloop
  endfacet
  facet normal 0.065405 0.997859 0
    outer loop
      vertex 10.5642 9.09411 30
      vertex 12 9 0
      vertex 10.5642 9.09411 0
    endloop
  endfacet
  facet normal 0.946926 -0.321452 0
    outer loop
      vertex 1.83733 24.2095 30
      vertex 1.51161 23.25 15
      vertex 1.83733 24.2095 0
    endloop
  endfacet
  facet normal 0.946911 -0.321494 3.0613e-06
    outer loop
      vertex 1.83733 24.2095 30
      vertex 1.50217 23.2222 15.4242
      vertex 1.51161 23.25 15
    endloop
  endfacet
  facet normal 0.946905 -0.321514 4.51873e-06
    outer loop
      vertex 1.83733 24.2095 30
      vertex 1.47402 23.1393 15.8412
      vertex 1.50217 23.2222 15.4242
    endloop
  endfacet
  facet normal 0.946952 -0.321375 -7.16298e-06
    outer loop
      vertex 1.83733 24.2095 30
      vertex 1.42763 23.0026 16.2437
      vertex 1.47402 23.1393 15.8412
    endloop
  endfacet
  facet normal 0.946927 -0.321448 0
    outer loop
      vertex 1.37481 22.847 16.5592
      vertex 1.83733 24.2095 30
      vertex 1.37481 22.847 30
    endloop
  endfacet
  facet normal 0.946928 -0.321445 -3.23748e-07
    outer loop
      vertex 1.83733 24.2095 30
      vertex 1.37481 22.847 16.5592
      vertex 1.42763 23.0026 16.2437
    endloop
  endfacet
  facet normal 0.946911 -0.321494 -3.0613e-06
    outer loop
      vertex 1.50217 23.2222 14.5758
      vertex 1.83733 24.2095 0
      vertex 1.51161 23.25 15
    endloop
  endfacet
  facet normal 0.946905 -0.321514 -4.51873e-06
    outer loop
      vertex 1.47402 23.1393 14.1588
      vertex 1.83733 24.2095 0
      vertex 1.50217 23.2222 14.5758
    endloop
  endfacet
  facet normal 0.946952 -0.321375 7.16298e-06
    outer loop
      vertex 1.42763 23.0026 13.7563
      vertex 1.83733 24.2095 0
      vertex 1.47402 23.1393 14.1588
    endloop
  endfacet
  facet normal 0.946928 -0.321445 3.23748e-07
    outer loop
      vertex 1.37481 22.847 13.4408
      vertex 1.83733 24.2095 0
      vertex 1.42763 23.0026 13.7563
    endloop
  endfacet
  facet normal 0.946927 -0.321448 -6.6312e-19
    outer loop
      vertex 1.83733 24.2095 0
      vertex 1.37481 22.847 13.4408
      vertex 1.37481 22.847 0
    endloop
  endfacet
  facet normal -0.751844 0.659341 4.07325e-19
    outer loop
      vertex 55.7782 12.2218 0
      vertex 56.7269 13.3036 30
      vertex 56.7269 13.3036 0
    endloop
  endfacet
  facet normal -0.751844 0.659341 4.07325e-19
    outer loop
      vertex 56.7269 13.3036 30
      vertex 55.7782 12.2218 0
      vertex 55.7782 12.2218 30
    endloop
  endfacet
  facet normal -0.065405 0.997859 0
    outer loop
      vertex 49.4358 9.09411 0
      vertex 48 9 30
      vertex 49.4358 9.09411 30
    endloop
  endfacet
  facet normal -0.065405 0.997859 0
    outer loop
      vertex 48 9 30
      vertex 49.4358 9.09411 0
      vertex 48 9 0
    endloop
  endfacet
  facet normal -0.896874 -0.442286 6.44032e-19
    outer loop
      vertex 58.1627 24.2095 0
      vertex 57.5263 25.5 30
      vertex 57.5263 25.5 0
    endloop
  endfacet
  facet normal -0.896874 -0.442286 6.44032e-19
    outer loop
      vertex 57.5263 25.5 30
      vertex 58.1627 24.2095 0
      vertex 58.1627 24.2095 30
    endloop
  endfacet
  facet normal -0.831472 -0.555566 1.1207e-18
    outer loop
      vertex 57.5263 25.5 0
      vertex 56.7269 26.6964 30
      vertex 56.7269 26.6964 0
    endloop
  endfacet
  facet normal -0.831472 -0.555566 1.1207e-18
    outer loop
      vertex 56.7269 26.6964 30
      vertex 57.5263 25.5 0
      vertex 57.5263 25.5 30
    endloop
  endfacet
  facet normal -0.981044 -0.193786 0
    outer loop
      vertex 58.6252 22.847 0
      vertex 58.6316 22.8146 13.375
      vertex 58.6252 22.847 13.4408
    endloop
  endfacet
  facet normal -0.980773 -0.195153 -3.43976e-06
    outer loop
      vertex 58.6252 22.847 0
      vertex 58.6786 22.5784 13.0215
      vertex 58.6316 22.8146 13.375
    endloop
  endfacet
  facet normal -0.980756 -0.195236 -5.21387e-06
    outer loop
      vertex 58.6252 22.847 0
      vertex 58.7344 22.2981 12.7019
      vertex 58.6786 22.5784 13.0215
    endloop
  endfacet
  facet normal -0.980826 -0.194885 1.0515e-05
    outer loop
      vertex 58.6252 22.847 0
      vertex 58.7979 21.9785 12.4216
      vertex 58.7344 22.2981 12.7019
    endloop
  endfacet
  facet normal -0.980743 -0.195303 -1.98339e-05
    outer loop
      vertex 58.6252 22.847 0
      vertex 58.8683 21.625 12.1854
      vertex 58.7979 21.9785 12.4216
    endloop
  endfacet
  facet normal -0.980786 -0.195087 -0
    outer loop
      vertex 58.9059 21.4358 12.0921
      vertex 58.6252 22.847 0
      vertex 58.9059 21.4358 0
    endloop
  endfacet
  facet normal -0.980817 -0.194929 1.91827e-05
    outer loop
      vertex 58.6252 22.847 0
      vertex 58.9059 21.4358 12.0921
      vertex 58.8683 21.625 12.1854
    endloop
  endfacet
  facet normal -0.981044 -0.193786 -9.09895e-21
    outer loop
      vertex 58.6316 22.8146 16.625
      vertex 58.6252 22.847 30
      vertex 58.6252 22.847 16.5592
    endloop
  endfacet
  facet normal -0.980773 -0.195153 3.43976e-06
    outer loop
      vertex 58.6786 22.5784 16.9785
      vertex 58.6252 22.847 30
      vertex 58.6316 22.8146 16.625
    endloop
  endfacet
  facet normal -0.980756 -0.195236 5.21387e-06
    outer loop
      vertex 58.7344 22.2981 17.2981
      vertex 58.6252 22.847 30
      vertex 58.6786 22.5784 16.9785
    endloop
  endfacet
  facet normal -0.980826 -0.194885 -1.0515e-05
    outer loop
      vertex 58.7979 21.9785 17.5784
      vertex 58.6252 22.847 30
      vertex 58.7344 22.2981 17.2981
    endloop
  endfacet
  facet normal -0.980743 -0.195303 1.98339e-05
    outer loop
      vertex 58.8683 21.625 17.8146
      vertex 58.6252 22.847 30
      vertex 58.7979 21.9785 17.5784
    endloop
  endfacet
  facet normal -0.980817 -0.194929 -1.91827e-05
    outer loop
      vertex 58.9059 21.4358 17.9079
      vertex 58.6252 22.847 30
      vertex 58.8683 21.625 17.8146
    endloop
  endfacet
  facet normal -0.980786 -0.195087 -6.35241e-19
    outer loop
      vertex 58.6252 22.847 30
      vertex 58.9059 21.4358 17.9079
      vertex 58.9059 21.4358 30
    endloop
  endfacet
  facet normal 0.195087 0.980786 -0
    outer loop
      vertex 46.5642 9.09411 0
      vertex 45.153 9.37481 30
      vertex 46.5642 9.09411 30
    endloop
  endfacet
  facet normal 0.195087 0.980786 0
    outer loop
      vertex 45.153 9.37481 30
      vertex 46.5642 9.09411 0
      vertex 45.153 9.37481 0
    endloop
  endfacet
  facet normal 0.997856 -0.0654502 -2.30745e-20
    outer loop
      vertex 37.0815 21.2437 11.9974
      vertex 37.0941 21.4358 0
      vertex 37.0941 21.4358 12.0921
    endloop
  endfacet
  facet normal 0.997856 -0.0654494 1.23314e-08
    outer loop
      vertex 37.0551 20.8412 11.8607
      vertex 37.0941 21.4358 0
      vertex 37.0815 21.2437 11.9974
    endloop
  endfacet
  facet normal 0.997864 -0.065329 6.07683e-06
    outer loop
      vertex 37.0278 20.4242 11.7778
      vertex 37.0941 21.4358 0
      vertex 37.0551 20.8412 11.8607
    endloop
  endfacet
  facet normal 0.997859 -0.0653948 0
    outer loop
      vertex 37 20 0
      vertex 37.0278 20.4242 11.7778
      vertex 37 20 11.75
    endloop
  endfacet
  facet normal 0.997859 -0.0653981 1.16836e-07
    outer loop
      vertex 37.0278 20.4242 11.7778
      vertex 37 20 0
      vertex 37.0941 21.4358 0
    endloop
  endfacet
  facet normal 0.997856 -0.0654502 0
    outer loop
      vertex 37.0941 21.4358 30
      vertex 37.0815 21.2437 18.0026
      vertex 37.0941 21.4358 17.9079
    endloop
  endfacet
  facet normal 0.997856 -0.0654494 -1.23314e-08
    outer loop
      vertex 37.0941 21.4358 30
      vertex 37.0551 20.8412 18.1393
      vertex 37.0815 21.2437 18.0026
    endloop
  endfacet
  facet normal 0.997864 -0.065329 -6.07683e-06
    outer loop
      vertex 37.0941 21.4358 30
      vertex 37.0278 20.4242 18.2222
      vertex 37.0551 20.8412 18.1393
    endloop
  endfacet
  facet normal 0.997859 -0.0653981 -1.16836e-07
    outer loop
      vertex 37 20 30
      vertex 37.0278 20.4242 18.2222
      vertex 37.0941 21.4358 30
    endloop
  endfacet
  facet normal 0.997859 -0.0653948 -6.51059e-21
    outer loop
      vertex 37.0278 20.4242 18.2222
      vertex 37 20 30
      vertex 37 20 18.25
    endloop
  endfacet
  facet normal -0.659341 -0.751844 0
    outer loop
      vertex 54.6964 28.7269 0
      vertex 55.7782 27.7782 30
      vertex 54.6964 28.7269 30
    endloop
  endfacet
  facet normal -0.659341 -0.751844 -0
    outer loop
      vertex 55.7782 27.7782 30
      vertex 54.6964 28.7269 0
      vertex 55.7782 27.7782 0
    endloop
  endfacet
  facet normal 0.751844 -0.659341 2.51842e-18
    outer loop
      vertex 39.2731 26.6964 30
      vertex 40.2218 27.7782 0
      vertex 40.2218 27.7782 30
    endloop
  endfacet
  facet normal 0.751844 -0.659341 2.51842e-18
    outer loop
      vertex 40.2218 27.7782 0
      vertex 39.2731 26.6964 30
      vertex 39.2731 26.6964 0
    endloop
  endfacet
  facet normal 0.321448 0.946927 -0
    outer loop
      vertex 45.153 9.37481 0
      vertex 43.7905 9.83733 30
      vertex 45.153 9.37481 30
    endloop
  endfacet
  facet normal 0.321448 0.946927 0
    outer loop
      vertex 43.7905 9.83733 30
      vertex 45.153 9.37481 0
      vertex 43.7905 9.83733 0
    endloop
  endfacet
  facet normal -0.195087 0.980786 0
    outer loop
      vertex 50.847 9.37481 0
      vertex 49.4358 9.09411 30
      vertex 50.847 9.37481 30
    endloop
  endfacet
  facet normal -0.195087 0.980786 0
    outer loop
      vertex 49.4358 9.09411 30
      vertex 50.847 9.37481 0
      vertex 49.4358 9.09411 0
    endloop
  endfacet
  facet normal 0.980817 0.194929 1.91827e-05
    outer loop
      vertex 37.3748 17.153 0
      vertex 37.0941 18.5642 12.0921
      vertex 37.1317 18.375 12.1854
    endloop
  endfacet
  facet normal 0.980743 0.195303 -1.98339e-05
    outer loop
      vertex 37.3748 17.153 0
      vertex 37.1317 18.375 12.1854
      vertex 37.2021 18.0215 12.4216
    endloop
  endfacet
  facet normal 0.980826 0.194885 1.0515e-05
    outer loop
      vertex 37.3748 17.153 0
      vertex 37.2021 18.0215 12.4216
      vertex 37.2656 17.7019 12.7019
    endloop
  endfacet
  facet normal 0.980756 0.195236 -5.21387e-06
    outer loop
      vertex 37.3748 17.153 0
      vertex 37.2656 17.7019 12.7019
      vertex 37.3214 17.4216 13.0215
    endloop
  endfacet
  facet normal 0.980773 0.195153 -3.43976e-06
    outer loop
      vertex 37.3748 17.153 0
      vertex 37.3214 17.4216 13.0215
      vertex 37.3684 17.1854 13.375
    endloop
  endfacet
  facet normal 0.981044 0.193786 -0
    outer loop
      vertex 37.3748 17.153 0
      vertex 37.3684 17.1854 13.375
      vertex 37.3748 17.153 13.4408
    endloop
  endfacet
  facet normal 0.980786 0.195087 0
    outer loop
      vertex 37.0941 18.5642 12.0921
      vertex 37.3748 17.153 0
      vertex 37.0941 18.5642 0
    endloop
  endfacet
  facet normal 0.980786 0.195087 -6.35241e-19
    outer loop
      vertex 37.3748 17.153 30
      vertex 37.0941 18.5642 17.9079
      vertex 37.0941 18.5642 30
    endloop
  endfacet
  facet normal 0.980817 0.194929 -1.91827e-05
    outer loop
      vertex 37.0941 18.5642 17.9079
      vertex 37.3748 17.153 30
      vertex 37.1317 18.375 17.8146
    endloop
  endfacet
  facet normal 0.980743 0.195303 1.98339e-05
    outer loop
      vertex 37.1317 18.375 17.8146
      vertex 37.3748 17.153 30
      vertex 37.2021 18.0215 17.5784
    endloop
  endfacet
  facet normal 0.980826 0.194885 -1.0515e-05
    outer loop
      vertex 37.2021 18.0215 17.5784
      vertex 37.3748 17.153 30
      vertex 37.2656 17.7019 17.2981
    endloop
  endfacet
  facet normal 0.980756 0.195236 5.21387e-06
    outer loop
      vertex 37.2656 17.7019 17.2981
      vertex 37.3748 17.153 30
      vertex 37.3214 17.4216 16.9785
    endloop
  endfacet
  facet normal 0.980773 0.195153 3.43976e-06
    outer loop
      vertex 37.3214 17.4216 16.9785
      vertex 37.3748 17.153 30
      vertex 37.3684 17.1854 16.625
    endloop
  endfacet
  facet normal 0.981044 0.193786 -9.09895e-21
    outer loop
      vertex 37.3684 17.1854 16.625
      vertex 37.3748 17.153 30
      vertex 37.3748 17.153 16.5592
    endloop
  endfacet
  facet normal 0.896874 0.442286 1.11316e-18
    outer loop
      vertex 38.4737 14.5 30
      vertex 37.8373 15.7905 0
      vertex 37.8373 15.7905 30
    endloop
  endfacet
  facet normal 0.896874 0.442286 1.11316e-18
    outer loop
      vertex 37.8373 15.7905 0
      vertex 38.4737 14.5 30
      vertex 38.4737 14.5 0
    endloop
  endfacet
  facet normal -0.997856 -0.0654502 0
    outer loop
      vertex 58.9059 21.4358 0
      vertex 58.9185 21.2437 11.9974
      vertex 58.9059 21.4358 12.0921
    endloop
  endfacet
  facet normal -0.997856 -0.0654494 1.23314e-08
    outer loop
      vertex 58.9059 21.4358 0
      vertex 58.9449 20.8412 11.8607
      vertex 58.9185 21.2437 11.9974
    endloop
  endfacet
  facet normal -0.997864 -0.065329 6.07683e-06
    outer loop
      vertex 58.9059 21.4358 0
      vertex 58.9722 20.4242 11.7778
      vertex 58.9449 20.8412 11.8607
    endloop
  endfacet
  facet normal -0.997859 -0.0653981 1.16836e-07
    outer loop
      vertex 59 20 0
      vertex 58.9722 20.4242 11.7778
      vertex 58.9059 21.4358 0
    endloop
  endfacet
  facet normal -0.997859 -0.0653948 6.51059e-21
    outer loop
      vertex 58.9722 20.4242 11.7778
      vertex 59 20 0
      vertex 59 20 11.75
    endloop
  endfacet
  facet normal -0.997856 -0.0654502 2.30745e-20
    outer loop
      vertex 58.9185 21.2437 18.0026
      vertex 58.9059 21.4358 30
      vertex 58.9059 21.4358 17.9079
    endloop
  endfacet
  facet normal -0.997856 -0.0654494 -1.23314e-08
    outer loop
      vertex 58.9449 20.8412 18.1393
      vertex 58.9059 21.4358 30
      vertex 58.9185 21.2437 18.0026
    endloop
  endfacet
  facet normal -0.997864 -0.065329 -6.07683e-06
    outer loop
      vertex 58.9722 20.4242 18.2222
      vertex 58.9059 21.4358 30
      vertex 58.9449 20.8412 18.1393
    endloop
  endfacet
  facet normal -0.997859 -0.0653948 -0
    outer loop
      vertex 59 20 30
      vertex 58.9722 20.4242 18.2222
      vertex 59 20 18.25
    endloop
  endfacet
  facet normal -0.997859 -0.0653981 -1.16836e-07
    outer loop
      vertex 58.9722 20.4242 18.2222
      vertex 59 20 30
      vertex 58.9059 21.4358 30
    endloop
  endfacet
  facet normal -0.0653981 -0.997859 0
    outer loop
      vertex 48 31 0
      vertex 49.4358 30.9059 30
      vertex 48 31 30
    endloop
  endfacet
  facet normal -0.0653981 -0.997859 -0
    outer loop
      vertex 49.4358 30.9059 30
      vertex 48 31 0
      vertex 49.4358 30.9059 0
    endloop
  endfacet
  facet normal 0.195087 -0.980786 0
    outer loop
      vertex 45.153 30.6252 0
      vertex 46.5642 30.9059 30
      vertex 45.153 30.6252 30
    endloop
  endfacet
  facet normal 0.195087 -0.980786 0
    outer loop
      vertex 46.5642 30.9059 30
      vertex 45.153 30.6252 0
      vertex 46.5642 30.9059 0
    endloop
  endfacet
  facet normal 0.831472 0.555566 1.1207e-18
    outer loop
      vertex 39.2731 13.3036 30
      vertex 38.4737 14.5 0
      vertex 38.4737 14.5 30
    endloop
  endfacet
  facet normal 0.831472 0.555566 1.1207e-18
    outer loop
      vertex 38.4737 14.5 0
      vertex 39.2731 13.3036 30
      vertex 39.2731 13.3036 0
    endloop
  endfacet
  facet normal -0.946931 0.321435 2.06666e-18
    outer loop
      vertex 58.1627 15.7905 0
      vertex 58.6252 17.153 13.4408
      vertex 58.6252 17.153 0
    endloop
  endfacet
  facet normal -0.94696 0.321352 9.38976e-06
    outer loop
      vertex 58.6252 17.153 13.4408
      vertex 58.1627 15.7905 0
      vertex 58.5724 16.9974 13.7563
    endloop
  endfacet
  facet normal -0.946935 0.321425 2.33306e-06
    outer loop
      vertex 58.5724 16.9974 13.7563
      vertex 58.1627 15.7905 0
      vertex 58.526 16.8607 14.1588
    endloop
  endfacet
  facet normal -0.94678 0.321882 -3.62748e-05
    outer loop
      vertex 58.526 16.8607 14.1588
      vertex 58.1627 15.7905 0
      vertex 58.4978 16.7778 14.5758
    endloop
  endfacet
  facet normal -0.947124 0.320867 4.04127e-05
    outer loop
      vertex 58.4978 16.7778 14.5758
      vertex 58.1627 15.7905 0
      vertex 58.4884 16.75 15
    endloop
  endfacet
  facet normal -0.94696 0.321352 -9.38976e-06
    outer loop
      vertex 58.1627 15.7905 30
      vertex 58.6252 17.153 16.5592
      vertex 58.5724 16.9974 16.2437
    endloop
  endfacet
  facet normal -0.946935 0.321425 -2.33306e-06
    outer loop
      vertex 58.1627 15.7905 30
      vertex 58.5724 16.9974 16.2437
      vertex 58.526 16.8607 15.8412
    endloop
  endfacet
  facet normal -0.94678 0.321882 3.62748e-05
    outer loop
      vertex 58.1627 15.7905 30
      vertex 58.526 16.8607 15.8412
      vertex 58.4978 16.7778 15.4242
    endloop
  endfacet
  facet normal -0.947124 0.320867 -4.04127e-05
    outer loop
      vertex 58.1627 15.7905 30
      vertex 58.4978 16.7778 15.4242
      vertex 58.4884 16.75 15
    endloop
  endfacet
  facet normal -0.946932 0.321434 0
    outer loop
      vertex 58.1627 15.7905 30
      vertex 58.4884 16.75 15
      vertex 58.1627 15.7905 0
    endloop
  endfacet
  facet normal -0.946931 0.321435 0
    outer loop
      vertex 58.6252 17.153 16.5592
      vertex 58.1627 15.7905 30
      vertex 58.6252 17.153 30
    endloop
  endfacet
  facet normal -0.751844 -0.659341 -2.51842e-18
    outer loop
      vertex 56.7269 26.6964 0
      vertex 55.7782 27.7782 30
      vertex 55.7782 27.7782 0
    endloop
  endfacet
  facet normal -0.751844 -0.659341 -2.51842e-18
    outer loop
      vertex 55.7782 27.7782 30
      vertex 56.7269 26.6964 0
      vertex 56.7269 26.6964 30
    endloop
  endfacet
  facet normal -0.321435 -0.946931 0
    outer loop
      vertex 50.847 30.6252 0
      vertex 52.2095 30.1627 30
      vertex 50.847 30.6252 30
    endloop
  endfacet
  facet normal -0.321435 -0.946931 -0
    outer loop
      vertex 52.2095 30.1627 30
      vertex 50.847 30.6252 0
      vertex 52.2095 30.1627 0
    endloop
  endfacet
  facet normal 0.896874 -0.442286 -6.44032e-19
    outer loop
      vertex 37.8373 24.2095 30
      vertex 38.4737 25.5 0
      vertex 38.4737 25.5 30
    endloop
  endfacet
  facet normal 0.896874 -0.442286 -6.44032e-19
    outer loop
      vertex 38.4737 25.5 0
      vertex 37.8373 24.2095 30
      vertex 37.8373 24.2095 0
    endloop
  endfacet
  facet normal -0.442286 -0.896874 0
    outer loop
      vertex 52.2095 30.1627 0
      vertex 53.5 29.5263 30
      vertex 52.2095 30.1627 30
    endloop
  endfacet
  facet normal -0.442286 -0.896874 -0
    outer loop
      vertex 53.5 29.5263 30
      vertex 52.2095 30.1627 0
      vertex 53.5 29.5263 0
    endloop
  endfacet
  facet normal 0.831472 -0.555566 -1.1207e-18
    outer loop
      vertex 38.4737 25.5 30
      vertex 39.2731 26.6964 0
      vertex 39.2731 26.6964 30
    endloop
  endfacet
  facet normal 0.831472 -0.555566 -1.1207e-18
    outer loop
      vertex 39.2731 26.6964 0
      vertex 38.4737 25.5 30
      vertex 38.4737 25.5 0
    endloop
  endfacet
  facet normal -0.555566 -0.831472 0
    outer loop
      vertex 53.5 29.5263 0
      vertex 54.6964 28.7269 30
      vertex 53.5 29.5263 30
    endloop
  endfacet
  facet normal -0.555566 -0.831472 -0
    outer loop
      vertex 54.6964 28.7269 30
      vertex 53.5 29.5263 0
      vertex 54.6964 28.7269 0
    endloop
  endfacet
  facet normal 0.946931 0.321435 -2.06666e-18
    outer loop
      vertex 37.8373 15.7905 30
      vertex 37.3748 17.153 16.5592
      vertex 37.3748 17.153 30
    endloop
  endfacet
  facet normal 0.94696 0.321352 -9.38976e-06
    outer loop
      vertex 37.3748 17.153 16.5592
      vertex 37.8373 15.7905 30
      vertex 37.4276 16.9974 16.2437
    endloop
  endfacet
  facet normal 0.946935 0.321425 -2.33306e-06
    outer loop
      vertex 37.4276 16.9974 16.2437
      vertex 37.8373 15.7905 30
      vertex 37.474 16.8607 15.8412
    endloop
  endfacet
  facet normal 0.94678 0.321882 3.62748e-05
    outer loop
      vertex 37.474 16.8607 15.8412
      vertex 37.8373 15.7905 30
      vertex 37.5022 16.7778 15.4242
    endloop
  endfacet
  facet normal 0.947124 0.320867 -4.04127e-05
    outer loop
      vertex 37.5022 16.7778 15.4242
      vertex 37.8373 15.7905 30
      vertex 37.5116 16.75 15
    endloop
  endfacet
  facet normal 0.94696 0.321352 9.38976e-06
    outer loop
      vertex 37.8373 15.7905 0
      vertex 37.3748 17.153 13.4408
      vertex 37.4276 16.9974 13.7563
    endloop
  endfacet
  facet normal 0.946935 0.321425 2.33306e-06
    outer loop
      vertex 37.8373 15.7905 0
      vertex 37.4276 16.9974 13.7563
      vertex 37.474 16.8607 14.1588
    endloop
  endfacet
  facet normal 0.94678 0.321882 -3.62748e-05
    outer loop
      vertex 37.8373 15.7905 0
      vertex 37.474 16.8607 14.1588
      vertex 37.5022 16.7778 14.5758
    endloop
  endfacet
  facet normal 0.947124 0.320867 4.04127e-05
    outer loop
      vertex 37.8373 15.7905 0
      vertex 37.5022 16.7778 14.5758
      vertex 37.5116 16.75 15
    endloop
  endfacet
  facet normal 0.946932 0.321434 -0
    outer loop
      vertex 37.8373 15.7905 0
      vertex 37.5116 16.75 15
      vertex 37.8373 15.7905 30
    endloop
  endfacet
  facet normal 0.946931 0.321435 0
    outer loop
      vertex 37.3748 17.153 13.4408
      vertex 37.8373 15.7905 0
      vertex 37.3748 17.153 0
    endloop
  endfacet
  facet normal 0.997859 0.0653948 6.51059e-21
    outer loop
      vertex 37.0278 19.5758 11.7778
      vertex 37 20 0
      vertex 37 20 11.75
    endloop
  endfacet
  facet normal 0.997864 0.065329 6.07683e-06
    outer loop
      vertex 37.0941 18.5642 0
      vertex 37.0278 19.5758 11.7778
      vertex 37.0551 19.1588 11.8607
    endloop
  endfacet
  facet normal 0.997856 0.0654494 1.23314e-08
    outer loop
      vertex 37.0941 18.5642 0
      vertex 37.0551 19.1588 11.8607
      vertex 37.0815 18.7563 11.9974
    endloop
  endfacet
  facet normal 0.997856 0.0654502 -0
    outer loop
      vertex 37.0941 18.5642 0
      vertex 37.0815 18.7563 11.9974
      vertex 37.0941 18.5642 12.0921
    endloop
  endfacet
  facet normal 0.997859 0.0653981 1.16836e-07
    outer loop
      vertex 37.0278 19.5758 11.7778
      vertex 37.0941 18.5642 0
      vertex 37 20 0
    endloop
  endfacet
  facet normal 0.997859 0.0653948 0
    outer loop
      vertex 37 20 30
      vertex 37.0278 19.5758 18.2222
      vertex 37 20 18.25
    endloop
  endfacet
  facet normal 0.997859 0.0653981 -1.16836e-07
    outer loop
      vertex 37.0941 18.5642 30
      vertex 37.0278 19.5758 18.2222
      vertex 37 20 30
    endloop
  endfacet
  facet normal 0.997864 0.065329 -6.07683e-06
    outer loop
      vertex 37.0278 19.5758 18.2222
      vertex 37.0941 18.5642 30
      vertex 37.0551 19.1588 18.1393
    endloop
  endfacet
  facet normal 0.997856 0.0654494 -1.23314e-08
    outer loop
      vertex 37.0551 19.1588 18.1393
      vertex 37.0941 18.5642 30
      vertex 37.0815 18.7563 18.0026
    endloop
  endfacet
  facet normal 0.997856 0.0654502 2.30745e-20
    outer loop
      vertex 37.0815 18.7563 18.0026
      vertex 37.0941 18.5642 30
      vertex 37.0941 18.5642 17.9079
    endloop
  endfacet
  facet normal -0.896874 0.442286 -1.11316e-18
    outer loop
      vertex 57.5263 14.5 0
      vertex 58.1627 15.7905 30
      vertex 58.1627 15.7905 0
    endloop
  endfacet
  facet normal -0.896874 0.442286 -1.11316e-18
    outer loop
      vertex 58.1627 15.7905 30
      vertex 57.5263 14.5 0
      vertex 57.5263 14.5 30
    endloop
  endfacet
  facet normal 0.751844 0.659341 -4.07325e-19
    outer loop
      vertex 40.2218 12.2218 30
      vertex 39.2731 13.3036 0
      vertex 39.2731 13.3036 30
    endloop
  endfacet
  facet normal 0.751844 0.659341 -4.07325e-19
    outer loop
      vertex 39.2731 13.3036 0
      vertex 40.2218 12.2218 30
      vertex 40.2218 12.2218 0
    endloop
  endfacet
  facet normal -0.946932 -0.321434 0
    outer loop
      vertex 58.1627 24.2095 0
      vertex 58.4884 23.25 15
      vertex 58.1627 24.2095 30
    endloop
  endfacet
  facet normal -0.947124 -0.320867 4.04127e-05
    outer loop
      vertex 58.1627 24.2095 0
      vertex 58.4978 23.2222 14.5758
      vertex 58.4884 23.25 15
    endloop
  endfacet
  facet normal -0.94678 -0.321882 -3.62748e-05
    outer loop
      vertex 58.1627 24.2095 0
      vertex 58.526 23.1393 14.1588
      vertex 58.4978 23.2222 14.5758
    endloop
  endfacet
  facet normal -0.946935 -0.321425 2.33306e-06
    outer loop
      vertex 58.1627 24.2095 0
      vertex 58.5724 23.0026 13.7563
      vertex 58.526 23.1393 14.1588
    endloop
  endfacet
  facet normal -0.946931 -0.321435 -0
    outer loop
      vertex 58.6252 22.847 13.4408
      vertex 58.1627 24.2095 0
      vertex 58.6252 22.847 0
    endloop
  endfacet
  facet normal -0.94696 -0.321352 9.38976e-06
    outer loop
      vertex 58.1627 24.2095 0
      vertex 58.6252 22.847 13.4408
      vertex 58.5724 23.0026 13.7563
    endloop
  endfacet
  facet normal -0.947124 -0.320867 -4.04127e-05
    outer loop
      vertex 58.4978 23.2222 15.4242
      vertex 58.1627 24.2095 30
      vertex 58.4884 23.25 15
    endloop
  endfacet
  facet normal -0.94678 -0.321882 3.62748e-05
    outer loop
      vertex 58.526 23.1393 15.8412
      vertex 58.1627 24.2095 30
      vertex 58.4978 23.2222 15.4242
    endloop
  endfacet
  facet normal -0.946935 -0.321425 -2.33306e-06
    outer loop
      vertex 58.5724 23.0026 16.2437
      vertex 58.1627 24.2095 30
      vertex 58.526 23.1393 15.8412
    endloop
  endfacet
  facet normal -0.94696 -0.321352 -9.38976e-06
    outer loop
      vertex 58.6252 22.847 16.5592
      vertex 58.1627 24.2095 30
      vertex 58.5724 23.0026 16.2437
    endloop
  endfacet
  facet normal -0.946931 -0.321435 2.29629e-19
    outer loop
      vertex 58.1627 24.2095 30
      vertex 58.6252 22.847 16.5592
      vertex 58.6252 22.847 30
    endloop
  endfacet
  facet normal 0.321435 -0.946931 0
    outer loop
      vertex 43.7905 30.1627 0
      vertex 45.153 30.6252 30
      vertex 43.7905 30.1627 30
    endloop
  endfacet
  facet normal 0.321435 -0.946931 0
    outer loop
      vertex 45.153 30.6252 30
      vertex 43.7905 30.1627 0
      vertex 45.153 30.6252 0
    endloop
  endfacet
  facet normal -0.555566 0.831472 0
    outer loop
      vertex 54.6964 11.2731 0
      vertex 53.5 10.4737 30
      vertex 54.6964 11.2731 30
    endloop
  endfacet
  facet normal -0.555566 0.831472 0
    outer loop
      vertex 53.5 10.4737 30
      vertex 54.6964 11.2731 0
      vertex 53.5 10.4737 0
    endloop
  endfacet
  facet normal 0.44227 0.896882 -0
    outer loop
      vertex 43.7905 9.83733 0
      vertex 42.5 10.4737 30
      vertex 43.7905 9.83733 30
    endloop
  endfacet
  facet normal 0.44227 0.896882 0
    outer loop
      vertex 42.5 10.4737 30
      vertex 43.7905 9.83733 0
      vertex 42.5 10.4737 0
    endloop
  endfacet
  facet normal 0.442286 -0.896874 0
    outer loop
      vertex 42.5 29.5263 0
      vertex 43.7905 30.1627 30
      vertex 42.5 29.5263 30
    endloop
  endfacet
  facet normal 0.442286 -0.896874 0
    outer loop
      vertex 43.7905 30.1627 30
      vertex 42.5 29.5263 0
      vertex 43.7905 30.1627 0
    endloop
  endfacet
  facet normal -0.831472 0.555566 -1.1207e-18
    outer loop
      vertex 56.7269 13.3036 0
      vertex 57.5263 14.5 30
      vertex 57.5263 14.5 0
    endloop
  endfacet
  facet normal -0.831472 0.555566 -1.1207e-18
    outer loop
      vertex 57.5263 14.5 30
      vertex 56.7269 13.3036 0
      vertex 56.7269 13.3036 30
    endloop
  endfacet
  facet normal 0.0653981 -0.997859 0
    outer loop
      vertex 46.5642 30.9059 0
      vertex 48 31 30
      vertex 46.5642 30.9059 30
    endloop
  endfacet
  facet normal 0.0653981 -0.997859 0
    outer loop
      vertex 48 31 30
      vertex 46.5642 30.9059 0
      vertex 48 31 0
    endloop
  endfacet
  facet normal 0.555566 -0.831472 0
    outer loop
      vertex 41.3036 28.7269 0
      vertex 42.5 29.5263 30
      vertex 41.3036 28.7269 30
    endloop
  endfacet
  facet normal 0.555566 -0.831472 0
    outer loop
      vertex 42.5 29.5263 30
      vertex 41.3036 28.7269 0
      vertex 42.5 29.5263 0
    endloop
  endfacet
  facet normal 0.659341 0.751844 -0
    outer loop
      vertex 41.3036 11.2731 0
      vertex 40.2218 12.2218 30
      vertex 41.3036 11.2731 30
    endloop
  endfacet
  facet normal 0.659341 0.751844 0
    outer loop
      vertex 40.2218 12.2218 30
      vertex 41.3036 11.2731 0
      vertex 40.2218 12.2218 0
    endloop
  endfacet
  facet normal -0.997859 0.0653948 0
    outer loop
      vertex 59 20 0
      vertex 58.9722 19.5758 11.7778
      vertex 59 20 11.75
    endloop
  endfacet
  facet normal -0.997859 0.0653981 1.16836e-07
    outer loop
      vertex 58.9059 18.5642 0
      vertex 58.9722 19.5758 11.7778
      vertex 59 20 0
    endloop
  endfacet
  facet normal -0.997864 0.065329 6.07683e-06
    outer loop
      vertex 58.9722 19.5758 11.7778
      vertex 58.9059 18.5642 0
      vertex 58.9449 19.1588 11.8607
    endloop
  endfacet
  facet normal -0.997856 0.0654494 1.23314e-08
    outer loop
      vertex 58.9449 19.1588 11.8607
      vertex 58.9059 18.5642 0
      vertex 58.9185 18.7563 11.9974
    endloop
  endfacet
  facet normal -0.997856 0.0654502 -2.30745e-20
    outer loop
      vertex 58.9185 18.7563 11.9974
      vertex 58.9059 18.5642 0
      vertex 58.9059 18.5642 12.0921
    endloop
  endfacet
  facet normal -0.997859 0.0653948 -6.51059e-21
    outer loop
      vertex 58.9722 19.5758 18.2222
      vertex 59 20 30
      vertex 59 20 18.25
    endloop
  endfacet
  facet normal -0.997864 0.065329 -6.07683e-06
    outer loop
      vertex 58.9059 18.5642 30
      vertex 58.9722 19.5758 18.2222
      vertex 58.9449 19.1588 18.1393
    endloop
  endfacet
  facet normal -0.997856 0.0654494 -1.23314e-08
    outer loop
      vertex 58.9059 18.5642 30
      vertex 58.9449 19.1588 18.1393
      vertex 58.9185 18.7563 18.0026
    endloop
  endfacet
  facet normal -0.997856 0.0654502 0
    outer loop
      vertex 58.9059 18.5642 30
      vertex 58.9185 18.7563 18.0026
      vertex 58.9059 18.5642 17.9079
    endloop
  endfacet
  facet normal -0.997859 0.0653981 -1.16836e-07
    outer loop
      vertex 58.9722 19.5758 18.2222
      vertex 58.9059 18.5642 30
      vertex 59 20 30
    endloop
  endfacet
  facet normal 0.981044 -0.193786 9.09895e-21
    outer loop
      vertex 37.3684 22.8146 13.375
      vertex 37.3748 22.847 0
      vertex 37.3748 22.847 13.4408
    endloop
  endfacet
  facet normal 0.980773 -0.195153 -3.43976e-06
    outer loop
      vertex 37.3214 22.5784 13.0215
      vertex 37.3748 22.847 0
      vertex 37.3684 22.8146 13.375
    endloop
  endfacet
  facet normal 0.980756 -0.195236 -5.21387e-06
    outer loop
      vertex 37.2656 22.2981 12.7019
      vertex 37.3748 22.847 0
      vertex 37.3214 22.5784 13.0215
    endloop
  endfacet
  facet normal 0.980826 -0.194885 1.0515e-05
    outer loop
      vertex 37.2021 21.9785 12.4216
      vertex 37.3748 22.847 0
      vertex 37.2656 22.2981 12.7019
    endloop
  endfacet
  facet normal 0.980743 -0.195303 -1.98339e-05
    outer loop
      vertex 37.1317 21.625 12.1854
      vertex 37.3748 22.847 0
      vertex 37.2021 21.9785 12.4216
    endloop
  endfacet
  facet normal 0.980817 -0.194929 1.91827e-05
    outer loop
      vertex 37.0941 21.4358 12.0921
      vertex 37.3748 22.847 0
      vertex 37.1317 21.625 12.1854
    endloop
  endfacet
  facet normal 0.980786 -0.195087 6.35241e-19
    outer loop
      vertex 37.3748 22.847 0
      vertex 37.0941 21.4358 12.0921
      vertex 37.0941 21.4358 0
    endloop
  endfacet
  facet normal 0.981044 -0.193786 0
    outer loop
      vertex 37.3748 22.847 30
      vertex 37.3684 22.8146 16.625
      vertex 37.3748 22.847 16.5592
    endloop
  endfacet
  facet normal 0.980773 -0.195153 3.43976e-06
    outer loop
      vertex 37.3748 22.847 30
      vertex 37.3214 22.5784 16.9785
      vertex 37.3684 22.8146 16.625
    endloop
  endfacet
  facet normal 0.980756 -0.195236 5.21387e-06
    outer loop
      vertex 37.3748 22.847 30
      vertex 37.2656 22.2981 17.2981
      vertex 37.3214 22.5784 16.9785
    endloop
  endfacet
  facet normal 0.980826 -0.194885 -1.0515e-05
    outer loop
      vertex 37.3748 22.847 30
      vertex 37.2021 21.9785 17.5784
      vertex 37.2656 22.2981 17.2981
    endloop
  endfacet
  facet normal 0.980743 -0.195303 1.98339e-05
    outer loop
      vertex 37.3748 22.847 30
      vertex 37.1317 21.625 17.8146
      vertex 37.2021 21.9785 17.5784
    endloop
  endfacet
  facet normal 0.980786 -0.195087 0
    outer loop
      vertex 37.0941 21.4358 17.9079
      vertex 37.3748 22.847 30
      vertex 37.0941 21.4358 30
    endloop
  endfacet
  facet normal 0.980817 -0.194929 -1.91827e-05
    outer loop
      vertex 37.3748 22.847 30
      vertex 37.0941 21.4358 17.9079
      vertex 37.1317 21.625 17.8146
    endloop
  endfacet
  facet normal -0.980786 0.195087 6.35241e-19
    outer loop
      vertex 58.6252 17.153 0
      vertex 58.9059 18.5642 12.0921
      vertex 58.9059 18.5642 0
    endloop
  endfacet
  facet normal -0.980817 0.194929 1.91827e-05
    outer loop
      vertex 58.9059 18.5642 12.0921
      vertex 58.6252 17.153 0
      vertex 58.8683 18.375 12.1854
    endloop
  endfacet
  facet normal -0.980743 0.195303 -1.98339e-05
    outer loop
      vertex 58.8683 18.375 12.1854
      vertex 58.6252 17.153 0
      vertex 58.7979 18.0215 12.4216
    endloop
  endfacet
  facet normal -0.980826 0.194885 1.0515e-05
    outer loop
      vertex 58.7979 18.0215 12.4216
      vertex 58.6252 17.153 0
      vertex 58.7344 17.7019 12.7019
    endloop
  endfacet
  facet normal -0.980756 0.195236 -5.21387e-06
    outer loop
      vertex 58.7344 17.7019 12.7019
      vertex 58.6252 17.153 0
      vertex 58.6786 17.4216 13.0215
    endloop
  endfacet
  facet normal -0.980773 0.195153 -3.43976e-06
    outer loop
      vertex 58.6786 17.4216 13.0215
      vertex 58.6252 17.153 0
      vertex 58.6316 17.1854 13.375
    endloop
  endfacet
  facet normal -0.981044 0.193786 9.09895e-21
    outer loop
      vertex 58.6316 17.1854 13.375
      vertex 58.6252 17.153 0
      vertex 58.6252 17.153 13.4408
    endloop
  endfacet
  facet normal -0.980817 0.194929 -1.91827e-05
    outer loop
      vertex 58.6252 17.153 30
      vertex 58.9059 18.5642 17.9079
      vertex 58.8683 18.375 17.8146
    endloop
  endfacet
  facet normal -0.980743 0.195303 1.98339e-05
    outer loop
      vertex 58.6252 17.153 30
      vertex 58.8683 18.375 17.8146
      vertex 58.7979 18.0215 17.5784
    endloop
  endfacet
  facet normal -0.980826 0.194885 -1.0515e-05
    outer loop
      vertex 58.6252 17.153 30
      vertex 58.7979 18.0215 17.5784
      vertex 58.7344 17.7019 17.2981
    endloop
  endfacet
  facet normal -0.980756 0.195236 5.21387e-06
    outer loop
      vertex 58.6252 17.153 30
      vertex 58.7344 17.7019 17.2981
      vertex 58.6786 17.4216 16.9785
    endloop
  endfacet
  facet normal -0.980773 0.195153 3.43976e-06
    outer loop
      vertex 58.6252 17.153 30
      vertex 58.6786 17.4216 16.9785
      vertex 58.6316 17.1854 16.625
    endloop
  endfacet
  facet normal -0.981044 0.193786 0
    outer loop
      vertex 58.6252 17.153 30
      vertex 58.6316 17.1854 16.625
      vertex 58.6252 17.153 16.5592
    endloop
  endfacet
  facet normal -0.980786 0.195087 0
    outer loop
      vertex 58.9059 18.5642 17.9079
      vertex 58.6252 17.153 30
      vertex 58.9059 18.5642 30
    endloop
  endfacet
  facet normal 0.659341 -0.751844 0
    outer loop
      vertex 40.2218 27.7782 0
      vertex 41.3036 28.7269 30
      vertex 40.2218 27.7782 30
    endloop
  endfacet
  facet normal 0.659341 -0.751844 0
    outer loop
      vertex 41.3036 28.7269 30
      vertex 40.2218 27.7782 0
      vertex 41.3036 28.7269 0
    endloop
  endfacet
  facet normal -0.195087 -0.980786 0
    outer loop
      vertex 49.4358 30.9059 0
      vertex 50.847 30.6252 30
      vertex 49.4358 30.9059 30
    endloop
  endfacet
  facet normal -0.195087 -0.980786 -0
    outer loop
      vertex 50.847 30.6252 30
      vertex 49.4358 30.9059 0
      vertex 50.847 30.6252 0
    endloop
  endfacet
  facet normal 0.555566 0.831472 -0
    outer loop
      vertex 42.5 10.4737 0
      vertex 41.3036 11.2731 30
      vertex 42.5 10.4737 30
    endloop
  endfacet
  facet normal 0.555566 0.831472 0
    outer loop
      vertex 41.3036 11.2731 30
      vertex 42.5 10.4737 0
      vertex 41.3036 11.2731 0
    endloop
  endfacet
  facet normal -0.321448 0.946927 0
    outer loop
      vertex 52.2095 9.83733 0
      vertex 50.847 9.37481 30
      vertex 52.2095 9.83733 30
    endloop
  endfacet
  facet normal -0.321448 0.946927 0
    outer loop
      vertex 50.847 9.37481 30
      vertex 52.2095 9.83733 0
      vertex 50.847 9.37481 0
    endloop
  endfacet
  facet normal -0.44227 0.896882 0
    outer loop
      vertex 53.5 10.4737 0
      vertex 52.2095 9.83733 30
      vertex 53.5 10.4737 30
    endloop
  endfacet
  facet normal -0.44227 0.896882 0
    outer loop
      vertex 52.2095 9.83733 30
      vertex 53.5 10.4737 0
      vertex 52.2095 9.83733 0
    endloop
  endfacet
  facet normal -0.659341 0.751844 0
    outer loop
      vertex 55.7782 12.2218 0
      vertex 54.6964 11.2731 30
      vertex 55.7782 12.2218 30
    endloop
  endfacet
  facet normal -0.659341 0.751844 0
    outer loop
      vertex 54.6964 11.2731 30
      vertex 55.7782 12.2218 0
      vertex 54.6964 11.2731 0
    endloop
  endfacet
  facet normal 0.065405 0.997859 -0
    outer loop
      vertex 48 9 0
      vertex 46.5642 9.09411 30
      vertex 48 9 30
    endloop
  endfacet
  facet normal 0.065405 0.997859 0
    outer loop
      vertex 46.5642 9.09411 30
      vertex 48 9 0
      vertex 46.5642 9.09411 0
    endloop
  endfacet
  facet normal 0.946932 -0.321434 0
    outer loop
      vertex 37.8373 24.2095 30
      vertex 37.5116 23.25 15
      vertex 37.8373 24.2095 0
    endloop
  endfacet
  facet normal 0.947124 -0.320867 -4.04127e-05
    outer loop
      vertex 37.8373 24.2095 30
      vertex 37.5022 23.2222 15.4242
      vertex 37.5116 23.25 15
    endloop
  endfacet
  facet normal 0.94678 -0.321882 3.62748e-05
    outer loop
      vertex 37.8373 24.2095 30
      vertex 37.474 23.1393 15.8412
      vertex 37.5022 23.2222 15.4242
    endloop
  endfacet
  facet normal 0.946935 -0.321425 -2.33306e-06
    outer loop
      vertex 37.8373 24.2095 30
      vertex 37.4276 23.0026 16.2437
      vertex 37.474 23.1393 15.8412
    endloop
  endfacet
  facet normal 0.946931 -0.321435 0
    outer loop
      vertex 37.3748 22.847 16.5592
      vertex 37.8373 24.2095 30
      vertex 37.3748 22.847 30
    endloop
  endfacet
  facet normal 0.94696 -0.321352 -9.38976e-06
    outer loop
      vertex 37.8373 24.2095 30
      vertex 37.3748 22.847 16.5592
      vertex 37.4276 23.0026 16.2437
    endloop
  endfacet
  facet normal 0.947124 -0.320867 4.04127e-05
    outer loop
      vertex 37.5022 23.2222 14.5758
      vertex 37.8373 24.2095 0
      vertex 37.5116 23.25 15
    endloop
  endfacet
  facet normal 0.94678 -0.321882 -3.62748e-05
    outer loop
      vertex 37.474 23.1393 14.1588
      vertex 37.8373 24.2095 0
      vertex 37.5022 23.2222 14.5758
    endloop
  endfacet
  facet normal 0.946935 -0.321425 2.33306e-06
    outer loop
      vertex 37.4276 23.0026 13.7563
      vertex 37.8373 24.2095 0
      vertex 37.474 23.1393 14.1588
    endloop
  endfacet
  facet normal 0.94696 -0.321352 9.38976e-06
    outer loop
      vertex 37.3748 22.847 13.4408
      vertex 37.8373 24.2095 0
      vertex 37.4276 23.0026 13.7563
    endloop
  endfacet
  facet normal 0.946931 -0.321435 -2.29629e-19
    outer loop
      vertex 37.8373 24.2095 0
      vertex 37.3748 22.847 13.4408
      vertex 37.3748 22.847 0
    endloop
  endfacet
  facet normal 1 0 0
    outer loop
      vertex 60 40 30
      vertex 60 23.25 15
      vertex 60 40 0
    endloop
  endfacet
  facet normal 1 0 0
    outer loop
      vertex 60 40 30
      vertex 60 23.2222 15.4242
      vertex 60 23.25 15
    endloop
  endfacet
  facet normal 1 0 0
    outer loop
      vertex 60 40 30
      vertex 60 23.1393 15.8412
      vertex 60 23.2222 15.4242
    endloop
  endfacet
  facet normal 1 0 0
    outer loop
      vertex 60 40 30
      vertex 60 23.0026 16.2437
      vertex 60 23.1393 15.8412
    endloop
  endfacet
  facet normal 1 0 0
    outer loop
      vertex 60 40 30
      vertex 60 22.8146 16.625
      vertex 60 23.0026 16.2437
    endloop
  endfacet
  facet normal 1 0 0
    outer loop
      vertex 60 40 30
      vertex 60 22.5784 16.9785
      vertex 60 22.8146 16.625
    endloop
  endfacet
  facet normal 1 0 0
    outer loop
      vertex 60 40 30
      vertex 60 22.2981 17.2981
      vertex 60 22.5784 16.9785
    endloop
  endfacet
  facet normal 1 0 0
    outer loop
      vertex 60 40 30
      vertex 60 21.9785 17.5784
      vertex 60 22.2981 17.2981
    endloop
  endfacet
  facet normal 1 0 0
    outer loop
      vertex 60 40 30
      vertex 60 21.625 17.8146
      vertex 60 21.9785 17.5784
    endloop
  endfacet
  facet normal 1 0 0
    outer loop
      vertex 60 40 30
      vertex 60 21.2437 18.0026
      vertex 60 21.625 17.8146
    endloop
  endfacet
  facet normal 1 0 0
    outer loop
      vertex 60 40 30
      vertex 60 20.8412 18.1393
      vertex 60 21.2437 18.0026
    endloop
  endfacet
  facet normal 1 0 0
    outer loop
      vertex 60 40 30
      vertex 60 20.4242 18.2222
      vertex 60 20.8412 18.1393
    endloop
  endfacet
  facet normal 1 0 0
    outer loop
      vertex 60 40 30
      vertex 60 20 18.25
      vertex 60 20.4242 18.2222
    endloop
  endfacet
  facet normal 1 -0 0
    outer loop
      vertex 60 0 30
      vertex 60 20 18.25
      vertex 60 40 30
    endloop
  endfacet
  facet normal 1 0 0
    outer loop
      vertex 60 20 18.25
      vertex 60 0 30
      vertex 60 19.5758 18.2222
    endloop
  endfacet
  facet normal 1 0 0
    outer loop
      vertex 60 19.5758 18.2222
      vertex 60 0 30
      vertex 60 19.1588 18.1393
    endloop
  endfacet
  facet normal 1 0 0
    outer loop
      vertex 60 19.1588 18.1393
      vertex 60 0 30
      vertex 60 18.7563 18.0026
    endloop
  endfacet
  facet normal 1 0 0
    outer loop
      vertex 60 16.7778 15.4242
      vertex 60 0 30
      vertex 60 16.75 15
    endloop
  endfacet
  facet normal 1 0 0
    outer loop
      vertex 60 16.8607 15.8412
      vertex 60 0 30
      vertex 60 16.7778 15.4242
    endloop
  endfacet
  facet normal 1 0 0
    outer loop
      vertex 60 16.9974 16.2437
      vertex 60 0 30
      vertex 60 16.8607 15.8412
    endloop
  endfacet
  facet normal 1 0 0
    outer loop
      vertex 60 17.1854 16.625
      vertex 60 0 30
      vertex 60 16.9974 16.2437
    endloop
  endfacet
  facet normal 1 0 0
    outer loop
      vertex 60 17.4216 16.9785
      vertex 60 0 30
      vertex 60 17.1854 16.625
    endloop
  endfacet
  facet normal 1 0 0
    outer loop
      vertex 60 17.7019 17.2981
      vertex 60 0 30
      vertex 60 17.4216 16.9785
    endloop
  endfacet
  facet normal 1 0 0
    outer loop
      vertex 60 18.0215 17.5784
      vertex 60 0 30
      vertex 60 17.7019 17.2981
    endloop
  endfacet
  facet normal 1 0 0
    outer loop
      vertex 60 18.375 17.8146
      vertex 60 0 30
      vertex 60 18.0215 17.5784
    endloop
  endfacet
  facet normal 1 0 0
    outer loop
      vertex 60 18.7563 18.0026
      vertex 60 0 30
      vertex 60 18.375 17.8146
    endloop
  endfacet
  facet normal 1 -0 0
    outer loop
      vertex 60 23.2222 14.5758
      vertex 60 40 0
      vertex 60 23.25 15
    endloop
  endfacet
  facet normal 1 -0 0
    outer loop
      vertex 60 23.1393 14.1588
      vertex 60 40 0
      vertex 60 23.2222 14.5758
    endloop
  endfacet
  facet normal 1 -0 0
    outer loop
      vertex 60 23.0026 13.7563
      vertex 60 40 0
      vertex 60 23.1393 14.1588
    endloop
  endfacet
  facet normal 1 -0 0
    outer loop
      vertex 60 22.8146 13.375
      vertex 60 40 0
      vertex 60 23.0026 13.7563
    endloop
  endfacet
  facet normal 1 -0 0
    outer loop
      vertex 60 22.5784 13.0215
      vertex 60 40 0
      vertex 60 22.8146 13.375
    endloop
  endfacet
  facet normal 1 -0 0
    outer loop
      vertex 60 22.2981 12.7019
      vertex 60 40 0
      vertex 60 22.5784 13.0215
    endloop
  endfacet
  facet normal 1 -0 0
    outer loop
      vertex 60 21.9785 12.4216
      vertex 60 40 0
      vertex 60 22.2981 12.7019
    endloop
  endfacet
  facet normal 1 -0 0
    outer loop
      vertex 60 21.625 12.1854
      vertex 60 40 0
      vertex 60 21.9785 12.4216
    endloop
  endfacet
  facet normal 1 -0 0
    outer loop
      vertex 60 21.2437 11.9974
      vertex 60 40 0
      vertex 60 21.625 12.1854
    endloop
  endfacet
  facet normal 1 -0 0
    outer loop
      vertex 60 20.8412 11.8607
      vertex 60 40 0
      vertex 60 21.2437 11.9974
    endloop
  endfacet
  facet normal 1 -0 0
    outer loop
      vertex 60 20.4242 11.7778
      vertex 60 40 0
      vertex 60 20.8412 11.8607
    endloop
  endfacet
  facet normal 1 -0 0
    outer loop
      vertex 60 20 11.75
      vertex 60 40 0
      vertex 60 20.4242 11.7778
    endloop
  endfacet
  facet normal 1 0 0
    outer loop
      vertex 60 0 0
      vertex 60 20 11.75
      vertex 60 19.5758 11.7778
    endloop
  endfacet
  facet normal 1 0 0
    outer loop
      vertex 60 0 0
      vertex 60 19.5758 11.7778
      vertex 60 19.1588 11.8607
    endloop
  endfacet
  facet normal 1 0 0
    outer loop
      vertex 60 0 0
      vertex 60 19.1588 11.8607
      vertex 60 18.7563 11.9974
    endloop
  endfacet
  facet normal 1 0 0
    outer loop
      vertex 60 0 0
      vertex 60 18.7563 11.9974
      vertex 60 18.375 12.1854
    endloop
  endfacet
  facet normal 1 0 0
    outer loop
      vertex 60 0 0
      vertex 60 16.75 15
      vertex 60 0 30
    endloop
  endfacet
  facet normal 1 0 0
    outer loop
      vertex 60 16.75 15
      vertex 60 0 0
      vertex 60 16.7778 14.5758
    endloop
  endfacet
  facet normal 1 0 0
    outer loop
      vertex 60 16.7778 14.5758
      vertex 60 0 0
      vertex 60 16.8607 14.1588
    endloop
  endfacet
  facet normal 1 0 0
    outer loop
      vertex 60 16.8607 14.1588
      vertex 60 0 0
      vertex 60 16.9974 13.7563
    endloop
  endfacet
  facet normal 1 0 0
    outer loop
      vertex 60 16.9974 13.7563
      vertex 60 0 0
      vertex 60 17.1854 13.375
    endloop
  endfacet
  facet normal 1 0 0
    outer loop
      vertex 60 17.1854 13.375
      vertex 60 0 0
      vertex 60 17.4216 13.0215
    endloop
  endfacet
  facet normal 1 0 0
    outer loop
      vertex 60 20 11.75
      vertex 60 0 0
      vertex 60 40 0
    endloop
  endfacet
  facet normal 1 0 0
    outer loop
      vertex 60 18.0215 12.4216
      vertex 60 0 0
      vertex 60 18.375 12.1854
    endloop
  endfacet
  facet normal 1 0 0
    outer loop
      vertex 60 17.7019 12.7019
      vertex 60 0 0
      vertex 60 18.0215 12.4216
    endloop
  endfacet
  facet normal 1 0 0
    outer loop
      vertex 60 17.4216 13.0215
      vertex 60 0 0
      vertex 60 17.7019 12.7019
    endloop
  endfacet
  facet normal 0 0 1
    outer loop
      vertex 60 40 30
      vertex 59 20 30
      vertex 60 0 30
    endloop
  endfacet
  facet normal 0 0 1
    outer loop
      vertex 60 40 30
      vertex 58.9059 21.4358 30
      vertex 59 20 30
    endloop
  endfacet
  facet normal 0 0 1
    outer loop
      vertex 60 40 30
      vertex 58.6252 22.847 30
      vertex 58.9059 21.4358 30
    endloop
  endfacet
  facet normal 0 0 1
    outer loop
      vertex 60 40 30
      vertex 58.1627 24.2095 30
      vertex 58.6252 22.847 30
    endloop
  endfacet
  facet normal 0 0 1
    outer loop
      vertex 60 40 30
      vertex 57.5263 25.5 30
      vertex 58.1627 24.2095 30
    endloop
  endfacet
  facet normal 0 0 1
    outer loop
      vertex 60 40 30
      vertex 56.7269 26.6964 30
      vertex 57.5263 25.5 30
    endloop
  endfacet
  facet normal 0 0 1
    outer loop
      vertex 60 40 30
      vertex 55.7782 27.7782 30
      vertex 56.7269 26.6964 30
    endloop
  endfacet
  facet normal 0 0 1
    outer loop
      vertex 60 40 30
      vertex 54.6964 28.7269 30
      vertex 55.7782 27.7782 30
    endloop
  endfacet
  facet normal 0 0 1
    outer loop
      vertex 60 40 30
      vertex 53.5 29.5263 30
      vertex 54.6964 28.7269 30
    endloop
  endfacet
  facet normal 0 0 1
    outer loop
      vertex 60 40 30
      vertex 52.2095 30.1627 30
      vertex 53.5 29.5263 30
    endloop
  endfacet
  facet normal 0 0 1
    outer loop
      vertex 60 40 30
      vertex 50.847 30.6252 30
      vertex 52.2095 30.1627 30
    endloop
  endfacet
  facet normal 0 0 1
    outer loop
      vertex 60 40 30
      vertex 49.4358 30.9059 30
      vertex 50.847 30.6252 30
    endloop
  endfacet
  facet normal 0 0 1
    outer loop
      vertex 60 40 30
      vertex 48 31 30
      vertex 49.4358 30.9059 30
    endloop
  endfacet
  facet normal 0 0 1
    outer loop
      vertex 60 40 30
      vertex 46.5642 30.9059 30
      vertex 48 31 30
    endloop
  endfacet
  facet normal 0 0 1
    outer loop
      vertex 60 40 30
      vertex 45.153 30.6252 30
      vertex 46.5642 30.9059 30
    endloop
  endfacet
  facet normal 0 0 1
    outer loop
      vertex 60 40 30
      vertex 43.7905 30.1627 30
      vertex 45.153 30.6252 30
    endloop
  endfacet
  facet normal 0 0 1
    outer loop
      vertex 16.2095 30.1627 30
      vertex 43.7905 30.1627 30
      vertex 60 40 30
    endloop
  endfacet
  facet normal 0 0 1
    outer loop
      vertex 37.0941 21.4358 30
      vertex 23 20 30
      vertex 37 20 30
    endloop
  endfacet
  facet normal 0 0 1
    outer loop
      vertex 22.9059 21.4358 30
      vertex 37.0941 21.4358 30
      vertex 37.3748 22.847 30
    endloop
  endfacet
  facet normal 0 0 1
    outer loop
      vertex 22.6252 22.847 30
      vertex 37.3748 22.847 30
      vertex 37.8373 24.2095 30
    endloop
  endfacet
  facet normal 0 0 1
    outer loop
      vertex 22.1627 24.2095 30
      vertex 37.8373 24.2095 30
      vertex 38.4737 25.5 30
    endloop
  endfacet
  facet normal 0 0 1
    outer loop
      vertex 21.5263 25.5 30
      vertex 38.4737 25.5 30
      vertex 39.2731 26.6964 30
    endloop
  endfacet
  facet normal 0 0 1
    outer loop
      vertex 20.7269 26.6964 30
      vertex 39.2731 26.6964 30
      vertex 40.2218 27.7782 30
    endloop
  endfacet
  facet normal 0 0 1
    outer loop
      vertex 19.7782 27.7782 30
      vertex 40.2218 27.7782 30
      vertex 41.3036 28.7269 30
    endloop
  endfacet
  facet normal 0 0 1
    outer loop
      vertex 18.6964 28.7269 30
      vertex 41.3036 28.7269 30
      vertex 42.5 29.5263 30
    endloop
  endfacet
  facet normal 0 0 1
    outer loop
      vertex 43.7905 30.1627 30
      vertex 16.2095 30.1627 30
      vertex 42.5 29.5263 30
    endloop
  endfacet
  facet normal 0 0 1
    outer loop
      vertex 37.0941 21.4358 30
      vertex 22.9059 21.4358 30
      vertex 23 20 30
    endloop
  endfacet
  facet normal 0 0 1
    outer loop
      vertex 37.3748 22.847 30
      vertex 22.6252 22.847 30
      vertex 22.9059 21.4358 30
    endloop
  endfacet
  facet normal 0 0 1
    outer loop
      vertex 37.8373 24.2095 30
      vertex 22.1627 24.2095 30
      vertex 22.6252 22.847 30
    endloop
  endfacet
  facet normal 0 0 1
    outer loop
      vertex 38.4737 25.5 30
      vertex 21.5263 25.5 30
      vertex 22.1627 24.2095 30
    endloop
  endfacet
  facet normal 0 0 1
    outer loop
      vertex 39.2731 26.6964 30
      vertex 20.7269 26.6964 30
      vertex 21.5263 25.5 30
    endloop
  endfacet
  facet normal 0 0 1
    outer loop
      vertex 40.2218 27.7782 30
      vertex 19.7782 27.7782 30
      vertex 20.7269 26.6964 30
    endloop
  endfacet
  facet normal 0 0 1
    outer loop
      vertex 41.3036 28.7269 30
      vertex 18.6964 28.7269 30
      vertex 19.7782 27.7782 30
    endloop
  endfacet
  facet normal 0 0 1
    outer loop
      vertex 42.5 29.5263 30
      vertex 17.5 29.5263 30
      vertex 18.6964 28.7269 30
    endloop
  endfacet
  facet normal 0 0 1
    outer loop
      vertex 42.5 29.5263 30
      vertex 16.2095 30.1627 30
      vertex 17.5 29.5263 30
    endloop
  endfacet
  facet normal -0 0 1
    outer loop
      vertex 0 40 30
      vertex 16.2095 30.1627 30
      vertex 60 40 30
    endloop
  endfacet
  facet normal 0 0 1
    outer loop
      vertex 16.2095 30.1627 30
      vertex 0 40 30
      vertex 14.847 30.6252 30
    endloop
  endfacet
  facet normal 0 0 1
    outer loop
      vertex 14.847 30.6252 30
      vertex 0 40 30
      vertex 13.4358 30.9059 30
    endloop
  endfacet
  facet normal 0 0 1
    outer loop
      vertex 13.4358 30.9059 30
      vertex 0 40 30
      vertex 12 31 30
    endloop
  endfacet
  facet normal 0 0 1
    outer loop
      vertex 1.09411 21.4358 30
      vertex 0 40 30
      vertex 1 20 30
    endloop
  endfacet
  facet normal 0 0 1
    outer loop
      vertex 1.37481 22.847 30
      vertex 0 40 30
      vertex 1.09411 21.4358 30
    endloop
  endfacet
  facet normal 0 0 1
    outer loop
      vertex 1.83733 24.2095 30
      vertex 0 40 30
      vertex 1.37481 22.847 30
    endloop
  endfacet
  facet normal 0 0 1
    outer loop
      vertex 2.47372 25.5 30
      vertex 0 40 30
      vertex 1.83733 24.2095 30
    endloop
  endfacet
  facet normal 0 0 1
    outer loop
      vertex 3.27311 26.6964 30
      vertex 0 40 30
      vertex 2.47372 25.5 30
    endloop
  endfacet
  facet normal 0 0 1
    outer loop
      vertex 4.22182 27.7782 30
      vertex 0 40 30
      vertex 3.27311 26.6964 30
    endloop
  endfacet
  facet normal 0 0 1
    outer loop
      vertex 5.30362 28.7269 30
      vertex 0 40 30
      vertex 4.22182 27.7782 30
    endloop
  endfacet
  facet normal 0 0 1
    outer loop
      vertex 6.5 29.5263 30
      vertex 0 40 30
      vertex 5.30362 28.7269 30
    endloop
  endfacet
  facet normal 0 0 1
    outer loop
      vertex 7.79048 30.1627 30
      vertex 0 40 30
      vertex 6.5 29.5263 30
    endloop
  endfacet
  facet normal 0 0 1
    outer loop
      vertex 9.15299 30.6252 30
      vertex 0 40 30
      vertex 7.79048 30.1627 30
    endloop
  endfacet
  facet normal 0 0 1
    outer loop
      vertex 10.5642 30.9059 30
      vertex 0 40 30
      vertex 9.15299 30.6252 30
    endloop
  endfacet
  facet normal 0 0 1
    outer loop
      vertex 12 31 30
      vertex 0 40 30
      vertex 10.5642 30.9059 30
    endloop
  endfacet
  facet normal -0 0 1
    outer loop
      vertex 58.9059 18.5642 30
      vertex 60 0 30
      vertex 59 20 30
    endloop
  endfacet
  facet normal -0 0 1
    outer loop
      vertex 58.6252 17.153 30
      vertex 60 0 30
      vertex 58.9059 18.5642 30
    endloop
  endfacet
  facet normal -0 0 1
    outer loop
      vertex 58.1627 15.7905 30
      vertex 60 0 30
      vertex 58.6252 17.153 30
    endloop
  endfacet
  facet normal -0 0 1
    outer loop
      vertex 57.5263 14.5 30
      vertex 60 0 30
      vertex 58.1627 15.7905 30
    endloop
  endfacet
  facet normal -0 0 1
    outer loop
      vertex 56.7269 13.3036 30
      vertex 60 0 30
      vertex 57.5263 14.5 30
    endloop
  endfacet
  facet normal -0 0 1
    outer loop
      vertex 55.7782 12.2218 30
      vertex 60 0 30
      vertex 56.7269 13.3036 30
    endloop
  endfacet
  facet normal -0 0 1
    outer loop
      vertex 54.6964 11.2731 30
      vertex 60 0 30
      vertex 55.7782 12.2218 30
    endloop
  endfacet
  facet normal -0 0 1
    outer loop
      vertex 53.5 10.4737 30
      vertex 60 0 30
      vertex 54.6964 11.2731 30
    endloop
  endfacet
  facet normal -0 0 1
    outer loop
      vertex 52.2095 9.83733 30
      vertex 60 0 30
      vertex 53.5 10.4737 30
    endloop
  endfacet
  facet normal -0 0 1
    outer loop
      vertex 50.847 9.37481 30
      vertex 60 0 30
      vertex 52.2095 9.83733 30
    endloop
  endfacet
  facet normal -0 0 1
    outer loop
      vertex 49.4358 9.09411 30
      vertex 60 0 30
      vertex 50.847 9.37481 30
    endloop
  endfacet
  facet normal -0 0 1
    outer loop
      vertex 48 9 30
      vertex 60 0 30
      vertex 49.4358 9.09411 30
    endloop
  endfacet
  facet normal 0 0 1
    outer loop
      vertex 46.5642 9.09411 30
      vertex 60 0 30
      vertex 48 9 30
    endloop
  endfacet
  facet normal 0 0 1
    outer loop
      vertex 45.153 9.37481 30
      vertex 60 0 30
      vertex 46.5642 9.09411 30
    endloop
  endfacet
  facet normal 0 0 1
    outer loop
      vertex 43.7905 9.83733 30
      vertex 60 0 30
      vertex 45.153 9.37481 30
    endloop
  endfacet
  facet normal 0 0 1
    outer loop
      vertex 16.2095 9.83733 30
      vertex 43.7905 9.83733 30
      vertex 42.5 10.4737 30
    endloop
  endfacet
  facet normal -0 0 1
    outer loop
      vertex 23 20 30
      vertex 37.0941 18.5642 30
      vertex 37 20 30
    endloop
  endfacet
  facet normal 0 0 1
    outer loop
      vertex 22.9059 18.5642 30
      vertex 37.0941 18.5642 30
      vertex 23 20 30
    endloop
  endfacet
  facet normal 0 0 1
    outer loop
      vertex 37.0941 18.5642 30
      vertex 22.9059 18.5642 30
      vertex 37.3748 17.153 30
    endloop
  endfacet
  facet normal 0 0 1
    outer loop
      vertex 22.6252 17.153 30
      vertex 37.3748 17.153 30
      vertex 22.9059 18.5642 30
    endloop
  endfacet
  facet normal 0 0 1
    outer loop
      vertex 37.3748 17.153 30
      vertex 22.6252 17.153 30
      vertex 37.8373 15.7905 30
    endloop
  endfacet
  facet normal 0 0 1
    outer loop
      vertex 22.1627 15.7905 30
      vertex 37.8373 15.7905 30
      vertex 22.6252 17.153 30
    endloop
  endfacet
  facet normal 0 0 1
    outer loop
      vertex 37.8373 15.7905 30
      vertex 22.1627 15.7905 30
      vertex 38.4737 14.5 30
    endloop
  endfacet
  facet normal 0 0 1
    outer loop
      vertex 21.5263 14.5 30
      vertex 38.4737 14.5 30
      vertex 22.1627 15.7905 30
    endloop
  endfacet
  facet normal 0 0 1
    outer loop
      vertex 38.4737 14.5 30
      vertex 21.5263 14.5 30
      vertex 39.2731 13.3036 30
    endloop
  endfacet
  facet normal 0 0 1
    outer loop
      vertex 20.7269 13.3036 30
      vertex 39.2731 13.3036 30
      vertex 21.5263 14.5 30
    endloop
  endfacet
  facet normal 0 0 1
    outer loop
      vertex 39.2731 13.3036 30
      vertex 20.7269 13.3036 30
      vertex 40.2218 12.2218 30
    endloop
  endfacet
  facet normal 0 0 1
    outer loop
      vertex 19.7782 12.2218 30
      vertex 40.2218 12.2218 30
      vertex 20.7269 13.3036 30
    endloop
  endfacet
  facet normal 0 0 1
    outer loop
      vertex 40.2218 12.2218 30
      vertex 19.7782 12.2218 30
      vertex 41.3036 11.2731 30
    endloop
  endfacet
  facet normal 0 0 1
    outer loop
      vertex 18.6964 11.2731 30
      vertex 41.3036 11.2731 30
      vertex 19.7782 12.2218 30
    endloop
  endfacet
  facet normal 0 0 1
    outer loop
      vertex 41.3036 11.2731 30
      vertex 18.6964 11.2731 30
      vertex 42.5 10.4737 30
    endloop
  endfacet
  facet normal 0 0 1
    outer loop
      vertex 17.5 10.4737 30
      vertex 42.5 10.4737 30
      vertex 18.6964 11.2731 30
    endloop
  endfacet
  facet normal 0 0 1
    outer loop
      vertex 16.2095 9.83733 30
      vertex 42.5 10.4737 30
      vertex 17.5 10.4737 30
    endloop
  endfacet
  facet normal 0 0 1
    outer loop
      vertex 43.7905 9.83733 30
      vertex 16.2095 9.83733 30
      vertex 60 0 30
    endloop
  endfacet
  facet normal 0 0 1
    outer loop
      vertex 0 0 30
      vertex 16.2095 9.83733 30
      vertex 14.847 9.37481 30
    endloop
  endfacet
  facet normal 0 0 1
    outer loop
      vertex 0 0 30
      vertex 14.847 9.37481 30
      vertex 13.4358 9.09411 30
    endloop
  endfacet
  facet normal 0 0 1
    outer loop
      vertex 0 0 30
      vertex 13.4358 9.09411 30
      vertex 12 9 30
    endloop
  endfacet
  facet normal 0 0 1
    outer loop
      vertex 0 0 30
      vertex 12 9 30
      vertex 10.5642 9.09411 30
    endloop
  endfacet
  facet normal 0 0 1
    outer loop
      vertex 16.2095 9.83733 30
      vertex 0 0 30
      vertex 60 0 30
    endloop
  endfacet
  facet normal 0 0 1
    outer loop
      vertex 9.15299 9.37481 30
      vertex 0 0 30
      vertex 10.5642 9.09411 30
    endloop
  endfacet
  facet normal 0 0 1
    outer loop
      vertex 7.79048 9.83733 30
      vertex 0 0 30
      vertex 9.15299 9.37481 30
    endloop
  endfacet
  facet normal 0 0 1
    outer loop
      vertex 6.5 10.4737 30
      vertex 0 0 30
      vertex 7.79048 9.83733 30
    endloop
  endfacet
  facet normal 0 0 1
    outer loop
      vertex 5.30362 11.2731 30
      vertex 0 0 30
      vertex 6.5 10.4737 30
    endloop
  endfacet
  facet normal 0 0 1
    outer loop
      vertex 4.22182 12.2218 30
      vertex 0 0 30
      vertex 5.30362 11.2731 30
    endloop
  endfacet
  facet normal 0 0 1
    outer loop
      vertex 3.27311 13.3036 30
      vertex 0 0 30
      vertex 4.22182 12.2218 30
    endloop
  endfacet
  facet normal 0 0 1
    outer loop
      vertex 2.47372 14.5 30
      vertex 0 0 30
      vertex 3.27311 13.3036 30
    endloop
  endfacet
  facet normal 0 0 1
    outer loop
      vertex 1.83733 15.7905 30
      vertex 0 0 30
      vertex 2.47372 14.5 30
    endloop
  endfacet
  facet normal 0 0 1
    outer loop
      vertex 1.37481 17.153 30
      vertex 0 0 30
      vertex 1.83733 15.7905 30
    endloop
  endfacet
  facet normal 0 0 1
    outer loop
      vertex 1.09411 18.5642 30
      vertex 0 0 30
      vertex 1.37481 17.153 30
    endloop
  endfacet
  facet normal 0 0 1
    outer loop
      vertex 1 20 30
      vertex 0 0 30
      vertex 1.09411 18.5642 30
    endloop
  endfacet
  facet normal 0 0 1
    outer loop
      vertex 0 0 30
      vertex 1 20 30
      vertex 0 40 30
    endloop
  endfacet
  facet normal -1 0 0
    outer loop
      vertex 0 40 0
      vertex 0 23.25 15
      vertex 0 40 30
    endloop
  endfacet
  facet normal -1 0 0
    outer loop
      vertex 0 40 0
      vertex 0 23.2222 14.5758
      vertex 0 23.25 15
    endloop
  endfacet
  facet normal -1 0 0
    outer loop
      vertex 0 40 0
      vertex 0 23.1393 14.1588
      vertex 0 23.2222 14.5758
    endloop
  endfacet
  facet normal -1 0 0
    outer loop
      vertex 0 40 0
      vertex 0 23.0026 13.7563
      vertex 0 23.1393 14.1588
    endloop
  endfacet
  facet normal -1 0 0
    outer loop
      vertex 0 40 0
      vertex 0 22.8146 13.375
      vertex 0 23.0026 13.7563
    endloop
  endfacet
  facet normal -1 0 0
    outer loop
      vertex 0 40 0
      vertex 0 22.5784 13.0215
      vertex 0 22.8146 13.375
    endloop
  endfacet
  facet normal -1 0 0
    outer loop
      vertex 0 40 0
      vertex 0 22.2981 12.7019
      vertex 0 22.5784 13.0215
    endloop
  endfacet
  facet normal -1 0 0
    outer loop
      vertex 0 40 0
      vertex 0 21.9785 12.4216
      vertex 0 22.2981 12.7019
    endloop
  endfacet
  facet normal -1 0 0
    outer loop
      vertex 0 40 0
      vertex 0 21.625 12.1854
      vertex 0 21.9785 12.4216
    endloop
  endfacet
  facet normal -1 0 0
    outer loop
      vertex 0 40 0
      vertex 0 21.2437 11.9974
      vertex 0 21.625 12.1854
    endloop
  endfacet
  facet normal -1 0 0
    outer loop
      vertex 0 40 0
      vertex 0 20.8412 11.8607
      vertex 0 21.2437 11.9974
    endloop
  endfacet
  facet normal -1 0 0
    outer loop
      vertex 0 40 0
      vertex 0 20.4242 11.7778
      vertex 0 20.8412 11.8607
    endloop
  endfacet
  facet normal -1 0 0
    outer loop
      vertex 0 40 0
      vertex 0 20 11.75
      vertex 0 20.4242 11.7778
    endloop
  endfacet
  facet normal -1 0 0
    outer loop
      vertex 0 0 0
      vertex 0 20 11.75
      vertex 0 40 0
    endloop
  endfacet
  facet normal -1 -0 0
    outer loop
      vertex 0 20 11.75
      vertex 0 0 0
      vertex 0 19.5758 11.7778
    endloop
  endfacet
  facet normal -1 -0 0
    outer loop
      vertex 0 19.5758 11.7778
      vertex 0 0 0
      vertex 0 19.1588 11.8607
    endloop
  endfacet
  facet normal -1 -0 0
    outer loop
      vertex 0 19.1588 11.8607
      vertex 0 0 0
      vertex 0 18.7563 11.9974
    endloop
  endfacet
  facet normal -1 -0 0
    outer loop
      vertex 0 16.7778 14.5758
      vertex 0 0 0
      vertex 0 16.75 15
    endloop
  endfacet
  facet normal -1 -0 0
    outer loop
      vertex 0 16.8607 14.1588
      vertex 0 0 0
      vertex 0 16.7778 14.5758
    endloop
  endfacet
  facet normal -1 -0 0
    outer loop
      vertex 0 16.9974 13.7563
      vertex 0 0 0
      vertex 0 16.8607 14.1588
    endloop
  endfacet
  facet normal -1 -0 0
    outer loop
      vertex 0 17.1854 13.375
      vertex 0 0 0
      vertex 0 16.9974 13.7563
    endloop
  endfacet
  facet normal -1 -0 0
    outer loop
      vertex 0 17.4216 13.0215
      vertex 0 0 0
      vertex 0 17.1854 13.375
    endloop
  endfacet
  facet normal -1 -0 0
    outer loop
      vertex 0 17.7019 12.7019
      vertex 0 0 0
      vertex 0 17.4216 13.0215
    endloop
  endfacet
  facet normal -1 -0 0
    outer loop
      vertex 0 18.0215 12.4216
      vertex 0 0 0
      vertex 0 17.7019 12.7019
    endloop
  endfacet
  facet normal -1 -0 0
    outer loop
      vertex 0 18.375 12.1854
      vertex 0 0 0
      vertex 0 18.0215 12.4216
    endloop
  endfacet
  facet normal -1 -0 0
    outer loop
      vertex 0 18.7563 11.9974
      vertex 0 0 0
      vertex 0 18.375 12.1854
    endloop
  endfacet
  facet normal -1 0 0
    outer loop
      vertex 0 23.2222 15.4242
      vertex 0 40 30
      vertex 0 23.25 15
    endloop
  endfacet
  facet normal -1 0 0
    outer loop
      vertex 0 23.1393 15.8412
      vertex 0 40 30
      vertex 0 23.2222 15.4242
    endloop
  endfacet
  facet normal -1 0 0
    outer loop
      vertex 0 23.0026 16.2437
      vertex 0 40 30
      vertex 0 23.1393 15.8412
    endloop
  endfacet
  facet normal -1 0 0
    outer loop
      vertex 0 22.8146 16.625
      vertex 0 40 30
      vertex 0 23.0026 16.2437
    endloop
  endfacet
  facet normal -1 0 0
    outer loop
      vertex 0 22.5784 16.9785
      vertex 0 40 30
      vertex 0 22.8146 16.625
    endloop
  endfacet
  facet normal -1 0 0
    outer loop
      vertex 0 22.2981 17.2981
      vertex 0 40 30
      vertex 0 22.5784 16.9785
    endloop
  endfacet
  facet normal -1 0 0
    outer loop
      vertex 0 21.9785 17.5784
      vertex 0 40 30
      vertex 0 22.2981 17.2981
    endloop
  endfacet
  facet normal -1 0 0
    outer loop
      vertex 0 21.625 17.8146
      vertex 0 40 30
      vertex 0 21.9785 17.5784
    endloop
  endfacet
  facet normal -1 0 0
    outer loop
      vertex 0 21.2437 18.0026
      vertex 0 40 30
      vertex 0 21.625 17.8146
    endloop
  endfacet
  facet normal -1 0 0
    outer loop
      vertex 0 20.8412 18.1393
      vertex 0 40 30
      vertex 0 21.2437 18.0026
    endloop
  endfacet
  facet normal -1 0 0
    outer loop
      vertex 0 20.4242 18.2222
      vertex 0 40 30
      vertex 0 20.8412 18.1393
    endloop
  endfacet
  facet normal -1 0 0
    outer loop
      vertex 0 20 18.25
      vertex 0 40 30
      vertex 0 20.4242 18.2222
    endloop
  endfacet
  facet normal -1 0 0
    outer loop
      vertex 0 0 30
      vertex 0 20 18.25
      vertex 0 19.5758 18.2222
    endloop
  endfacet
  facet normal -1 0 0
    outer loop
      vertex 0 0 30
      vertex 0 19.5758 18.2222
      vertex 0 19.1588 18.1393
    endloop
  endfacet
  facet normal -1 0 0
    outer loop
      vertex 0 0 30
      vertex 0 19.1588 18.1393
      vertex 0 18.7563 18.0026
    endloop
  endfacet
  facet normal -1 0 0
    outer loop
      vertex 0 0 30
      vertex 0 18.7563 18.0026
      vertex 0 18.375 17.8146
    endloop
  endfacet
  facet normal -1 0 0
    outer loop
      vertex 0 0 30
      vertex 0 16.75 15
      vertex 0 0 0
    endloop
  endfacet
  facet normal -1 0 0
    outer loop
      vertex 0 16.75 15
      vertex 0 0 30
      vertex 0 16.7778 15.4242
    endloop
  endfacet
  facet normal -1 0 0
    outer loop
      vertex 0 16.7778 15.4242
      vertex 0 0 30
      vertex 0 16.8607 15.8412
    endloop
  endfacet
  facet normal -1 0 0
    outer loop
      vertex 0 16.8607 15.8412
      vertex 0 0 30
      vertex 0 16.9974 16.2437
    endloop
  endfacet
  facet normal -1 0 0
    outer loop
      vertex 0 16.9974 16.2437
      vertex 0 0 30
      vertex 0 17.1854 16.625
    endloop
  endfacet
  facet normal -1 0 0
    outer loop
      vertex 0 17.1854 16.625
      vertex 0 0 30
      vertex 0 17.4216 16.9785
    endloop
  endfacet
  facet normal -1 0 0
    outer loop
      vertex 0 20 18.25
      vertex 0 0 30
      vertex 0 40 30
    endloop
  endfacet
  facet normal -1 0 0
    outer loop
      vertex 0 18.0215 17.5784
      vertex 0 0 30
      vertex 0 18.375 17.8146
    endloop
  endfacet
  facet normal -1 0 0
    outer loop
      vertex 0 17.7019 17.2981
      vertex 0 0 30
      vertex 0 18.0215 17.5784
    endloop
  endfacet
  facet normal -1 0 0
    outer loop
      vertex 0 17.4216 16.9785
      vertex 0 0 30
      vertex 0 17.7019 17.2981
    endloop
  endfacet
  facet normal 0 1 -0
    outer loop
      vertex 60 40 0
      vertex 0 40 30
      vertex 60 40 30
    endloop
  endfacet
  facet normal 0 1 0
    outer loop
      vertex 0 40 30
      vertex 60 40 0
      vertex 0 40 0
    endloop
  endfacet
  facet normal 0 -1 0
    outer loop
      vertex 0 0 0
      vertex 60 0 30
      vertex 0 0 30
    endloop
  endfacet
  facet normal 0 -1 -0
    outer loop
      vertex 60 0 30
      vertex 0 0 0
      vertex 60 0 0
    endloop
  endfacet
  facet normal 0 -0.94688 0.321586
    outer loop
      vertex 1.42763 23.0026 13.7563
      vertex 0 23.1393 14.1588
      vertex 0 23.0026 13.7563
    endloop
  endfacet
  facet normal 0 -0.94688 0.321586
    outer loop
      vertex 0 23.1393 14.1588
      vertex 1.42763 23.0026 13.7563
      vertex 1.47402 23.1393 14.1588
    endloop
  endfacet
  facet normal -1.32468e-18 -0.94688 0.321586
    outer loop
      vertex 22.5724 23.0026 13.7563
      vertex 24 23.1393 14.1588
      vertex 22.526 23.1393 14.1588
    endloop
  endfacet
  facet normal -1.36774e-18 -0.94688 0.321586
    outer loop
      vertex 24 23.1393 14.1588
      vertex 22.5724 23.0026 13.7563
      vertex 24 23.0026 13.7563
    endloop
  endfacet
  facet normal 0 -0.94688 0.321586
    outer loop
      vertex 37.4276 23.0026 13.7563
      vertex 36 23.1393 14.1588
      vertex 36 23.0026 13.7563
    endloop
  endfacet
  facet normal 0 -0.94688 0.321586
    outer loop
      vertex 36 23.1393 14.1588
      vertex 37.4276 23.0026 13.7563
      vertex 37.474 23.1393 14.1588
    endloop
  endfacet
  facet normal -1.32468e-18 -0.94688 0.321586
    outer loop
      vertex 58.5724 23.0026 13.7563
      vertex 60 23.1393 14.1588
      vertex 58.526 23.1393 14.1588
    endloop
  endfacet
  facet normal -1.36774e-18 -0.94688 0.321586
    outer loop
      vertex 60 23.1393 14.1588
      vertex 58.5724 23.0026 13.7563
      vertex 60 23.0026 13.7563
    endloop
  endfacet
  facet normal -1.35555e-17 -0.65937 -0.751818
    outer loop
      vertex 0 22.2981 17.2981
      vertex 1.20205 21.9785 17.5784
      vertex 0 21.9785 17.5784
    endloop
  endfacet
  facet normal -1.28745e-17 -0.65937 -0.751818
    outer loop
      vertex 1.20205 21.9785 17.5784
      vertex 0 22.2981 17.2981
      vertex 1.26563 22.2981 17.2981
    endloop
  endfacet
  facet normal 0 -0.65937 -0.751818
    outer loop
      vertex 22.7979 21.9785 17.5784
      vertex 24 22.2981 17.2981
      vertex 24 21.9785 17.5784
    endloop
  endfacet
  facet normal -0 -0.65937 -0.751818
    outer loop
      vertex 24 22.2981 17.2981
      vertex 22.7979 21.9785 17.5784
      vertex 22.7344 22.2981 17.2981
    endloop
  endfacet
  facet normal -1.3555e-17 -0.65937 -0.751818
    outer loop
      vertex 36 22.2981 17.2981
      vertex 37.2021 21.9785 17.5784
      vertex 36 21.9785 17.5784
    endloop
  endfacet
  facet normal -1.28749e-17 -0.65937 -0.751818
    outer loop
      vertex 37.2021 21.9785 17.5784
      vertex 36 22.2981 17.2981
      vertex 37.2656 22.2981 17.2981
    endloop
  endfacet
  facet normal 0 -0.65937 -0.751818
    outer loop
      vertex 58.7979 21.9785 17.5784
      vertex 60 22.2981 17.2981
      vertex 60 21.9785 17.5784
    endloop
  endfacet
  facet normal -0 -0.65937 -0.751818
    outer loop
      vertex 60 22.2981 17.2981
      vertex 58.7979 21.9785 17.5784
      vertex 58.7344 22.2981 17.2981
    endloop
  endfacet
  facet normal 1.08547e-17 -0.831471 -0.555568
    outer loop
      vertex 0 22.8146 16.625
      vertex 1.32139 22.5784 16.9785
      vertex 0 22.5784 16.9785
    endloop
  endfacet
  facet normal 1.04821e-17 -0.831471 -0.555568
    outer loop
      vertex 1.32139 22.5784 16.9785
      vertex 0 22.8146 16.625
      vertex 1.36836 22.8146 16.625
    endloop
  endfacet
  facet normal -0 -0.831471 -0.555568
    outer loop
      vertex 60 22.8146 16.625
      vertex 58.6786 22.5784 16.9785
      vertex 58.6316 22.8146 16.625
    endloop
  endfacet
  facet normal 0 -0.831471 -0.555568
    outer loop
      vertex 58.6786 22.5784 16.9785
      vertex 60 22.8146 16.625
      vertex 60 22.5784 16.9785
    endloop
  endfacet
  facet normal -0 -0.831471 -0.555568
    outer loop
      vertex 24 22.8146 16.625
      vertex 22.6786 22.5784 16.9785
      vertex 22.6316 22.8146 16.625
    endloop
  endfacet
  facet normal 0 -0.831471 -0.555568
    outer loop
      vertex 22.6786 22.5784 16.9785
      vertex 24 22.8146 16.625
      vertex 24 22.5784 16.9785
    endloop
  endfacet
  facet normal 1.08546e-17 -0.831471 -0.555568
    outer loop
      vertex 36 22.8146 16.625
      vertex 37.3214 22.5784 16.9785
      vertex 36 22.5784 16.9785
    endloop
  endfacet
  facet normal 1.04818e-17 -0.831471 -0.555568
    outer loop
      vertex 37.3214 22.5784 16.9785
      vertex 36 22.8146 16.625
      vertex 37.3684 22.8146 16.625
    endloop
  endfacet
  facet normal 1.36771e-18 -0.94688 -0.321586
    outer loop
      vertex 0 23.1393 15.8412
      vertex 1.42763 23.0026 16.2437
      vertex 0 23.0026 16.2437
    endloop
  endfacet
  facet normal 1.32466e-18 -0.94688 -0.321586
    outer loop
      vertex 1.42763 23.0026 16.2437
      vertex 0 23.1393 15.8412
      vertex 1.47402 23.1393 15.8412
    endloop
  endfacet
  facet normal -0 -0.94688 -0.321586
    outer loop
      vertex 24 23.1393 15.8412
      vertex 22.5724 23.0026 16.2437
      vertex 22.526 23.1393 15.8412
    endloop
  endfacet
  facet normal 0 -0.94688 -0.321586
    outer loop
      vertex 22.5724 23.0026 16.2437
      vertex 24 23.1393 15.8412
      vertex 24 23.0026 16.2437
    endloop
  endfacet
  facet normal 1.36774e-18 -0.94688 -0.321586
    outer loop
      vertex 36 23.1393 15.8412
      vertex 37.4276 23.0026 16.2437
      vertex 36 23.0026 16.2437
    endloop
  endfacet
  facet normal 1.32468e-18 -0.94688 -0.321586
    outer loop
      vertex 37.4276 23.0026 16.2437
      vertex 36 23.1393 15.8412
      vertex 37.474 23.1393 15.8412
    endloop
  endfacet
  facet normal -0 -0.94688 -0.321586
    outer loop
      vertex 60 23.1393 15.8412
      vertex 58.5724 23.0026 16.2437
      vertex 58.526 23.1393 15.8412
    endloop
  endfacet
  facet normal 0 -0.94688 -0.321586
    outer loop
      vertex 58.5724 23.0026 16.2437
      vertex 60 23.1393 15.8412
      vertex 60 23.0026 16.2437
    endloop
  endfacet
  facet normal 1.26737e-17 0.555568 0.831471
    outer loop
      vertex 0 18.0215 12.4216
      vertex 1.13174 18.375 12.1854
      vertex 0 18.375 12.1854
    endloop
  endfacet
  facet normal 1.19324e-17 0.555568 0.831471
    outer loop
      vertex 1.13174 18.375 12.1854
      vertex 0 18.0215 12.4216
      vertex 1.20205 18.0215 12.4216
    endloop
  endfacet
  facet normal -0 0.555568 0.831471
    outer loop
      vertex 22.8683 18.375 12.1854
      vertex 24 18.0215 12.4216
      vertex 24 18.375 12.1854
    endloop
  endfacet
  facet normal 0 0.555568 0.831471
    outer loop
      vertex 24 18.0215 12.4216
      vertex 22.8683 18.375 12.1854
      vertex 22.7979 18.0215 12.4216
    endloop
  endfacet
  facet normal 1.26741e-17 0.555568 0.831471
    outer loop
      vertex 36 18.0215 12.4216
      vertex 37.1317 18.375 12.1854
      vertex 36 18.375 12.1854
    endloop
  endfacet
  facet normal 1.19319e-17 0.555568 0.831471
    outer loop
      vertex 37.1317 18.375 12.1854
      vertex 36 18.0215 12.4216
      vertex 37.2021 18.0215 12.4216
    endloop
  endfacet
  facet normal -0 0.555568 0.831471
    outer loop
      vertex 58.8683 18.375 12.1854
      vertex 60 18.0215 12.4216
      vertex 60 18.375 12.1854
    endloop
  endfacet
  facet normal 0 0.555568 0.831471
    outer loop
      vertex 60 18.0215 12.4216
      vertex 58.8683 18.375 12.1854
      vertex 58.7979 18.0215 12.4216
    endloop
  endfacet
  facet normal 1.32466e-18 0.94688 0.321586
    outer loop
      vertex 1.42763 16.9974 13.7563
      vertex 0 16.8607 14.1588
      vertex 1.47402 16.8607 14.1588
    endloop
  endfacet
  facet normal 1.36771e-18 0.94688 0.321586
    outer loop
      vertex 0 16.8607 14.1588
      vertex 1.42763 16.9974 13.7563
      vertex 0 16.9974 13.7563
    endloop
  endfacet
  facet normal -0 0.94688 0.321586
    outer loop
      vertex 22.5724 16.9974 13.7563
      vertex 24 16.8607 14.1588
      vertex 24 16.9974 13.7563
    endloop
  endfacet
  facet normal 0 0.94688 0.321586
    outer loop
      vertex 24 16.8607 14.1588
      vertex 22.5724 16.9974 13.7563
      vertex 22.526 16.8607 14.1588
    endloop
  endfacet
  facet normal 1.32468e-18 0.94688 0.321586
    outer loop
      vertex 37.4276 16.9974 13.7563
      vertex 36 16.8607 14.1588
      vertex 37.474 16.8607 14.1588
    endloop
  endfacet
  facet normal 1.36774e-18 0.94688 0.321586
    outer loop
      vertex 36 16.8607 14.1588
      vertex 37.4276 16.9974 13.7563
      vertex 36 16.9974 13.7563
    endloop
  endfacet
  facet normal -0 0.94688 0.321586
    outer loop
      vertex 58.5724 16.9974 13.7563
      vertex 60 16.8607 14.1588
      vertex 60 16.9974 13.7563
    endloop
  endfacet
  facet normal 0 0.94688 0.321586
    outer loop
      vertex 60 16.8607 14.1588
      vertex 58.5724 16.9974 13.7563
      vertex 58.526 16.8607 14.1588
    endloop
  endfacet
  facet normal 0 -0.442277 0.896879
    outer loop
      vertex 0 21.625 12.1854
      vertex 1.09411 21.4358 12.0921
      vertex 1.13174 21.625 12.1854
    endloop
  endfacet
  facet normal 1.2233e-05 -0.44222 0.896907
    outer loop
      vertex 0 21.2437 11.9974
      vertex 1.09411 21.4358 12.0921
      vertex 0 21.625 12.1854
    endloop
  endfacet
  facet normal 5.73483e-18 -0.442164 0.896934
    outer loop
      vertex 1.09411 21.4358 12.0921
      vertex 0 21.2437 11.9974
      vertex 1.08152 21.2437 11.9974
    endloop
  endfacet
  facet normal -1.22331e-05 -0.44222 0.896907
    outer loop
      vertex 22.9059 21.4358 12.0921
      vertex 24 21.2437 11.9974
      vertex 24 21.625 12.1854
    endloop
  endfacet
  facet normal 0 -0.442164 0.896934
    outer loop
      vertex 24 21.2437 11.9974
      vertex 22.9059 21.4358 12.0921
      vertex 22.9185 21.2437 11.9974
    endloop
  endfacet
  facet normal -5.27409e-18 -0.442277 0.896879
    outer loop
      vertex 22.9059 21.4358 12.0921
      vertex 24 21.625 12.1854
      vertex 22.8683 21.625 12.1854
    endloop
  endfacet
  facet normal 0 -0.442277 0.896879
    outer loop
      vertex 36 21.625 12.1854
      vertex 37.0941 21.4358 12.0921
      vertex 37.1317 21.625 12.1854
    endloop
  endfacet
  facet normal 1.22331e-05 -0.44222 0.896907
    outer loop
      vertex 36 21.2437 11.9974
      vertex 37.0941 21.4358 12.0921
      vertex 36 21.625 12.1854
    endloop
  endfacet
  facet normal 5.73493e-18 -0.442164 0.896934
    outer loop
      vertex 37.0941 21.4358 12.0921
      vertex 36 21.2437 11.9974
      vertex 37.0815 21.2437 11.9974
    endloop
  endfacet
  facet normal -1.22331e-05 -0.44222 0.896907
    outer loop
      vertex 58.9059 21.4358 12.0921
      vertex 60 21.2437 11.9974
      vertex 60 21.625 12.1854
    endloop
  endfacet
  facet normal 0 -0.442164 0.896934
    outer loop
      vertex 60 21.2437 11.9974
      vertex 58.9059 21.4358 12.0921
      vertex 58.9185 21.2437 11.9974
    endloop
  endfacet
  facet normal -5.27409e-18 -0.442277 0.896879
    outer loop
      vertex 58.9059 21.4358 12.0921
      vertex 60 21.625 12.1854
      vertex 58.8683 21.625 12.1854
    endloop
  endfacet
  facet normal 0 -0.0653948 0.997859
    outer loop
      vertex 0 20.4242 11.7778
      vertex 1 20 11.75
      vertex 1.0278 20.4242 11.7778
    endloop
  endfacet
  facet normal 0 -0.0653948 0.997859
    outer loop
      vertex 1 20 11.75
      vertex 0 20.4242 11.7778
      vertex 0 20 11.75
    endloop
  endfacet
  facet normal -7.64994e-20 -0.0653948 0.997859
    outer loop
      vertex 24 20.4242 11.7778
      vertex 23 20 11.75
      vertex 24 20 11.75
    endloop
  endfacet
  facet normal -7.44302e-20 -0.0653948 0.997859
    outer loop
      vertex 23 20 11.75
      vertex 24 20.4242 11.7778
      vertex 22.9722 20.4242 11.7778
    endloop
  endfacet
  facet normal 0 -0.0653948 0.997859
    outer loop
      vertex 36 20.4242 11.7778
      vertex 37 20 11.75
      vertex 37.0278 20.4242 11.7778
    endloop
  endfacet
  facet normal 0 -0.0653948 0.997859
    outer loop
      vertex 37 20 11.75
      vertex 36 20.4242 11.7778
      vertex 36 20 11.75
    endloop
  endfacet
  facet normal -7.64994e-20 -0.0653948 0.997859
    outer loop
      vertex 60 20.4242 11.7778
      vertex 59 20 11.75
      vertex 60 20 11.75
    endloop
  endfacet
  facet normal -7.44302e-20 -0.0653948 0.997859
    outer loop
      vertex 59 20 11.75
      vertex 60 20.4242 11.7778
      vertex 58.9722 20.4242 11.7778
    endloop
  endfacet
  facet normal -8.60183e-18 0.65937 0.751818
    outer loop
      vertex 0 17.7019 12.7019
      vertex 1.20205 18.0215 12.4216
      vertex 0 18.0215 12.4216
    endloop
  endfacet
  facet normal -8.16971e-18 0.65937 0.751818
    outer loop
      vertex 1.20205 18.0215 12.4216
      vertex 0 17.7019 12.7019
      vertex 1.26563 17.7019 12.7019
    endloop
  endfacet
  facet normal -0 0.65937 0.751818
    outer loop
      vertex 22.7979 18.0215 12.4216
      vertex 24 17.7019 12.7019
      vertex 24 18.0215 12.4216
    endloop
  endfacet
  facet normal 0 0.65937 0.751818
    outer loop
      vertex 24 17.7019 12.7019
      vertex 22.7979 18.0215 12.4216
      vertex 22.7344 17.7019 12.7019
    endloop
  endfacet
  facet normal -8.60147e-18 0.65937 0.751818
    outer loop
      vertex 36 17.7019 12.7019
      vertex 37.2021 18.0215 12.4216
      vertex 36 18.0215 12.4216
    endloop
  endfacet
  facet normal -8.1699e-18 0.65937 0.751818
    outer loop
      vertex 37.2021 18.0215 12.4216
      vertex 36 17.7019 12.7019
      vertex 37.2656 17.7019 12.7019
    endloop
  endfacet
  facet normal -0 0.65937 0.751818
    outer loop
      vertex 58.7979 18.0215 12.4216
      vertex 60 17.7019 12.7019
      vertex 60 18.0215 12.4216
    endloop
  endfacet
  facet normal 0 0.65937 0.751818
    outer loop
      vertex 60 17.7019 12.7019
      vertex 58.7979 18.0215 12.4216
      vertex 58.7344 17.7019 12.7019
    endloop
  endfacet
  facet normal -0 0.442164 0.896934
    outer loop
      vertex 0 18.7563 11.9974
      vertex 1.09411 18.5642 12.0921
      vertex 1.08152 18.7563 11.9974
    endloop
  endfacet
  facet normal 1.2233e-05 0.44222 0.896907
    outer loop
      vertex 0 18.375 12.1854
      vertex 1.09411 18.5642 12.0921
      vertex 0 18.7563 11.9974
    endloop
  endfacet
  facet normal 5.2739e-18 0.442277 0.896879
    outer loop
      vertex 1.09411 18.5642 12.0921
      vertex 0 18.375 12.1854
      vertex 1.13174 18.375 12.1854
    endloop
  endfacet
  facet normal -5.73493e-18 0.442164 0.896934
    outer loop
      vertex 22.9059 18.5642 12.0921
      vertex 24 18.7563 11.9974
      vertex 22.9185 18.7563 11.9974
    endloop
  endfacet
  facet normal -1.22331e-05 0.44222 0.896907
    outer loop
      vertex 24 18.7563 11.9974
      vertex 22.9059 18.5642 12.0921
      vertex 24 18.375 12.1854
    endloop
  endfacet
  facet normal 0 0.442277 0.896879
    outer loop
      vertex 24 18.375 12.1854
      vertex 22.9059 18.5642 12.0921
      vertex 22.8683 18.375 12.1854
    endloop
  endfacet
  facet normal -0 0.442164 0.896934
    outer loop
      vertex 36 18.7563 11.9974
      vertex 37.0941 18.5642 12.0921
      vertex 37.0815 18.7563 11.9974
    endloop
  endfacet
  facet normal 1.22331e-05 0.44222 0.896907
    outer loop
      vertex 36 18.375 12.1854
      vertex 37.0941 18.5642 12.0921
      vertex 36 18.7563 11.9974
    endloop
  endfacet
  facet normal 5.27409e-18 0.442277 0.896879
    outer loop
      vertex 37.0941 18.5642 12.0921
      vertex 36 18.375 12.1854
      vertex 37.1317 18.375 12.1854
    endloop
  endfacet
  facet normal -5.73493e-18 0.442164 0.896934
    outer loop
      vertex 58.9059 18.5642 12.0921
      vertex 60 18.7563 11.9974
      vertex 58.9185 18.7563 11.9974
    endloop
  endfacet
  facet normal -1.22331e-05 0.44222 0.896907
    outer loop
      vertex 60 18.7563 11.9974
      vertex 58.9059 18.5642 12.0921
      vertex 60 18.375 12.1854
    endloop
  endfacet
  facet normal 0 0.442277 0.896879
    outer loop
      vertex 60 18.375 12.1854
      vertex 58.9059 18.5642 12.0921
      vertex 58.8683 18.375 12.1854
    endloop
  endfacet
  facet normal 0 -0.321586 0.94688
    outer loop
      vertex 0 21.2437 11.9974
      vertex 1.05513 20.8412 11.8607
      vertex 1.08152 21.2437 11.9974
    endloop
  endfacet
  facet normal 0 -0.321586 0.94688
    outer loop
      vertex 1.05513 20.8412 11.8607
      vertex 0 21.2437 11.9974
      vertex 0 20.8412 11.8607
    endloop
  endfacet
  facet normal -6.1291e-19 -0.321586 0.94688
    outer loop
      vertex 24 21.2437 11.9974
      vertex 22.9449 20.8412 11.8607
      vertex 24 20.8412 11.8607
    endloop
  endfacet
  facet normal -5.97948e-19 -0.321586 0.94688
    outer loop
      vertex 22.9449 20.8412 11.8607
      vertex 24 21.2437 11.9974
      vertex 22.9185 21.2437 11.9974
    endloop
  endfacet
  facet normal 0 -0.321586 0.94688
    outer loop
      vertex 36 21.2437 11.9974
      vertex 37.0551 20.8412 11.8607
      vertex 37.0815 21.2437 11.9974
    endloop
  endfacet
  facet normal 0 -0.321586 0.94688
    outer loop
      vertex 37.0551 20.8412 11.8607
      vertex 36 21.2437 11.9974
      vertex 36 20.8412 11.8607
    endloop
  endfacet
  facet normal -6.1291e-19 -0.321586 0.94688
    outer loop
      vertex 60 21.2437 11.9974
      vertex 58.9449 20.8412 11.8607
      vertex 60 20.8412 11.8607
    endloop
  endfacet
  facet normal -5.97948e-19 -0.321586 0.94688
    outer loop
      vertex 58.9449 20.8412 11.8607
      vertex 60 21.2437 11.9974
      vertex 58.9185 21.2437 11.9974
    endloop
  endfacet
  facet normal 7.64994e-20 0.0653948 0.997859
    outer loop
      vertex 0 19.5758 11.7778
      vertex 1 20 11.75
      vertex 0 20 11.75
    endloop
  endfacet
  facet normal 7.44302e-20 0.0653948 0.997859
    outer loop
      vertex 1 20 11.75
      vertex 0 19.5758 11.7778
      vertex 1.0278 19.5758 11.7778
    endloop
  endfacet
  facet normal -0 0.0653948 0.997859
    outer loop
      vertex 23 20 11.75
      vertex 24 19.5758 11.7778
      vertex 24 20 11.75
    endloop
  endfacet
  facet normal 0 0.0653948 0.997859
    outer loop
      vertex 24 19.5758 11.7778
      vertex 23 20 11.75
      vertex 22.9722 19.5758 11.7778
    endloop
  endfacet
  facet normal 7.64994e-20 0.0653948 0.997859
    outer loop
      vertex 36 19.5758 11.7778
      vertex 37 20 11.75
      vertex 36 20 11.75
    endloop
  endfacet
  facet normal 7.44302e-20 0.0653948 0.997859
    outer loop
      vertex 37 20 11.75
      vertex 36 19.5758 11.7778
      vertex 37.0278 19.5758 11.7778
    endloop
  endfacet
  facet normal -0 0.0653948 0.997859
    outer loop
      vertex 59 20 11.75
      vertex 60 19.5758 11.7778
      vertex 60 20 11.75
    endloop
  endfacet
  facet normal 0 0.0653948 0.997859
    outer loop
      vertex 60 19.5758 11.7778
      vertex 59 20 11.75
      vertex 58.9722 19.5758 11.7778
    endloop
  endfacet
  facet normal 0 0.194985 -0.980806
    outer loop
      vertex 0 19.1588 18.1393
      vertex 1.0278 19.5758 18.2222
      vertex 1.05513 19.1588 18.1393
    endloop
  endfacet
  facet normal 0 0.194985 -0.980806
    outer loop
      vertex 1.0278 19.5758 18.2222
      vertex 0 19.1588 18.1393
      vertex 0 19.5758 18.2222
    endloop
  endfacet
  facet normal 4.30756e-18 0.194985 -0.980806
    outer loop
      vertex 24 19.1588 18.1393
      vertex 22.9722 19.5758 18.2222
      vertex 24 19.5758 18.2222
    endloop
  endfacet
  facet normal 4.1961e-18 0.194985 -0.980806
    outer loop
      vertex 22.9722 19.5758 18.2222
      vertex 24 19.1588 18.1393
      vertex 22.9449 19.1588 18.1393
    endloop
  endfacet
  facet normal 0 0.194985 -0.980806
    outer loop
      vertex 36 19.1588 18.1393
      vertex 37.0278 19.5758 18.2222
      vertex 37.0551 19.1588 18.1393
    endloop
  endfacet
  facet normal 0 0.194985 -0.980806
    outer loop
      vertex 37.0278 19.5758 18.2222
      vertex 36 19.1588 18.1393
      vertex 36 19.5758 18.2222
    endloop
  endfacet
  facet normal 4.30756e-18 0.194985 -0.980806
    outer loop
      vertex 60 19.1588 18.1393
      vertex 58.9722 19.5758 18.2222
      vertex 60 19.5758 18.2222
    endloop
  endfacet
  facet normal 4.1961e-18 0.194985 -0.980806
    outer loop
      vertex 58.9722 19.5758 18.2222
      vertex 60 19.1588 18.1393
      vertex 58.9449 19.1588 18.1393
    endloop
  endfacet
  facet normal 6.12892e-19 0.321586 0.94688
    outer loop
      vertex 0 18.7563 11.9974
      vertex 1.05513 19.1588 11.8607
      vertex 0 19.1588 11.8607
    endloop
  endfacet
  facet normal 5.97937e-19 0.321586 0.94688
    outer loop
      vertex 1.05513 19.1588 11.8607
      vertex 0 18.7563 11.9974
      vertex 1.08152 18.7563 11.9974
    endloop
  endfacet
  facet normal -0 0.321586 0.94688
    outer loop
      vertex 22.9449 19.1588 11.8607
      vertex 24 18.7563 11.9974
      vertex 24 19.1588 11.8607
    endloop
  endfacet
  facet normal 0 0.321586 0.94688
    outer loop
      vertex 24 18.7563 11.9974
      vertex 22.9449 19.1588 11.8607
      vertex 22.9185 18.7563 11.9974
    endloop
  endfacet
  facet normal 6.1291e-19 0.321586 0.94688
    outer loop
      vertex 36 18.7563 11.9974
      vertex 37.0551 19.1588 11.8607
      vertex 36 19.1588 11.8607
    endloop
  endfacet
  facet normal 5.97948e-19 0.321586 0.94688
    outer loop
      vertex 37.0551 19.1588 11.8607
      vertex 36 18.7563 11.9974
      vertex 37.0815 18.7563 11.9974
    endloop
  endfacet
  facet normal -0 0.321586 0.94688
    outer loop
      vertex 58.9449 19.1588 11.8607
      vertex 60 18.7563 11.9974
      vertex 60 19.1588 11.8607
    endloop
  endfacet
  facet normal 0 0.321586 0.94688
    outer loop
      vertex 60 18.7563 11.9974
      vertex 58.9449 19.1588 11.8607
      vertex 58.9185 18.7563 11.9974
    endloop
  endfacet
  facet normal 0 0.65937 -0.751818
    outer loop
      vertex 0 17.7019 17.2981
      vertex 1.20205 18.0215 17.5784
      vertex 1.26563 17.7019 17.2981
    endloop
  endfacet
  facet normal 0 0.65937 -0.751818
    outer loop
      vertex 1.20205 18.0215 17.5784
      vertex 0 17.7019 17.2981
      vertex 0 18.0215 17.5784
    endloop
  endfacet
  facet normal 1.3555e-17 0.65937 -0.751818
    outer loop
      vertex 24 17.7019 17.2981
      vertex 22.7979 18.0215 17.5784
      vertex 24 18.0215 17.5784
    endloop
  endfacet
  facet normal 1.28749e-17 0.65937 -0.751818
    outer loop
      vertex 22.7979 18.0215 17.5784
      vertex 24 17.7019 17.2981
      vertex 22.7344 17.7019 17.2981
    endloop
  endfacet
  facet normal 0 0.65937 -0.751818
    outer loop
      vertex 36 17.7019 17.2981
      vertex 37.2021 18.0215 17.5784
      vertex 37.2656 17.7019 17.2981
    endloop
  endfacet
  facet normal 0 0.65937 -0.751818
    outer loop
      vertex 37.2021 18.0215 17.5784
      vertex 36 17.7019 17.2981
      vertex 36 18.0215 17.5784
    endloop
  endfacet
  facet normal 1.3555e-17 0.65937 -0.751818
    outer loop
      vertex 60 17.7019 17.2981
      vertex 58.7979 18.0215 17.5784
      vertex 60 18.0215 17.5784
    endloop
  endfacet
  facet normal 1.28749e-17 0.65937 -0.751818
    outer loop
      vertex 58.7979 18.0215 17.5784
      vertex 60 17.7019 17.2981
      vertex 58.7344 17.7019 17.2981
    endloop
  endfacet
  facet normal 7.64994e-20 -0.0653948 -0.997859
    outer loop
      vertex 0 20.4242 18.2222
      vertex 1 20 18.25
      vertex 0 20 18.25
    endloop
  endfacet
  facet normal 7.44302e-20 -0.0653948 -0.997859
    outer loop
      vertex 1 20 18.25
      vertex 0 20.4242 18.2222
      vertex 1.0278 20.4242 18.2222
    endloop
  endfacet
  facet normal 0 -0.0653948 -0.997859
    outer loop
      vertex 23 20 18.25
      vertex 24 20.4242 18.2222
      vertex 24 20 18.25
    endloop
  endfacet
  facet normal -0 -0.0653948 -0.997859
    outer loop
      vertex 24 20.4242 18.2222
      vertex 23 20 18.25
      vertex 22.9722 20.4242 18.2222
    endloop
  endfacet
  facet normal 7.64994e-20 -0.0653948 -0.997859
    outer loop
      vertex 36 20.4242 18.2222
      vertex 37 20 18.25
      vertex 36 20 18.25
    endloop
  endfacet
  facet normal 7.44302e-20 -0.0653948 -0.997859
    outer loop
      vertex 37 20 18.25
      vertex 36 20.4242 18.2222
      vertex 37.0278 20.4242 18.2222
    endloop
  endfacet
  facet normal 0 -0.0653948 -0.997859
    outer loop
      vertex 59 20 18.25
      vertex 60 20.4242 18.2222
      vertex 60 20 18.25
    endloop
  endfacet
  facet normal -0 -0.0653948 -0.997859
    outer loop
      vertex 60 20.4242 18.2222
      vertex 59 20 18.25
      vertex 58.9722 20.4242 18.2222
    endloop
  endfacet
  facet normal 9.37013e-18 0.751818 0.65937
    outer loop
      vertex 1.26563 17.7019 12.7019
      vertex 0 17.4216 13.0215
      vertex 1.32139 17.4216 13.0215
    endloop
  endfacet
  facet normal 9.78296e-18 0.751818 0.65937
    outer loop
      vertex 0 17.4216 13.0215
      vertex 1.26563 17.7019 12.7019
      vertex 0 17.7019 12.7019
    endloop
  endfacet
  facet normal -0 0.751818 0.65937
    outer loop
      vertex 58.7344 17.7019 12.7019
      vertex 60 17.4216 13.0215
      vertex 60 17.7019 12.7019
    endloop
  endfacet
  facet normal 0 0.751818 0.65937
    outer loop
      vertex 60 17.4216 13.0215
      vertex 58.7344 17.7019 12.7019
      vertex 58.6786 17.4216 13.0215
    endloop
  endfacet
  facet normal -0 0.751818 0.65937
    outer loop
      vertex 22.7344 17.7019 12.7019
      vertex 24 17.4216 13.0215
      vertex 24 17.7019 12.7019
    endloop
  endfacet
  facet normal 0 0.751818 0.65937
    outer loop
      vertex 24 17.4216 13.0215
      vertex 22.7344 17.7019 12.7019
      vertex 22.6786 17.4216 13.0215
    endloop
  endfacet
  facet normal 9.37006e-18 0.751818 0.65937
    outer loop
      vertex 37.2656 17.7019 12.7019
      vertex 36 17.4216 13.0215
      vertex 37.3214 17.4216 13.0215
    endloop
  endfacet
  facet normal 9.78319e-18 0.751818 0.65937
    outer loop
      vertex 36 17.4216 13.0215
      vertex 37.2656 17.7019 12.7019
      vertex 36 17.7019 12.7019
    endloop
  endfacet
  facet normal -1.21822e-18 -0.997859 -0.0653948
    outer loop
      vertex 0 23.25 15
      vertex 1.50217 23.2222 15.4242
      vertex 0 23.2222 15.4242
    endloop
  endfacet
  facet normal -1.21062e-18 -0.997859 -0.0653948
    outer loop
      vertex 1.50217 23.2222 15.4242
      vertex 0 23.25 15
      vertex 1.51161 23.25 15
    endloop
  endfacet
  facet normal -0 -0.997859 -0.0653948
    outer loop
      vertex 24 23.25 15
      vertex 22.4978 23.2222 15.4242
      vertex 22.4884 23.25 15
    endloop
  endfacet
  facet normal 0 -0.997859 -0.0653948
    outer loop
      vertex 22.4978 23.2222 15.4242
      vertex 24 23.25 15
      vertex 24 23.2222 15.4242
    endloop
  endfacet
  facet normal -1.2182e-18 -0.997859 -0.0653948
    outer loop
      vertex 36 23.25 15
      vertex 37.5022 23.2222 15.4242
      vertex 36 23.2222 15.4242
    endloop
  endfacet
  facet normal -1.21062e-18 -0.997859 -0.0653948
    outer loop
      vertex 37.5022 23.2222 15.4242
      vertex 36 23.25 15
      vertex 37.5116 23.25 15
    endloop
  endfacet
  facet normal -0 -0.997859 -0.0653948
    outer loop
      vertex 60 23.25 15
      vertex 58.4978 23.2222 15.4242
      vertex 58.4884 23.25 15
    endloop
  endfacet
  facet normal 0 -0.997859 -0.0653948
    outer loop
      vertex 58.4978 23.2222 15.4242
      vertex 60 23.25 15
      vertex 60 23.2222 15.4242
    endloop
  endfacet
  facet normal 0 0.980806 -0.194985
    outer loop
      vertex 0 16.7778 15.4242
      vertex 1.47402 16.8607 15.8412
      vertex 1.50217 16.7778 15.4242
    endloop
  endfacet
  facet normal 0 0.980806 -0.194985
    outer loop
      vertex 1.47402 16.8607 15.8412
      vertex 0 16.7778 15.4242
      vertex 0 16.8607 15.8412
    endloop
  endfacet
  facet normal 5.4111e-19 0.980806 -0.194985
    outer loop
      vertex 24 16.7778 15.4242
      vertex 22.526 16.8607 15.8412
      vertex 24 16.8607 15.8412
    endloop
  endfacet
  facet normal 5.30952e-19 0.980806 -0.194985
    outer loop
      vertex 22.526 16.8607 15.8412
      vertex 24 16.7778 15.4242
      vertex 22.4978 16.7778 15.4242
    endloop
  endfacet
  facet normal 0 0.980806 -0.194985
    outer loop
      vertex 36 16.7778 15.4242
      vertex 37.474 16.8607 15.8412
      vertex 37.5022 16.7778 15.4242
    endloop
  endfacet
  facet normal 0 0.980806 -0.194985
    outer loop
      vertex 37.474 16.8607 15.8412
      vertex 36 16.7778 15.4242
      vertex 36 16.8607 15.8412
    endloop
  endfacet
  facet normal 5.4111e-19 0.980806 -0.194985
    outer loop
      vertex 60 16.7778 15.4242
      vertex 58.526 16.8607 15.8412
      vertex 60 16.8607 15.8412
    endloop
  endfacet
  facet normal 5.30952e-19 0.980806 -0.194985
    outer loop
      vertex 58.526 16.8607 15.8412
      vertex 60 16.7778 15.4242
      vertex 58.4978 16.7778 15.4242
    endloop
  endfacet
  facet normal 1.26737e-17 -0.555568 -0.831471
    outer loop
      vertex 0 21.9785 17.5784
      vertex 1.13174 21.625 17.8146
      vertex 0 21.625 17.8146
    endloop
  endfacet
  facet normal 1.19324e-17 -0.555568 -0.831471
    outer loop
      vertex 1.13174 21.625 17.8146
      vertex 0 21.9785 17.5784
      vertex 1.20205 21.9785 17.5784
    endloop
  endfacet
  facet normal 0 -0.555568 -0.831471
    outer loop
      vertex 22.8683 21.625 17.8146
      vertex 24 21.9785 17.5784
      vertex 24 21.625 17.8146
    endloop
  endfacet
  facet normal -0 -0.555568 -0.831471
    outer loop
      vertex 24 21.9785 17.5784
      vertex 22.8683 21.625 17.8146
      vertex 22.7979 21.9785 17.5784
    endloop
  endfacet
  facet normal 1.26741e-17 -0.555568 -0.831471
    outer loop
      vertex 36 21.9785 17.5784
      vertex 37.1317 21.625 17.8146
      vertex 36 21.625 17.8146
    endloop
  endfacet
  facet normal 1.19319e-17 -0.555568 -0.831471
    outer loop
      vertex 37.1317 21.625 17.8146
      vertex 36 21.9785 17.5784
      vertex 37.2021 21.9785 17.5784
    endloop
  endfacet
  facet normal 0 -0.555568 -0.831471
    outer loop
      vertex 58.8683 21.625 17.8146
      vertex 60 21.9785 17.5784
      vertex 60 21.625 17.8146
    endloop
  endfacet
  facet normal -0 -0.555568 -0.831471
    outer loop
      vertex 60 21.9785 17.5784
      vertex 58.8683 21.625 17.8146
      vertex 58.7979 21.9785 17.5784
    endloop
  endfacet
  facet normal -5.30963e-19 0.980806 0.194985
    outer loop
      vertex 1.47402 16.8607 14.1588
      vertex 0 16.7778 14.5758
      vertex 1.50217 16.7778 14.5758
    endloop
  endfacet
  facet normal -5.41103e-19 0.980806 0.194985
    outer loop
      vertex 0 16.7778 14.5758
      vertex 1.47402 16.8607 14.1588
      vertex 0 16.8607 14.1588
    endloop
  endfacet
  facet normal -0 0.980806 0.194985
    outer loop
      vertex 22.526 16.8607 14.1588
      vertex 24 16.7778 14.5758
      vertex 24 16.8607 14.1588
    endloop
  endfacet
  facet normal 0 0.980806 0.194985
    outer loop
      vertex 24 16.7778 14.5758
      vertex 22.526 16.8607 14.1588
      vertex 22.4978 16.7778 14.5758
    endloop
  endfacet
  facet normal -5.30952e-19 0.980806 0.194985
    outer loop
      vertex 37.474 16.8607 14.1588
      vertex 36 16.7778 14.5758
      vertex 37.5022 16.7778 14.5758
    endloop
  endfacet
  facet normal -5.4111e-19 0.980806 0.194985
    outer loop
      vertex 36 16.7778 14.5758
      vertex 37.474 16.8607 14.1588
      vertex 36 16.8607 14.1588
    endloop
  endfacet
  facet normal -0 0.980806 0.194985
    outer loop
      vertex 58.526 16.8607 14.1588
      vertex 60 16.7778 14.5758
      vertex 60 16.8607 14.1588
    endloop
  endfacet
  facet normal 0 0.980806 0.194985
    outer loop
      vertex 60 16.7778 14.5758
      vertex 58.526 16.8607 14.1588
      vertex 58.4978 16.7778 14.5758
    endloop
  endfacet
  facet normal 0 0.321586 -0.94688
    outer loop
      vertex 0 18.7563 18.0026
      vertex 1.05513 19.1588 18.1393
      vertex 1.08152 18.7563 18.0026
    endloop
  endfacet
  facet normal 0 0.321586 -0.94688
    outer loop
      vertex 1.05513 19.1588 18.1393
      vertex 0 18.7563 18.0026
      vertex 0 19.1588 18.1393
    endloop
  endfacet
  facet normal -1.85061e-18 0.321586 -0.94688
    outer loop
      vertex 24 18.7563 18.0026
      vertex 22.9449 19.1588 18.1393
      vertex 24 19.1588 18.1393
    endloop
  endfacet
  facet normal -1.80544e-18 0.321586 -0.94688
    outer loop
      vertex 22.9449 19.1588 18.1393
      vertex 24 18.7563 18.0026
      vertex 22.9185 18.7563 18.0026
    endloop
  endfacet
  facet normal 0 0.321586 -0.94688
    outer loop
      vertex 36 18.7563 18.0026
      vertex 37.0551 19.1588 18.1393
      vertex 37.0815 18.7563 18.0026
    endloop
  endfacet
  facet normal 0 0.321586 -0.94688
    outer loop
      vertex 37.0551 19.1588 18.1393
      vertex 36 18.7563 18.0026
      vertex 36 19.1588 18.1393
    endloop
  endfacet
  facet normal -1.85061e-18 0.321586 -0.94688
    outer loop
      vertex 60 18.7563 18.0026
      vertex 58.9449 19.1588 18.1393
      vertex 60 19.1588 18.1393
    endloop
  endfacet
  facet normal -1.80544e-18 0.321586 -0.94688
    outer loop
      vertex 58.9449 19.1588 18.1393
      vertex 60 18.7563 18.0026
      vertex 58.9185 18.7563 18.0026
    endloop
  endfacet
  facet normal 0 -0.897137 -0.441752
    outer loop
      vertex 0 22.8146 16.625
      vertex 1.37481 22.847 16.5592
      vertex 1.36836 22.8146 16.625
    endloop
  endfacet
  facet normal -2.78543e-05 -0.896907 -0.44222
    outer loop
      vertex 0 23.0026 16.2437
      vertex 1.37481 22.847 16.5592
      vertex 0 22.8146 16.625
    endloop
  endfacet
  facet normal 5.8927e-19 -0.896859 -0.442318
    outer loop
      vertex 1.37481 22.847 16.5592
      vertex 0 23.0026 16.2437
      vertex 1.42763 23.0026 16.2437
    endloop
  endfacet
  facet normal 1.84832e-18 -0.897137 -0.441752
    outer loop
      vertex 22.6252 22.847 16.5592
      vertex 24 22.8146 16.625
      vertex 22.6316 22.8146 16.625
    endloop
  endfacet
  facet normal -0 -0.896859 -0.442318
    outer loop
      vertex 24 23.0026 16.2437
      vertex 22.6252 22.847 16.5592
      vertex 22.5724 23.0026 16.2437
    endloop
  endfacet
  facet normal 2.78545e-05 -0.896907 -0.44222
    outer loop
      vertex 22.6252 22.847 16.5592
      vertex 24 23.0026 16.2437
      vertex 24 22.8146 16.625
    endloop
  endfacet
  facet normal 0 -0.897137 -0.441752
    outer loop
      vertex 36 22.8146 16.625
      vertex 37.3748 22.847 16.5592
      vertex 37.3684 22.8146 16.625
    endloop
  endfacet
  facet normal -2.78545e-05 -0.896907 -0.44222
    outer loop
      vertex 36 23.0026 16.2437
      vertex 37.3748 22.847 16.5592
      vertex 36 22.8146 16.625
    endloop
  endfacet
  facet normal 5.89282e-19 -0.896859 -0.442318
    outer loop
      vertex 37.3748 22.847 16.5592
      vertex 36 23.0026 16.2437
      vertex 37.4276 23.0026 16.2437
    endloop
  endfacet
  facet normal 1.84832e-18 -0.897137 -0.441752
    outer loop
      vertex 58.6252 22.847 16.5592
      vertex 60 22.8146 16.625
      vertex 58.6316 22.8146 16.625
    endloop
  endfacet
  facet normal -0 -0.896859 -0.442318
    outer loop
      vertex 60 23.0026 16.2437
      vertex 58.6252 22.847 16.5592
      vertex 58.5724 23.0026 16.2437
    endloop
  endfacet
  facet normal 2.78545e-05 -0.896907 -0.44222
    outer loop
      vertex 58.6252 22.847 16.5592
      vertex 60 23.0026 16.2437
      vertex 60 22.8146 16.625
    endloop
  endfacet
  facet normal 0 0.555568 -0.831471
    outer loop
      vertex 0 18.0215 17.5784
      vertex 1.13174 18.375 17.8146
      vertex 1.20205 18.0215 17.5784
    endloop
  endfacet
  facet normal 0 0.555568 -0.831471
    outer loop
      vertex 1.13174 18.375 17.8146
      vertex 0 18.0215 17.5784
      vertex 0 18.375 17.8146
    endloop
  endfacet
  facet normal -1.26741e-17 0.555568 -0.831471
    outer loop
      vertex 24 18.0215 17.5784
      vertex 22.8683 18.375 17.8146
      vertex 24 18.375 17.8146
    endloop
  endfacet
  facet normal -1.19319e-17 0.555568 -0.831471
    outer loop
      vertex 22.8683 18.375 17.8146
      vertex 24 18.0215 17.5784
      vertex 22.7979 18.0215 17.5784
    endloop
  endfacet
  facet normal 0 0.555568 -0.831471
    outer loop
      vertex 36 18.0215 17.5784
      vertex 37.1317 18.375 17.8146
      vertex 37.2021 18.0215 17.5784
    endloop
  endfacet
  facet normal 0 0.555568 -0.831471
    outer loop
      vertex 37.1317 18.375 17.8146
      vertex 36 18.0215 17.5784
      vertex 36 18.375 17.8146
    endloop
  endfacet
  facet normal -1.26741e-17 0.555568 -0.831471
    outer loop
      vertex 60 18.0215 17.5784
      vertex 58.8683 18.375 17.8146
      vertex 60 18.375 17.8146
    endloop
  endfacet
  facet normal -1.19319e-17 0.555568 -0.831471
    outer loop
      vertex 58.8683 18.375 17.8146
      vertex 60 18.0215 17.5784
      vertex 58.7979 18.0215 17.5784
    endloop
  endfacet
  facet normal 0 -0.555568 0.831471
    outer loop
      vertex 0 21.9785 12.4216
      vertex 1.13174 21.625 12.1854
      vertex 1.20205 21.9785 12.4216
    endloop
  endfacet
  facet normal 0 -0.555568 0.831471
    outer loop
      vertex 1.13174 21.625 12.1854
      vertex 0 21.9785 12.4216
      vertex 0 21.625 12.1854
    endloop
  endfacet
  facet normal -1.26741e-17 -0.555568 0.831471
    outer loop
      vertex 24 21.9785 12.4216
      vertex 22.8683 21.625 12.1854
      vertex 24 21.625 12.1854
    endloop
  endfacet
  facet normal -1.19319e-17 -0.555568 0.831471
    outer loop
      vertex 22.8683 21.625 12.1854
      vertex 24 21.9785 12.4216
      vertex 22.7979 21.9785 12.4216
    endloop
  endfacet
  facet normal 0 -0.555568 0.831471
    outer loop
      vertex 36 21.9785 12.4216
      vertex 37.1317 21.625 12.1854
      vertex 37.2021 21.9785 12.4216
    endloop
  endfacet
  facet normal 0 -0.555568 0.831471
    outer loop
      vertex 37.1317 21.625 12.1854
      vertex 36 21.9785 12.4216
      vertex 36 21.625 12.1854
    endloop
  endfacet
  facet normal -1.26741e-17 -0.555568 0.831471
    outer loop
      vertex 60 21.9785 12.4216
      vertex 58.8683 21.625 12.1854
      vertex 60 21.625 12.1854
    endloop
  endfacet
  facet normal -1.19319e-17 -0.555568 0.831471
    outer loop
      vertex 58.8683 21.625 12.1854
      vertex 60 21.9785 12.4216
      vertex 58.7979 21.9785 12.4216
    endloop
  endfacet
  facet normal 0 -0.896859 0.442318
    outer loop
      vertex 0 23.0026 13.7563
      vertex 1.37481 22.847 13.4408
      vertex 1.42763 23.0026 13.7563
    endloop
  endfacet
  facet normal -2.78543e-05 -0.896907 0.44222
    outer loop
      vertex 0 22.8146 13.375
      vertex 1.37481 22.847 13.4408
      vertex 0 23.0026 13.7563
    endloop
  endfacet
  facet normal -1.84838e-18 -0.897137 0.441752
    outer loop
      vertex 1.37481 22.847 13.4408
      vertex 0 22.8146 13.375
      vertex 1.36836 22.8146 13.375
    endloop
  endfacet
  facet normal -5.89282e-19 -0.896859 0.442318
    outer loop
      vertex 22.6252 22.847 13.4408
      vertex 24 23.0026 13.7563
      vertex 22.5724 23.0026 13.7563
    endloop
  endfacet
  facet normal 0 -0.897137 0.441752
    outer loop
      vertex 24 22.8146 13.375
      vertex 22.6252 22.847 13.4408
      vertex 22.6316 22.8146 13.375
    endloop
  endfacet
  facet normal 2.78545e-05 -0.896907 0.44222
    outer loop
      vertex 22.6252 22.847 13.4408
      vertex 24 22.8146 13.375
      vertex 24 23.0026 13.7563
    endloop
  endfacet
  facet normal 0 -0.896859 0.442318
    outer loop
      vertex 36 23.0026 13.7563
      vertex 37.3748 22.847 13.4408
      vertex 37.4276 23.0026 13.7563
    endloop
  endfacet
  facet normal -2.78545e-05 -0.896907 0.44222
    outer loop
      vertex 36 22.8146 13.375
      vertex 37.3748 22.847 13.4408
      vertex 36 23.0026 13.7563
    endloop
  endfacet
  facet normal -1.84832e-18 -0.897137 0.441752
    outer loop
      vertex 37.3748 22.847 13.4408
      vertex 36 22.8146 13.375
      vertex 37.3684 22.8146 13.375
    endloop
  endfacet
  facet normal -5.89282e-19 -0.896859 0.442318
    outer loop
      vertex 58.6252 22.847 13.4408
      vertex 60 23.0026 13.7563
      vertex 58.5724 23.0026 13.7563
    endloop
  endfacet
  facet normal 0 -0.897137 0.441752
    outer loop
      vertex 60 22.8146 13.375
      vertex 58.6252 22.847 13.4408
      vertex 58.6316 22.8146 13.375
    endloop
  endfacet
  facet normal 2.78545e-05 -0.896907 0.44222
    outer loop
      vertex 58.6252 22.847 13.4408
      vertex 60 22.8146 13.375
      vertex 60 23.0026 13.7563
    endloop
  endfacet
  facet normal 0 -0.997859 0.0653948
    outer loop
      vertex 1.50217 23.2222 14.5758
      vertex 0 23.25 15
      vertex 0 23.2222 14.5758
    endloop
  endfacet
  facet normal 0 -0.997859 0.0653948
    outer loop
      vertex 0 23.25 15
      vertex 1.50217 23.2222 14.5758
      vertex 1.51161 23.25 15
    endloop
  endfacet
  facet normal 1.21062e-18 -0.997859 0.0653948
    outer loop
      vertex 22.4978 23.2222 14.5758
      vertex 24 23.25 15
      vertex 22.4884 23.25 15
    endloop
  endfacet
  facet normal 1.2182e-18 -0.997859 0.0653948
    outer loop
      vertex 24 23.25 15
      vertex 22.4978 23.2222 14.5758
      vertex 24 23.2222 14.5758
    endloop
  endfacet
  facet normal 0 -0.997859 0.0653948
    outer loop
      vertex 37.5022 23.2222 14.5758
      vertex 36 23.25 15
      vertex 36 23.2222 14.5758
    endloop
  endfacet
  facet normal 0 -0.997859 0.0653948
    outer loop
      vertex 36 23.25 15
      vertex 37.5022 23.2222 14.5758
      vertex 37.5116 23.25 15
    endloop
  endfacet
  facet normal 1.21062e-18 -0.997859 0.0653948
    outer loop
      vertex 58.4978 23.2222 14.5758
      vertex 60 23.25 15
      vertex 58.4884 23.25 15
    endloop
  endfacet
  facet normal 1.2182e-18 -0.997859 0.0653948
    outer loop
      vertex 60 23.25 15
      vertex 58.4978 23.2222 14.5758
      vertex 60 23.2222 14.5758
    endloop
  endfacet
  facet normal -1.21062e-18 0.997859 0.0653948
    outer loop
      vertex 1.50217 16.7778 14.5758
      vertex 0 16.75 15
      vertex 1.51161 16.75 15
    endloop
  endfacet
  facet normal -1.21822e-18 0.997859 0.0653948
    outer loop
      vertex 0 16.75 15
      vertex 1.50217 16.7778 14.5758
      vertex 0 16.7778 14.5758
    endloop
  endfacet
  facet normal -0 0.997859 0.0653948
    outer loop
      vertex 22.4978 16.7778 14.5758
      vertex 24 16.75 15
      vertex 24 16.7778 14.5758
    endloop
  endfacet
  facet normal 0 0.997859 0.0653948
    outer loop
      vertex 24 16.75 15
      vertex 22.4978 16.7778 14.5758
      vertex 22.4884 16.75 15
    endloop
  endfacet
  facet normal -1.21062e-18 0.997859 0.0653948
    outer loop
      vertex 37.5022 16.7778 14.5758
      vertex 36 16.75 15
      vertex 37.5116 16.75 15
    endloop
  endfacet
  facet normal -1.2182e-18 0.997859 0.0653948
    outer loop
      vertex 36 16.75 15
      vertex 37.5022 16.7778 14.5758
      vertex 36 16.7778 14.5758
    endloop
  endfacet
  facet normal -0 0.997859 0.0653948
    outer loop
      vertex 58.4978 16.7778 14.5758
      vertex 60 16.75 15
      vertex 60 16.7778 14.5758
    endloop
  endfacet
  facet normal 0 0.997859 0.0653948
    outer loop
      vertex 60 16.75 15
      vertex 58.4978 16.7778 14.5758
      vertex 58.4884 16.75 15
    endloop
  endfacet
  facet normal 0 -0.194985 0.980806
    outer loop
      vertex 0 20.8412 11.8607
      vertex 1.0278 20.4242 11.7778
      vertex 1.05513 20.8412 11.8607
    endloop
  endfacet
  facet normal 0 -0.194985 0.980806
    outer loop
      vertex 1.0278 20.4242 11.7778
      vertex 0 20.8412 11.8607
      vertex 0 20.4242 11.7778
    endloop
  endfacet
  facet normal -7.6336e-18 -0.194985 0.980806
    outer loop
      vertex 24 20.8412 11.8607
      vertex 22.9722 20.4242 11.7778
      vertex 24 20.4242 11.7778
    endloop
  endfacet
  facet normal -7.43609e-18 -0.194985 0.980806
    outer loop
      vertex 22.9722 20.4242 11.7778
      vertex 24 20.8412 11.8607
      vertex 22.9449 20.8412 11.8607
    endloop
  endfacet
  facet normal 0 -0.194985 0.980806
    outer loop
      vertex 36 20.8412 11.8607
      vertex 37.0278 20.4242 11.7778
      vertex 37.0551 20.8412 11.8607
    endloop
  endfacet
  facet normal 0 -0.194985 0.980806
    outer loop
      vertex 37.0278 20.4242 11.7778
      vertex 36 20.8412 11.8607
      vertex 36 20.4242 11.7778
    endloop
  endfacet
  facet normal -7.6336e-18 -0.194985 0.980806
    outer loop
      vertex 60 20.8412 11.8607
      vertex 58.9722 20.4242 11.7778
      vertex 60 20.4242 11.7778
    endloop
  endfacet
  facet normal -7.43609e-18 -0.194985 0.980806
    outer loop
      vertex 58.9722 20.4242 11.7778
      vertex 60 20.8412 11.8607
      vertex 58.9449 20.8412 11.8607
    endloop
  endfacet
  facet normal 0 0.831471 -0.555568
    outer loop
      vertex 0 17.1854 16.625
      vertex 1.32139 17.4216 16.9785
      vertex 1.36836 17.1854 16.625
    endloop
  endfacet
  facet normal 0 0.831471 -0.555568
    outer loop
      vertex 1.32139 17.4216 16.9785
      vertex 0 17.1854 16.625
      vertex 0 17.4216 16.9785
    endloop
  endfacet
  facet normal -1.08546e-17 0.831471 -0.555568
    outer loop
      vertex 60 17.1854 16.625
      vertex 58.6786 17.4216 16.9785
      vertex 60 17.4216 16.9785
    endloop
  endfacet
  facet normal -1.04818e-17 0.831471 -0.555568
    outer loop
      vertex 58.6786 17.4216 16.9785
      vertex 60 17.1854 16.625
      vertex 58.6316 17.1854 16.625
    endloop
  endfacet
  facet normal -1.08546e-17 0.831471 -0.555568
    outer loop
      vertex 24 17.1854 16.625
      vertex 22.6786 17.4216 16.9785
      vertex 24 17.4216 16.9785
    endloop
  endfacet
  facet normal -1.04818e-17 0.831471 -0.555568
    outer loop
      vertex 22.6786 17.4216 16.9785
      vertex 24 17.1854 16.625
      vertex 22.6316 17.1854 16.625
    endloop
  endfacet
  facet normal 0 0.831471 -0.555568
    outer loop
      vertex 36 17.1854 16.625
      vertex 37.3214 17.4216 16.9785
      vertex 37.3684 17.1854 16.625
    endloop
  endfacet
  facet normal 0 0.831471 -0.555568
    outer loop
      vertex 37.3214 17.4216 16.9785
      vertex 36 17.1854 16.625
      vertex 36 17.4216 16.9785
    endloop
  endfacet
  facet normal 7.6336e-18 0.194985 0.980806
    outer loop
      vertex 0 19.1588 11.8607
      vertex 1.0278 19.5758 11.7778
      vertex 0 19.5758 11.7778
    endloop
  endfacet
  facet normal 7.43588e-18 0.194985 0.980806
    outer loop
      vertex 1.0278 19.5758 11.7778
      vertex 0 19.1588 11.8607
      vertex 1.05513 19.1588 11.8607
    endloop
  endfacet
  facet normal -0 0.194985 0.980806
    outer loop
      vertex 22.9722 19.5758 11.7778
      vertex 24 19.1588 11.8607
      vertex 24 19.5758 11.7778
    endloop
  endfacet
  facet normal 0 0.194985 0.980806
    outer loop
      vertex 24 19.1588 11.8607
      vertex 22.9722 19.5758 11.7778
      vertex 22.9449 19.1588 11.8607
    endloop
  endfacet
  facet normal 7.6336e-18 0.194985 0.980806
    outer loop
      vertex 36 19.1588 11.8607
      vertex 37.0278 19.5758 11.7778
      vertex 36 19.5758 11.7778
    endloop
  endfacet
  facet normal 7.43609e-18 0.194985 0.980806
    outer loop
      vertex 37.0278 19.5758 11.7778
      vertex 36 19.1588 11.8607
      vertex 37.0551 19.1588 11.8607
    endloop
  endfacet
  facet normal -0 0.194985 0.980806
    outer loop
      vertex 58.9722 19.5758 11.7778
      vertex 60 19.1588 11.8607
      vertex 60 19.5758 11.7778
    endloop
  endfacet
  facet normal 0 0.194985 0.980806
    outer loop
      vertex 60 19.1588 11.8607
      vertex 58.9722 19.5758 11.7778
      vertex 58.9449 19.1588 11.8607
    endloop
  endfacet
  facet normal 5.8927e-19 0.896859 0.442318
    outer loop
      vertex 1.37481 17.153 13.4408
      vertex 0 16.9974 13.7563
      vertex 1.42763 16.9974 13.7563
    endloop
  endfacet
  facet normal -0 0.897137 0.441752
    outer loop
      vertex 0 17.1854 13.375
      vertex 1.37481 17.153 13.4408
      vertex 1.36836 17.1854 13.375
    endloop
  endfacet
  facet normal -2.78543e-05 0.896907 0.44222
    outer loop
      vertex 1.37481 17.153 13.4408
      vertex 0 17.1854 13.375
      vertex 0 16.9974 13.7563
    endloop
  endfacet
  facet normal 0 0.896859 0.442318
    outer loop
      vertex 24 16.9974 13.7563
      vertex 22.6252 17.153 13.4408
      vertex 22.5724 16.9974 13.7563
    endloop
  endfacet
  facet normal 2.78545e-05 0.896907 0.44222
    outer loop
      vertex 24 17.1854 13.375
      vertex 22.6252 17.153 13.4408
      vertex 24 16.9974 13.7563
    endloop
  endfacet
  facet normal 1.84832e-18 0.897137 0.441752
    outer loop
      vertex 22.6252 17.153 13.4408
      vertex 24 17.1854 13.375
      vertex 22.6316 17.1854 13.375
    endloop
  endfacet
  facet normal 5.89282e-19 0.896859 0.442318
    outer loop
      vertex 37.3748 17.153 13.4408
      vertex 36 16.9974 13.7563
      vertex 37.4276 16.9974 13.7563
    endloop
  endfacet
  facet normal -0 0.897137 0.441752
    outer loop
      vertex 36 17.1854 13.375
      vertex 37.3748 17.153 13.4408
      vertex 37.3684 17.1854 13.375
    endloop
  endfacet
  facet normal -2.78545e-05 0.896907 0.44222
    outer loop
      vertex 37.3748 17.153 13.4408
      vertex 36 17.1854 13.375
      vertex 36 16.9974 13.7563
    endloop
  endfacet
  facet normal 0 0.896859 0.442318
    outer loop
      vertex 60 16.9974 13.7563
      vertex 58.6252 17.153 13.4408
      vertex 58.5724 16.9974 13.7563
    endloop
  endfacet
  facet normal 2.78545e-05 0.896907 0.44222
    outer loop
      vertex 60 17.1854 13.375
      vertex 58.6252 17.153 13.4408
      vertex 60 16.9974 13.7563
    endloop
  endfacet
  facet normal 1.84832e-18 0.897137 0.441752
    outer loop
      vertex 58.6252 17.153 13.4408
      vertex 60 17.1854 13.375
      vertex 58.6316 17.1854 13.375
    endloop
  endfacet
  facet normal 0 -0.980806 0.194985
    outer loop
      vertex 1.47402 23.1393 14.1588
      vertex 0 23.2222 14.5758
      vertex 0 23.1393 14.1588
    endloop
  endfacet
  facet normal 0 -0.980806 0.194985
    outer loop
      vertex 0 23.2222 14.5758
      vertex 1.47402 23.1393 14.1588
      vertex 1.50217 23.2222 14.5758
    endloop
  endfacet
  facet normal 5.30952e-19 -0.980806 0.194985
    outer loop
      vertex 22.526 23.1393 14.1588
      vertex 24 23.2222 14.5758
      vertex 22.4978 23.2222 14.5758
    endloop
  endfacet
  facet normal 5.4111e-19 -0.980806 0.194985
    outer loop
      vertex 24 23.2222 14.5758
      vertex 22.526 23.1393 14.1588
      vertex 24 23.1393 14.1588
    endloop
  endfacet
  facet normal 0 -0.980806 0.194985
    outer loop
      vertex 37.474 23.1393 14.1588
      vertex 36 23.2222 14.5758
      vertex 36 23.1393 14.1588
    endloop
  endfacet
  facet normal 0 -0.980806 0.194985
    outer loop
      vertex 36 23.2222 14.5758
      vertex 37.474 23.1393 14.1588
      vertex 37.5022 23.2222 14.5758
    endloop
  endfacet
  facet normal 5.30952e-19 -0.980806 0.194985
    outer loop
      vertex 58.526 23.1393 14.1588
      vertex 60 23.2222 14.5758
      vertex 58.4978 23.2222 14.5758
    endloop
  endfacet
  facet normal 5.4111e-19 -0.980806 0.194985
    outer loop
      vertex 60 23.2222 14.5758
      vertex 58.526 23.1393 14.1588
      vertex 60 23.1393 14.1588
    endloop
  endfacet
  facet normal 0 -0.831471 0.555568
    outer loop
      vertex 1.32139 22.5784 13.0215
      vertex 0 22.8146 13.375
      vertex 0 22.5784 13.0215
    endloop
  endfacet
  facet normal 0 -0.831471 0.555568
    outer loop
      vertex 0 22.8146 13.375
      vertex 1.32139 22.5784 13.0215
      vertex 1.36836 22.8146 13.375
    endloop
  endfacet
  facet normal -1.04818e-17 -0.831471 0.555568
    outer loop
      vertex 58.6786 22.5784 13.0215
      vertex 60 22.8146 13.375
      vertex 58.6316 22.8146 13.375
    endloop
  endfacet
  facet normal -1.08546e-17 -0.831471 0.555568
    outer loop
      vertex 60 22.8146 13.375
      vertex 58.6786 22.5784 13.0215
      vertex 60 22.5784 13.0215
    endloop
  endfacet
  facet normal -1.04818e-17 -0.831471 0.555568
    outer loop
      vertex 22.6786 22.5784 13.0215
      vertex 24 22.8146 13.375
      vertex 22.6316 22.8146 13.375
    endloop
  endfacet
  facet normal -1.08546e-17 -0.831471 0.555568
    outer loop
      vertex 24 22.8146 13.375
      vertex 22.6786 22.5784 13.0215
      vertex 24 22.5784 13.0215
    endloop
  endfacet
  facet normal 0 -0.831471 0.555568
    outer loop
      vertex 37.3214 22.5784 13.0215
      vertex 36 22.8146 13.375
      vertex 36 22.5784 13.0215
    endloop
  endfacet
  facet normal 0 -0.831471 0.555568
    outer loop
      vertex 36 22.8146 13.375
      vertex 37.3214 22.5784 13.0215
      vertex 37.3684 22.8146 13.375
    endloop
  endfacet
  facet normal -1.28745e-17 -0.751818 -0.65937
    outer loop
      vertex 0 22.5784 16.9785
      vertex 1.26563 22.2981 17.2981
      vertex 0 22.2981 17.2981
    endloop
  endfacet
  facet normal -1.23313e-17 -0.751818 -0.65937
    outer loop
      vertex 1.26563 22.2981 17.2981
      vertex 0 22.5784 16.9785
      vertex 1.32139 22.5784 16.9785
    endloop
  endfacet
  facet normal -0 -0.751818 -0.65937
    outer loop
      vertex 60 22.5784 16.9785
      vertex 58.7344 22.2981 17.2981
      vertex 58.6786 22.5784 16.9785
    endloop
  endfacet
  facet normal 0 -0.751818 -0.65937
    outer loop
      vertex 58.7344 22.2981 17.2981
      vertex 60 22.5784 16.9785
      vertex 60 22.2981 17.2981
    endloop
  endfacet
  facet normal -0 -0.751818 -0.65937
    outer loop
      vertex 24 22.5784 16.9785
      vertex 22.7344 22.2981 17.2981
      vertex 22.6786 22.5784 16.9785
    endloop
  endfacet
  facet normal 0 -0.751818 -0.65937
    outer loop
      vertex 22.7344 22.2981 17.2981
      vertex 24 22.5784 16.9785
      vertex 24 22.2981 17.2981
    endloop
  endfacet
  facet normal -1.28749e-17 -0.751818 -0.65937
    outer loop
      vertex 36 22.5784 16.9785
      vertex 37.2656 22.2981 17.2981
      vertex 36 22.2981 17.2981
    endloop
  endfacet
  facet normal -1.23312e-17 -0.751818 -0.65937
    outer loop
      vertex 37.2656 22.2981 17.2981
      vertex 36 22.5784 16.9785
      vertex 37.3214 22.5784 16.9785
    endloop
  endfacet
  facet normal -5.41103e-19 -0.980806 -0.194985
    outer loop
      vertex 0 23.2222 15.4242
      vertex 1.47402 23.1393 15.8412
      vertex 0 23.1393 15.8412
    endloop
  endfacet
  facet normal -5.30963e-19 -0.980806 -0.194985
    outer loop
      vertex 1.47402 23.1393 15.8412
      vertex 0 23.2222 15.4242
      vertex 1.50217 23.2222 15.4242
    endloop
  endfacet
  facet normal -0 -0.980806 -0.194985
    outer loop
      vertex 24 23.2222 15.4242
      vertex 22.526 23.1393 15.8412
      vertex 22.4978 23.2222 15.4242
    endloop
  endfacet
  facet normal 0 -0.980806 -0.194985
    outer loop
      vertex 22.526 23.1393 15.8412
      vertex 24 23.2222 15.4242
      vertex 24 23.1393 15.8412
    endloop
  endfacet
  facet normal -5.4111e-19 -0.980806 -0.194985
    outer loop
      vertex 36 23.2222 15.4242
      vertex 37.474 23.1393 15.8412
      vertex 36 23.1393 15.8412
    endloop
  endfacet
  facet normal -5.30952e-19 -0.980806 -0.194985
    outer loop
      vertex 37.474 23.1393 15.8412
      vertex 36 23.2222 15.4242
      vertex 37.5022 23.2222 15.4242
    endloop
  endfacet
  facet normal -0 -0.980806 -0.194985
    outer loop
      vertex 60 23.2222 15.4242
      vertex 58.526 23.1393 15.8412
      vertex 58.4978 23.2222 15.4242
    endloop
  endfacet
  facet normal 0 -0.980806 -0.194985
    outer loop
      vertex 58.526 23.1393 15.8412
      vertex 60 23.2222 15.4242
      vertex 60 23.1393 15.8412
    endloop
  endfacet
  facet normal -1.84838e-18 0.897137 -0.441752
    outer loop
      vertex 1.37481 17.153 16.5592
      vertex 0 17.1854 16.625
      vertex 1.36836 17.1854 16.625
    endloop
  endfacet
  facet normal 0 0.896859 -0.442318
    outer loop
      vertex 0 16.9974 16.2437
      vertex 1.37481 17.153 16.5592
      vertex 1.42763 16.9974 16.2437
    endloop
  endfacet
  facet normal -2.78543e-05 0.896907 -0.44222
    outer loop
      vertex 1.37481 17.153 16.5592
      vertex 0 16.9974 16.2437
      vertex 0 17.1854 16.625
    endloop
  endfacet
  facet normal 0 0.897137 -0.441752
    outer loop
      vertex 24 17.1854 16.625
      vertex 22.6252 17.153 16.5592
      vertex 22.6316 17.1854 16.625
    endloop
  endfacet
  facet normal 2.78545e-05 0.896907 -0.44222
    outer loop
      vertex 24 16.9974 16.2437
      vertex 22.6252 17.153 16.5592
      vertex 24 17.1854 16.625
    endloop
  endfacet
  facet normal -5.89282e-19 0.896859 -0.442318
    outer loop
      vertex 22.6252 17.153 16.5592
      vertex 24 16.9974 16.2437
      vertex 22.5724 16.9974 16.2437
    endloop
  endfacet
  facet normal -1.84832e-18 0.897137 -0.441752
    outer loop
      vertex 37.3748 17.153 16.5592
      vertex 36 17.1854 16.625
      vertex 37.3684 17.1854 16.625
    endloop
  endfacet
  facet normal 0 0.896859 -0.442318
    outer loop
      vertex 36 16.9974 16.2437
      vertex 37.3748 17.153 16.5592
      vertex 37.4276 16.9974 16.2437
    endloop
  endfacet
  facet normal -2.78545e-05 0.896907 -0.44222
    outer loop
      vertex 37.3748 17.153 16.5592
      vertex 36 16.9974 16.2437
      vertex 36 17.1854 16.625
    endloop
  endfacet
  facet normal 0 0.897137 -0.441752
    outer loop
      vertex 60 17.1854 16.625
      vertex 58.6252 17.153 16.5592
      vertex 58.6316 17.1854 16.625
    endloop
  endfacet
  facet normal 2.78545e-05 0.896907 -0.44222
    outer loop
      vertex 60 16.9974 16.2437
      vertex 58.6252 17.153 16.5592
      vertex 60 17.1854 16.625
    endloop
  endfacet
  facet normal -5.89282e-19 0.896859 -0.442318
    outer loop
      vertex 58.6252 17.153 16.5592
      vertex 60 16.9974 16.2437
      vertex 58.5724 16.9974 16.2437
    endloop
  endfacet
  facet normal 0 0.94688 -0.321586
    outer loop
      vertex 0 16.8607 15.8412
      vertex 1.42763 16.9974 16.2437
      vertex 1.47402 16.8607 15.8412
    endloop
  endfacet
  facet normal 0 0.94688 -0.321586
    outer loop
      vertex 1.42763 16.9974 16.2437
      vertex 0 16.8607 15.8412
      vertex 0 16.9974 16.2437
    endloop
  endfacet
  facet normal -1.36774e-18 0.94688 -0.321586
    outer loop
      vertex 24 16.8607 15.8412
      vertex 22.5724 16.9974 16.2437
      vertex 24 16.9974 16.2437
    endloop
  endfacet
  facet normal -1.32468e-18 0.94688 -0.321586
    outer loop
      vertex 22.5724 16.9974 16.2437
      vertex 24 16.8607 15.8412
      vertex 22.526 16.8607 15.8412
    endloop
  endfacet
  facet normal 0 0.94688 -0.321586
    outer loop
      vertex 36 16.8607 15.8412
      vertex 37.4276 16.9974 16.2437
      vertex 37.474 16.8607 15.8412
    endloop
  endfacet
  facet normal 0 0.94688 -0.321586
    outer loop
      vertex 37.4276 16.9974 16.2437
      vertex 36 16.8607 15.8412
      vertex 36 16.9974 16.2437
    endloop
  endfacet
  facet normal -1.36774e-18 0.94688 -0.321586
    outer loop
      vertex 60 16.8607 15.8412
      vertex 58.5724 16.9974 16.2437
      vertex 60 16.9974 16.2437
    endloop
  endfacet
  facet normal -1.32468e-18 0.94688 -0.321586
    outer loop
      vertex 58.5724 16.9974 16.2437
      vertex 60 16.8607 15.8412
      vertex 58.526 16.8607 15.8412
    endloop
  endfacet
  facet normal 0 -0.751818 0.65937
    outer loop
      vertex 1.26563 22.2981 12.7019
      vertex 0 22.5784 13.0215
      vertex 0 22.2981 12.7019
    endloop
  endfacet
  facet normal 0 -0.751818 0.65937
    outer loop
      vertex 0 22.5784 13.0215
      vertex 1.26563 22.2981 12.7019
      vertex 1.32139 22.5784 13.0215
    endloop
  endfacet
  facet normal -9.37006e-18 -0.751818 0.65937
    outer loop
      vertex 58.7344 22.2981 12.7019
      vertex 60 22.5784 13.0215
      vertex 58.6786 22.5784 13.0215
    endloop
  endfacet
  facet normal -9.78319e-18 -0.751818 0.65937
    outer loop
      vertex 60 22.5784 13.0215
      vertex 58.7344 22.2981 12.7019
      vertex 60 22.2981 12.7019
    endloop
  endfacet
  facet normal -9.37006e-18 -0.751818 0.65937
    outer loop
      vertex 22.7344 22.2981 12.7019
      vertex 24 22.5784 13.0215
      vertex 22.6786 22.5784 13.0215
    endloop
  endfacet
  facet normal -9.78319e-18 -0.751818 0.65937
    outer loop
      vertex 24 22.5784 13.0215
      vertex 22.7344 22.2981 12.7019
      vertex 24 22.2981 12.7019
    endloop
  endfacet
  facet normal 0 -0.751818 0.65937
    outer loop
      vertex 37.2656 22.2981 12.7019
      vertex 36 22.5784 13.0215
      vertex 36 22.2981 12.7019
    endloop
  endfacet
  facet normal 0 -0.751818 0.65937
    outer loop
      vertex 36 22.5784 13.0215
      vertex 37.2656 22.2981 12.7019
      vertex 37.3214 22.5784 13.0215
    endloop
  endfacet
  facet normal 0 0.0653948 -0.997859
    outer loop
      vertex 0 19.5758 18.2222
      vertex 1 20 18.25
      vertex 1.0278 19.5758 18.2222
    endloop
  endfacet
  facet normal 0 0.0653948 -0.997859
    outer loop
      vertex 1 20 18.25
      vertex 0 19.5758 18.2222
      vertex 0 20 18.25
    endloop
  endfacet
  facet normal -7.64994e-20 0.0653948 -0.997859
    outer loop
      vertex 24 19.5758 18.2222
      vertex 23 20 18.25
      vertex 24 20 18.25
    endloop
  endfacet
  facet normal -7.44302e-20 0.0653948 -0.997859
    outer loop
      vertex 23 20 18.25
      vertex 24 19.5758 18.2222
      vertex 22.9722 19.5758 18.2222
    endloop
  endfacet
  facet normal 0 0.0653948 -0.997859
    outer loop
      vertex 36 19.5758 18.2222
      vertex 37 20 18.25
      vertex 37.0278 19.5758 18.2222
    endloop
  endfacet
  facet normal 0 0.0653948 -0.997859
    outer loop
      vertex 37 20 18.25
      vertex 36 19.5758 18.2222
      vertex 36 20 18.25
    endloop
  endfacet
  facet normal -7.64994e-20 0.0653948 -0.997859
    outer loop
      vertex 60 19.5758 18.2222
      vertex 59 20 18.25
      vertex 60 20 18.25
    endloop
  endfacet
  facet normal -7.44302e-20 0.0653948 -0.997859
    outer loop
      vertex 59 20 18.25
      vertex 60 19.5758 18.2222
      vertex 58.9722 19.5758 18.2222
    endloop
  endfacet
  facet normal 1.85056e-18 -0.321586 -0.94688
    outer loop
      vertex 0 21.2437 18.0026
      vertex 1.05513 20.8412 18.1393
      vertex 0 20.8412 18.1393
    endloop
  endfacet
  facet normal 1.8054e-18 -0.321586 -0.94688
    outer loop
      vertex 1.05513 20.8412 18.1393
      vertex 0 21.2437 18.0026
      vertex 1.08152 21.2437 18.0026
    endloop
  endfacet
  facet normal 0 -0.321586 -0.94688
    outer loop
      vertex 22.9449 20.8412 18.1393
      vertex 24 21.2437 18.0026
      vertex 24 20.8412 18.1393
    endloop
  endfacet
  facet normal -0 -0.321586 -0.94688
    outer loop
      vertex 24 21.2437 18.0026
      vertex 22.9449 20.8412 18.1393
      vertex 22.9185 21.2437 18.0026
    endloop
  endfacet
  facet normal 1.85061e-18 -0.321586 -0.94688
    outer loop
      vertex 36 21.2437 18.0026
      vertex 37.0551 20.8412 18.1393
      vertex 36 20.8412 18.1393
    endloop
  endfacet
  facet normal 1.80544e-18 -0.321586 -0.94688
    outer loop
      vertex 37.0551 20.8412 18.1393
      vertex 36 21.2437 18.0026
      vertex 37.0815 21.2437 18.0026
    endloop
  endfacet
  facet normal 0 -0.321586 -0.94688
    outer loop
      vertex 58.9449 20.8412 18.1393
      vertex 60 21.2437 18.0026
      vertex 60 20.8412 18.1393
    endloop
  endfacet
  facet normal -0 -0.321586 -0.94688
    outer loop
      vertex 60 21.2437 18.0026
      vertex 58.9449 20.8412 18.1393
      vertex 58.9185 21.2437 18.0026
    endloop
  endfacet
  facet normal 0 0.997859 -0.0653948
    outer loop
      vertex 0 16.75 15
      vertex 1.50217 16.7778 15.4242
      vertex 1.51161 16.75 15
    endloop
  endfacet
  facet normal 0 0.997859 -0.0653948
    outer loop
      vertex 1.50217 16.7778 15.4242
      vertex 0 16.75 15
      vertex 0 16.7778 15.4242
    endloop
  endfacet
  facet normal 1.2182e-18 0.997859 -0.0653948
    outer loop
      vertex 24 16.75 15
      vertex 22.4978 16.7778 15.4242
      vertex 24 16.7778 15.4242
    endloop
  endfacet
  facet normal 1.21062e-18 0.997859 -0.0653948
    outer loop
      vertex 22.4978 16.7778 15.4242
      vertex 24 16.75 15
      vertex 22.4884 16.75 15
    endloop
  endfacet
  facet normal 0 0.997859 -0.0653948
    outer loop
      vertex 36 16.75 15
      vertex 37.5022 16.7778 15.4242
      vertex 37.5116 16.75 15
    endloop
  endfacet
  facet normal 0 0.997859 -0.0653948
    outer loop
      vertex 37.5022 16.7778 15.4242
      vertex 36 16.75 15
      vertex 36 16.7778 15.4242
    endloop
  endfacet
  facet normal 1.2182e-18 0.997859 -0.0653948
    outer loop
      vertex 60 16.75 15
      vertex 58.4978 16.7778 15.4242
      vertex 60 16.7778 15.4242
    endloop
  endfacet
  facet normal 1.21062e-18 0.997859 -0.0653948
    outer loop
      vertex 58.4978 16.7778 15.4242
      vertex 60 16.75 15
      vertex 58.4884 16.75 15
    endloop
  endfacet
  facet normal 0 0.751818 -0.65937
    outer loop
      vertex 0 17.4216 16.9785
      vertex 1.26563 17.7019 17.2981
      vertex 1.32139 17.4216 16.9785
    endloop
  endfacet
  facet normal 0 0.751818 -0.65937
    outer loop
      vertex 1.26563 17.7019 17.2981
      vertex 0 17.4216 16.9785
      vertex 0 17.7019 17.2981
    endloop
  endfacet
  facet normal 1.28749e-17 0.751818 -0.65937
    outer loop
      vertex 60 17.4216 16.9785
      vertex 58.7344 17.7019 17.2981
      vertex 60 17.7019 17.2981
    endloop
  endfacet
  facet normal 1.23312e-17 0.751818 -0.65937
    outer loop
      vertex 58.7344 17.7019 17.2981
      vertex 60 17.4216 16.9785
      vertex 58.6786 17.4216 16.9785
    endloop
  endfacet
  facet normal 1.28749e-17 0.751818 -0.65937
    outer loop
      vertex 24 17.4216 16.9785
      vertex 22.7344 17.7019 17.2981
      vertex 24 17.7019 17.2981
    endloop
  endfacet
  facet normal 1.23312e-17 0.751818 -0.65937
    outer loop
      vertex 22.7344 17.7019 17.2981
      vertex 24 17.4216 16.9785
      vertex 22.6786 17.4216 16.9785
    endloop
  endfacet
  facet normal 0 0.751818 -0.65937
    outer loop
      vertex 36 17.4216 16.9785
      vertex 37.2656 17.7019 17.2981
      vertex 37.3214 17.4216 16.9785
    endloop
  endfacet
  facet normal 0 0.751818 -0.65937
    outer loop
      vertex 37.2656 17.7019 17.2981
      vertex 36 17.4216 16.9785
      vertex 36 17.7019 17.2981
    endloop
  endfacet
  facet normal 1.04821e-17 0.831471 0.555568
    outer loop
      vertex 1.32139 17.4216 13.0215
      vertex 0 17.1854 13.375
      vertex 1.36836 17.1854 13.375
    endloop
  endfacet
  facet normal 1.08547e-17 0.831471 0.555568
    outer loop
      vertex 0 17.1854 13.375
      vertex 1.32139 17.4216 13.0215
      vertex 0 17.4216 13.0215
    endloop
  endfacet
  facet normal -0 0.831471 0.555568
    outer loop
      vertex 22.6786 17.4216 13.0215
      vertex 24 17.1854 13.375
      vertex 24 17.4216 13.0215
    endloop
  endfacet
  facet normal 0 0.831471 0.555568
    outer loop
      vertex 24 17.1854 13.375
      vertex 22.6786 17.4216 13.0215
      vertex 22.6316 17.1854 13.375
    endloop
  endfacet
  facet normal 1.04818e-17 0.831471 0.555568
    outer loop
      vertex 37.3214 17.4216 13.0215
      vertex 36 17.1854 13.375
      vertex 37.3684 17.1854 13.375
    endloop
  endfacet
  facet normal 1.08546e-17 0.831471 0.555568
    outer loop
      vertex 36 17.1854 13.375
      vertex 37.3214 17.4216 13.0215
      vertex 36 17.4216 13.0215
    endloop
  endfacet
  facet normal -0 0.831471 0.555568
    outer loop
      vertex 58.6786 17.4216 13.0215
      vertex 60 17.1854 13.375
      vertex 60 17.4216 13.0215
    endloop
  endfacet
  facet normal 0 0.831471 0.555568
    outer loop
      vertex 60 17.1854 13.375
      vertex 58.6786 17.4216 13.0215
      vertex 58.6316 17.1854 13.375
    endloop
  endfacet
  facet normal 0 -0.65937 0.751818
    outer loop
      vertex 0 22.2981 12.7019
      vertex 1.20205 21.9785 12.4216
      vertex 1.26563 22.2981 12.7019
    endloop
  endfacet
  facet normal 0 -0.65937 0.751818
    outer loop
      vertex 1.20205 21.9785 12.4216
      vertex 0 22.2981 12.7019
      vertex 0 21.9785 12.4216
    endloop
  endfacet
  facet normal 8.60147e-18 -0.65937 0.751818
    outer loop
      vertex 24 22.2981 12.7019
      vertex 22.7979 21.9785 12.4216
      vertex 24 21.9785 12.4216
    endloop
  endfacet
  facet normal 8.1699e-18 -0.65937 0.751818
    outer loop
      vertex 22.7979 21.9785 12.4216
      vertex 24 22.2981 12.7019
      vertex 22.7344 22.2981 12.7019
    endloop
  endfacet
  facet normal 0 -0.65937 0.751818
    outer loop
      vertex 36 22.2981 12.7019
      vertex 37.2021 21.9785 12.4216
      vertex 37.2656 22.2981 12.7019
    endloop
  endfacet
  facet normal 0 -0.65937 0.751818
    outer loop
      vertex 37.2021 21.9785 12.4216
      vertex 36 22.2981 12.7019
      vertex 36 21.9785 12.4216
    endloop
  endfacet
  facet normal 8.60147e-18 -0.65937 0.751818
    outer loop
      vertex 60 22.2981 12.7019
      vertex 58.7979 21.9785 12.4216
      vertex 60 21.9785 12.4216
    endloop
  endfacet
  facet normal 8.1699e-18 -0.65937 0.751818
    outer loop
      vertex 58.7979 21.9785 12.4216
      vertex 60 22.2981 12.7019
      vertex 58.7344 22.2981 12.7019
    endloop
  endfacet
  facet normal 0 -0.442164 -0.896934
    outer loop
      vertex 0 21.2437 18.0026
      vertex 1.09411 21.4358 17.9079
      vertex 1.08152 21.2437 18.0026
    endloop
  endfacet
  facet normal 1.2233e-05 -0.44222 -0.896907
    outer loop
      vertex 0 21.625 17.8146
      vertex 1.09411 21.4358 17.9079
      vertex 0 21.2437 18.0026
    endloop
  endfacet
  facet normal -5.49142e-18 -0.442277 -0.896879
    outer loop
      vertex 1.09411 21.4358 17.9079
      vertex 0 21.625 17.8146
      vertex 1.13174 21.625 17.8146
    endloop
  endfacet
  facet normal -5.73493e-18 -0.442164 -0.896934
    outer loop
      vertex 22.9059 21.4358 17.9079
      vertex 24 21.2437 18.0026
      vertex 22.9185 21.2437 18.0026
    endloop
  endfacet
  facet normal -1.22331e-05 -0.44222 -0.896907
    outer loop
      vertex 24 21.2437 18.0026
      vertex 22.9059 21.4358 17.9079
      vertex 24 21.625 17.8146
    endloop
  endfacet
  facet normal -0 -0.442277 -0.896879
    outer loop
      vertex 24 21.625 17.8146
      vertex 22.9059 21.4358 17.9079
      vertex 22.8683 21.625 17.8146
    endloop
  endfacet
  facet normal 0 -0.442164 -0.896934
    outer loop
      vertex 36 21.2437 18.0026
      vertex 37.0941 21.4358 17.9079
      vertex 37.0815 21.2437 18.0026
    endloop
  endfacet
  facet normal 1.22331e-05 -0.44222 -0.896907
    outer loop
      vertex 36 21.625 17.8146
      vertex 37.0941 21.4358 17.9079
      vertex 36 21.2437 18.0026
    endloop
  endfacet
  facet normal -5.49162e-18 -0.442277 -0.896879
    outer loop
      vertex 37.0941 21.4358 17.9079
      vertex 36 21.625 17.8146
      vertex 37.1317 21.625 17.8146
    endloop
  endfacet
  facet normal -5.73493e-18 -0.442164 -0.896934
    outer loop
      vertex 58.9059 21.4358 17.9079
      vertex 60 21.2437 18.0026
      vertex 58.9185 21.2437 18.0026
    endloop
  endfacet
  facet normal -1.22331e-05 -0.44222 -0.896907
    outer loop
      vertex 60 21.2437 18.0026
      vertex 58.9059 21.4358 17.9079
      vertex 60 21.625 17.8146
    endloop
  endfacet
  facet normal -0 -0.442277 -0.896879
    outer loop
      vertex 60 21.625 17.8146
      vertex 58.9059 21.4358 17.9079
      vertex 58.8683 21.625 17.8146
    endloop
  endfacet
  facet normal -4.30756e-18 -0.194985 -0.980806
    outer loop
      vertex 0 20.8412 18.1393
      vertex 1.0278 20.4242 18.2222
      vertex 0 20.4242 18.2222
    endloop
  endfacet
  facet normal -4.19598e-18 -0.194985 -0.980806
    outer loop
      vertex 1.0278 20.4242 18.2222
      vertex 0 20.8412 18.1393
      vertex 1.05513 20.8412 18.1393
    endloop
  endfacet
  facet normal 0 -0.194985 -0.980806
    outer loop
      vertex 22.9722 20.4242 18.2222
      vertex 24 20.8412 18.1393
      vertex 24 20.4242 18.2222
    endloop
  endfacet
  facet normal -0 -0.194985 -0.980806
    outer loop
      vertex 24 20.8412 18.1393
      vertex 22.9722 20.4242 18.2222
      vertex 22.9449 20.8412 18.1393
    endloop
  endfacet
  facet normal -4.30756e-18 -0.194985 -0.980806
    outer loop
      vertex 36 20.8412 18.1393
      vertex 37.0278 20.4242 18.2222
      vertex 36 20.4242 18.2222
    endloop
  endfacet
  facet normal -4.1961e-18 -0.194985 -0.980806
    outer loop
      vertex 37.0278 20.4242 18.2222
      vertex 36 20.8412 18.1393
      vertex 37.0551 20.8412 18.1393
    endloop
  endfacet
  facet normal 0 -0.194985 -0.980806
    outer loop
      vertex 58.9722 20.4242 18.2222
      vertex 60 20.8412 18.1393
      vertex 60 20.4242 18.2222
    endloop
  endfacet
  facet normal -0 -0.194985 -0.980806
    outer loop
      vertex 60 20.8412 18.1393
      vertex 58.9722 20.4242 18.2222
      vertex 58.9449 20.8412 18.1393
    endloop
  endfacet
  facet normal 0 0.442277 -0.896879
    outer loop
      vertex 0 18.375 17.8146
      vertex 1.09411 18.5642 17.9079
      vertex 1.13174 18.375 17.8146
    endloop
  endfacet
  facet normal 1.2233e-05 0.44222 -0.896907
    outer loop
      vertex 0 18.7563 18.0026
      vertex 1.09411 18.5642 17.9079
      vertex 0 18.375 17.8146
    endloop
  endfacet
  facet normal 5.73483e-18 0.442164 -0.896934
    outer loop
      vertex 1.09411 18.5642 17.9079
      vertex 0 18.7563 18.0026
      vertex 1.08152 18.7563 18.0026
    endloop
  endfacet
  facet normal -1.22331e-05 0.44222 -0.896907
    outer loop
      vertex 22.9059 18.5642 17.9079
      vertex 24 18.7563 18.0026
      vertex 24 18.375 17.8146
    endloop
  endfacet
  facet normal 0 0.442164 -0.896934
    outer loop
      vertex 24 18.7563 18.0026
      vertex 22.9059 18.5642 17.9079
      vertex 22.9185 18.7563 18.0026
    endloop
  endfacet
  facet normal 5.49162e-18 0.442277 -0.896879
    outer loop
      vertex 22.9059 18.5642 17.9079
      vertex 24 18.375 17.8146
      vertex 22.8683 18.375 17.8146
    endloop
  endfacet
  facet normal 0 0.442277 -0.896879
    outer loop
      vertex 36 18.375 17.8146
      vertex 37.0941 18.5642 17.9079
      vertex 37.1317 18.375 17.8146
    endloop
  endfacet
  facet normal 1.22331e-05 0.44222 -0.896907
    outer loop
      vertex 36 18.7563 18.0026
      vertex 37.0941 18.5642 17.9079
      vertex 36 18.375 17.8146
    endloop
  endfacet
  facet normal 5.73493e-18 0.442164 -0.896934
    outer loop
      vertex 37.0941 18.5642 17.9079
      vertex 36 18.7563 18.0026
      vertex 37.0815 18.7563 18.0026
    endloop
  endfacet
  facet normal -1.22331e-05 0.44222 -0.896907
    outer loop
      vertex 58.9059 18.5642 17.9079
      vertex 60 18.7563 18.0026
      vertex 60 18.375 17.8146
    endloop
  endfacet
  facet normal 0 0.442164 -0.896934
    outer loop
      vertex 60 18.7563 18.0026
      vertex 58.9059 18.5642 17.9079
      vertex 58.9185 18.7563 18.0026
    endloop
  endfacet
  facet normal 5.49162e-18 0.442277 -0.896879
    outer loop
      vertex 58.9059 18.5642 17.9079
      vertex 60 18.375 17.8146
      vertex 58.8683 18.375 17.8146
    endloop
  endfacet
  facet normal -0 0.442297 0.896869
    outer loop
      vertex 24 17.3212 8.53284
      vertex 36 16.5 8.93782
      vertex 36 17.3212 8.53284
    endloop
  endfacet
  facet normal 0 0.442297 0.896869
    outer loop
      vertex 36 16.5 8.93782
      vertex 24 17.3212 8.53284
      vertex 24 16.5 8.93782
    endloop
  endfacet
  facet normal 0 -0.555582 -0.831462
    outer loop
      vertex 24 23.5 21.0622
      vertex 36 24.2613 20.5535
      vertex 36 23.5 21.0622
    endloop
  endfacet
  facet normal -0 -0.555582 -0.831462
    outer loop
      vertex 36 24.2613 20.5535
      vertex 24 23.5 21.0622
      vertex 24 24.2613 20.5535
    endloop
  endfacet
  facet normal 1.85738e-18 -0.946944 -0.3214
    outer loop
      vertex 24 26.7615 16.8117
      vertex 36 26.4672 17.6788
      vertex 24 26.4672 17.6788
    endloop
  endfacet
  facet normal 1.85738e-18 -0.946944 -0.3214
    outer loop
      vertex 36 26.4672 17.6788
      vertex 24 26.7615 16.8117
      vertex 36 26.7615 16.8117
    endloop
  endfacet
  facet normal 0 -0.0654063 0.997859
    outer loop
      vertex 24 20.9137 8.05989
      vertex 36 20 8
      vertex 36 20.9137 8.05989
    endloop
  endfacet
  facet normal 0 -0.0654063 0.997859
    outer loop
      vertex 36 20 8
      vertex 24 20.9137 8.05989
      vertex 24 20 8
    endloop
  endfacet
  facet normal 0 0.0654172 -0.997858
    outer loop
      vertex 24 19.0863 21.9401
      vertex 36 20 22
      vertex 36 19.0863 21.9401
    endloop
  endfacet
  facet normal 0 0.0654172 -0.997858
    outer loop
      vertex 36 20 22
      vertex 24 19.0863 21.9401
      vertex 24 20 22
    endloop
  endfacet
  facet normal -0 0.0654063 0.997859
    outer loop
      vertex 24 20 8
      vertex 36 19.0863 8.05989
      vertex 36 20 8
    endloop
  endfacet
  facet normal 0 0.0654063 0.997859
    outer loop
      vertex 36 19.0863 8.05989
      vertex 24 20 8
      vertex 24 19.0863 8.05989
    endloop
  endfacet
  facet normal -1.93139e-19 0.997858 0.0654172
    outer loop
      vertex 36 13.0599 14.0863
      vertex 24 13 15
      vertex 36 13 15
    endloop
  endfacet
  facet normal -1.93139e-19 0.997858 0.0654172
    outer loop
      vertex 24 13 15
      vertex 36 13.0599 14.0863
      vertex 24 13.0599 14.0863
    endloop
  endfacet
  facet normal 9.40909e-20 -0.89686 -0.442314
    outer loop
      vertex 24 26.4672 17.6788
      vertex 36 26.0622 18.5
      vertex 24 26.0622 18.5
    endloop
  endfacet
  facet normal 9.40909e-20 -0.89686 -0.442314
    outer loop
      vertex 36 26.0622 18.5
      vertex 24 26.4672 17.6788
      vertex 36 26.4672 17.6788
    endloop
  endfacet
  facet normal -1.01571e-18 0.751791 0.659401
    outer loop
      vertex 36 15.0503 10.0503
      vertex 24 14.4465 10.7387
      vertex 36 14.4465 10.7387
    endloop
  endfacet
  facet normal -1.01571e-18 0.751791 0.659401
    outer loop
      vertex 24 14.4465 10.7387
      vertex 36 15.0503 10.0503
      vertex 24 15.0503 10.0503
    endloop
  endfacet
  facet normal 2.51742e-19 -0.997858 0.0654172
    outer loop
      vertex 24 26.9401 14.0863
      vertex 36 27 15
      vertex 24 27 15
    endloop
  endfacet
  facet normal 2.51742e-19 -0.997858 0.0654172
    outer loop
      vertex 36 27 15
      vertex 24 26.9401 14.0863
      vertex 36 26.9401 14.0863
    endloop
  endfacet
  facet normal 0 0.195066 -0.98079
    outer loop
      vertex 24 18.1883 21.7615
      vertex 36 19.0863 21.9401
      vertex 36 18.1883 21.7615
    endloop
  endfacet
  facet normal 0 0.195066 -0.98079
    outer loop
      vertex 36 19.0863 21.9401
      vertex 24 18.1883 21.7615
      vertex 24 19.0863 21.9401
    endloop
  endfacet
  facet normal 0 -0.659401 -0.751791
    outer loop
      vertex 24 24.2613 20.5535
      vertex 36 24.9497 19.9497
      vertex 36 24.2613 20.5535
    endloop
  endfacet
  facet normal -0 -0.659401 -0.751791
    outer loop
      vertex 36 24.9497 19.9497
      vertex 24 24.2613 20.5535
      vertex 24 24.9497 19.9497
    endloop
  endfacet
  facet normal 0 0.442314 -0.89686
    outer loop
      vertex 24 16.5 21.0622
      vertex 36 17.3212 21.4672
      vertex 36 16.5 21.0622
    endloop
  endfacet
  facet normal 0 0.442314 -0.89686
    outer loop
      vertex 36 17.3212 21.4672
      vertex 24 16.5 21.0622
      vertex 24 17.3212 21.4672
    endloop
  endfacet
  facet normal 7.57231e-19 0.98079 0.195066
    outer loop
      vertex 36 13.2385 13.1883
      vertex 24 13.0599 14.0863
      vertex 36 13.0599 14.0863
    endloop
  endfacet
  facet normal 7.57231e-19 0.98079 0.195066
    outer loop
      vertex 24 13.0599 14.0863
      vertex 36 13.2385 13.1883
      vertex 24 13.2385 13.1883
    endloop
  endfacet
  facet normal 0 -0.195097 0.980784
    outer loop
      vertex 24 21.8117 8.23852
      vertex 36 20.9137 8.05989
      vertex 36 21.8117 8.23852
    endloop
  endfacet
  facet normal 0 -0.195097 0.980784
    outer loop
      vertex 36 20.9137 8.05989
      vertex 24 21.8117 8.23852
      vertex 24 20.9137 8.05989
    endloop
  endfacet
  facet normal 1.07994e-19 -0.89686 0.442314
    outer loop
      vertex 24 26.0622 11.5
      vertex 36 26.4672 12.3212
      vertex 24 26.4672 12.3212
    endloop
  endfacet
  facet normal 1.07994e-19 -0.89686 0.442314
    outer loop
      vertex 36 26.4672 12.3212
      vertex 24 26.0622 11.5
      vertex 36 26.0622 11.5
    endloop
  endfacet
  facet normal 0 -0.321419 0.946937
    outer loop
      vertex 24 22.6788 8.53284
      vertex 36 21.8117 8.23852
      vertex 36 22.6788 8.53284
    endloop
  endfacet
  facet normal 0 -0.321419 0.946937
    outer loop
      vertex 36 21.8117 8.23852
      vertex 24 22.6788 8.53284
      vertex 24 21.8117 8.23852
    endloop
  endfacet
  facet normal -0 0.55559 0.831457
    outer loop
      vertex 24 16.5 8.93782
      vertex 36 15.7387 9.44653
      vertex 36 16.5 8.93782
    endloop
  endfacet
  facet normal 0 0.55559 0.831457
    outer loop
      vertex 36 15.7387 9.44653
      vertex 24 16.5 8.93782
      vertex 24 15.7387 9.44653
    endloop
  endfacet
  facet normal 6.81696e-19 0.98079 -0.195066
    outer loop
      vertex 36 13.0599 15.9137
      vertex 24 13.2385 16.8117
      vertex 36 13.2385 16.8117
    endloop
  endfacet
  facet normal 6.81696e-19 0.98079 -0.195066
    outer loop
      vertex 24 13.2385 16.8117
      vertex 36 13.0599 15.9137
      vertex 24 13.0599 15.9137
    endloop
  endfacet
  facet normal -6.81696e-19 -0.98079 -0.195066
    outer loop
      vertex 24 26.9401 15.9137
      vertex 36 26.7615 16.8117
      vertex 24 26.7615 16.8117
    endloop
  endfacet
  facet normal -6.81696e-19 -0.98079 -0.195066
    outer loop
      vertex 36 26.7615 16.8117
      vertex 24 26.9401 15.9137
      vertex 36 26.9401 15.9137
    endloop
  endfacet
  facet normal 0 -0.659382 0.751808
    outer loop
      vertex 24 24.9497 10.0503
      vertex 36 24.2613 9.44653
      vertex 36 24.9497 10.0503
    endloop
  endfacet
  facet normal 0 -0.659382 0.751808
    outer loop
      vertex 36 24.2613 9.44653
      vertex 24 24.9497 10.0503
      vertex 24 24.2613 9.44653
    endloop
  endfacet
  facet normal 0 -0.55559 0.831457
    outer loop
      vertex 24 24.2613 9.44653
      vertex 36 23.5 8.93782
      vertex 36 24.2613 9.44653
    endloop
  endfacet
  facet normal 0 -0.55559 0.831457
    outer loop
      vertex 36 23.5 8.93782
      vertex 24 24.2613 9.44653
      vertex 24 23.5 8.93782
    endloop
  endfacet
  facet normal 6.9686e-19 0.946944 -0.3214
    outer loop
      vertex 36 13.2385 16.8117
      vertex 24 13.5328 17.6788
      vertex 36 13.5328 17.6788
    endloop
  endfacet
  facet normal 6.9686e-19 0.946944 -0.3214
    outer loop
      vertex 24 13.5328 17.6788
      vertex 36 13.2385 16.8117
      vertex 24 13.2385 16.8117
    endloop
  endfacet
  facet normal -7.86904e-19 -0.831462 -0.555582
    outer loop
      vertex 24 26.0622 18.5
      vertex 36 25.5535 19.2613
      vertex 24 25.5535 19.2613
    endloop
  endfacet
  facet normal -7.86904e-19 -0.831462 -0.555582
    outer loop
      vertex 36 25.5535 19.2613
      vertex 24 26.0622 18.5
      vertex 36 26.0622 18.5
    endloop
  endfacet
  facet normal 1.01571e-18 -0.751791 0.659401
    outer loop
      vertex 24 24.9497 10.0503
      vertex 36 25.5535 10.7387
      vertex 24 25.5535 10.7387
    endloop
  endfacet
  facet normal 1.01571e-18 -0.751791 0.659401
    outer loop
      vertex 36 25.5535 10.7387
      vertex 24 24.9497 10.0503
      vertex 36 24.9497 10.0503
    endloop
  endfacet
  facet normal 0 -0.442297 0.896869
    outer loop
      vertex 24 23.5 8.93782
      vertex 36 22.6788 8.53284
      vertex 36 23.5 8.93782
    endloop
  endfacet
  facet normal 0 -0.442297 0.896869
    outer loop
      vertex 36 22.6788 8.53284
      vertex 24 23.5 8.93782
      vertex 24 22.6788 8.53284
    endloop
  endfacet
  facet normal -2.51742e-19 -0.997858 -0.0654172
    outer loop
      vertex 24 27 15
      vertex 36 26.9401 15.9137
      vertex 24 26.9401 15.9137
    endloop
  endfacet
  facet normal -2.51742e-19 -0.997858 -0.0654172
    outer loop
      vertex 36 26.9401 15.9137
      vertex 24 27 15
      vertex 36 27 15
    endloop
  endfacet
  facet normal 0 0.659401 -0.751791
    outer loop
      vertex 24 15.0503 19.9497
      vertex 36 15.7387 20.5535
      vertex 36 15.0503 19.9497
    endloop
  endfacet
  facet normal 0 0.659401 -0.751791
    outer loop
      vertex 36 15.7387 20.5535
      vertex 24 15.0503 19.9497
      vertex 24 15.7387 20.5535
    endloop
  endfacet
  facet normal 0 0.3214 -0.946944
    outer loop
      vertex 24 17.3212 21.4672
      vertex 36 18.1883 21.7615
      vertex 36 17.3212 21.4672
    endloop
  endfacet
  facet normal 0 0.3214 -0.946944
    outer loop
      vertex 36 18.1883 21.7615
      vertex 24 17.3212 21.4672
      vertex 24 18.1883 21.7615
    endloop
  endfacet
  facet normal 0 -0.195066 -0.98079
    outer loop
      vertex 24 20.9137 21.9401
      vertex 36 21.8117 21.7615
      vertex 36 20.9137 21.9401
    endloop
  endfacet
  facet normal -0 -0.195066 -0.98079
    outer loop
      vertex 36 21.8117 21.7615
      vertex 24 20.9137 21.9401
      vertex 24 21.8117 21.7615
    endloop
  endfacet
  facet normal 2.19345e-18 -0.831462 0.555582
    outer loop
      vertex 24 25.5535 10.7387
      vertex 36 26.0622 11.5
      vertex 24 26.0622 11.5
    endloop
  endfacet
  facet normal 2.19345e-18 -0.831462 0.555582
    outer loop
      vertex 36 26.0622 11.5
      vertex 24 25.5535 10.7387
      vertex 36 25.5535 10.7387
    endloop
  endfacet
  facet normal -0 0.659382 0.751808
    outer loop
      vertex 24 15.7387 9.44653
      vertex 36 15.0503 10.0503
      vertex 36 15.7387 9.44653
    endloop
  endfacet
  facet normal 0 0.659382 0.751808
    outer loop
      vertex 36 15.0503 10.0503
      vertex 24 15.7387 9.44653
      vertex 24 15.0503 10.0503
    endloop
  endfacet
  facet normal -2.4115e-18 0.751791 -0.659401
    outer loop
      vertex 36 14.4465 19.2613
      vertex 24 15.0503 19.9497
      vertex 36 15.0503 19.9497
    endloop
  endfacet
  facet normal -2.4115e-18 0.751791 -0.659401
    outer loop
      vertex 24 15.0503 19.9497
      vertex 36 14.4465 19.2613
      vertex 24 14.4465 19.2613
    endloop
  endfacet
  facet normal -1.51451e-18 0.89686 0.442314
    outer loop
      vertex 36 13.9378 11.5
      vertex 24 13.5328 12.3212
      vertex 36 13.5328 12.3212
    endloop
  endfacet
  facet normal -1.51451e-18 0.89686 0.442314
    outer loop
      vertex 24 13.5328 12.3212
      vertex 36 13.9378 11.5
      vertex 24 13.9378 11.5
    endloop
  endfacet
  facet normal 0 -0.3214 -0.946944
    outer loop
      vertex 24 21.8117 21.7615
      vertex 36 22.6788 21.4672
      vertex 36 21.8117 21.7615
    endloop
  endfacet
  facet normal -0 -0.3214 -0.946944
    outer loop
      vertex 36 22.6788 21.4672
      vertex 24 21.8117 21.7615
      vertex 24 22.6788 21.4672
    endloop
  endfacet
  facet normal 2.4115e-18 -0.751791 -0.659401
    outer loop
      vertex 24 25.5535 19.2613
      vertex 36 24.9497 19.9497
      vertex 24 24.9497 19.9497
    endloop
  endfacet
  facet normal 2.4115e-18 -0.751791 -0.659401
    outer loop
      vertex 36 24.9497 19.9497
      vertex 24 25.5535 19.2613
      vertex 36 25.5535 19.2613
    endloop
  endfacet
  facet normal -6.9686e-19 0.946944 0.3214
    outer loop
      vertex 36 13.5328 12.3212
      vertex 24 13.2385 13.1883
      vertex 36 13.2385 13.1883
    endloop
  endfacet
  facet normal -6.9686e-19 0.946944 0.3214
    outer loop
      vertex 24 13.2385 13.1883
      vertex 36 13.5328 12.3212
      vertex 24 13.5328 12.3212
    endloop
  endfacet
  facet normal 0 -0.0654172 -0.997858
    outer loop
      vertex 24 20 22
      vertex 36 20.9137 21.9401
      vertex 36 20 22
    endloop
  endfacet
  facet normal -0 -0.0654172 -0.997858
    outer loop
      vertex 36 20.9137 21.9401
      vertex 24 20 22
      vertex 24 20.9137 21.9401
    endloop
  endfacet
  facet normal 0 0.555582 -0.831462
    outer loop
      vertex 24 15.7387 20.5535
      vertex 36 16.5 21.0622
      vertex 36 15.7387 20.5535
    endloop
  endfacet
  facet normal 0 0.555582 -0.831462
    outer loop
      vertex 36 16.5 21.0622
      vertex 24 15.7387 20.5535
      vertex 24 16.5 21.0622
    endloop
  endfacet
  facet normal -0 0.321419 0.946937
    outer loop
      vertex 24 18.1883 8.23852
      vertex 36 17.3212 8.53284
      vertex 36 18.1883 8.23852
    endloop
  endfacet
  facet normal 0 0.321419 0.946937
    outer loop
      vertex 36 17.3212 8.53284
      vertex 24 18.1883 8.23852
      vertex 24 17.3212 8.53284
    endloop
  endfacet
  facet normal -0 0.195097 0.980784
    outer loop
      vertex 24 19.0863 8.05989
      vertex 36 18.1883 8.23852
      vertex 36 19.0863 8.05989
    endloop
  endfacet
  facet normal 0 0.195097 0.980784
    outer loop
      vertex 36 18.1883 8.23852
      vertex 24 19.0863 8.05989
      vertex 24 18.1883 8.23852
    endloop
  endfacet
  facet normal 1.31242e-18 0.89686 -0.442314
    outer loop
      vertex 36 13.5328 17.6788
      vertex 24 13.9378 18.5
      vertex 36 13.9378 18.5
    endloop
  endfacet
  facet normal 1.31242e-18 0.89686 -0.442314
    outer loop
      vertex 24 13.9378 18.5
      vertex 36 13.5328 17.6788
      vertex 24 13.5328 17.6788
    endloop
  endfacet
  facet normal -7.57231e-19 -0.98079 0.195066
    outer loop
      vertex 24 26.7615 13.1883
      vertex 36 26.9401 14.0863
      vertex 24 26.9401 14.0863
    endloop
  endfacet
  facet normal -7.57231e-19 -0.98079 0.195066
    outer loop
      vertex 36 26.9401 14.0863
      vertex 24 26.7615 13.1883
      vertex 36 26.7615 13.1883
    endloop
  endfacet
  facet normal 1 0 0
    outer loop
      vertex 24 23.25 15
      vertex 24 27 15
      vertex 24 26.9401 15.9137
    endloop
  endfacet
  facet normal 1 0 0
    outer loop
      vertex 24 23.2222 15.4242
      vertex 24 26.9401 15.9137
      vertex 24 26.7615 16.8117
    endloop
  endfacet
  facet normal 1 0 0
    outer loop
      vertex 24 27 15
      vertex 24 23.25 15
      vertex 24 26.9401 14.0863
    endloop
  endfacet
  facet normal 1 0 0
    outer loop
      vertex 24 23.1393 15.8412
      vertex 24 26.7615 16.8117
      vertex 24 26.4672 17.6788
    endloop
  endfacet
  facet normal 1 -0 0
    outer loop
      vertex 24 23.2222 14.5758
      vertex 24 26.9401 14.0863
      vertex 24 23.25 15
    endloop
  endfacet
  facet normal 1 0 0
    outer loop
      vertex 24 23.0026 16.2437
      vertex 24 26.4672 17.6788
      vertex 24 26.0622 18.5
    endloop
  endfacet
  facet normal 1 0 0
    outer loop
      vertex 24 26.9401 14.0863
      vertex 24 23.2222 14.5758
      vertex 24 26.7615 13.1883
    endloop
  endfacet
  facet normal 1 0 0
    outer loop
      vertex 24 22.8146 16.625
      vertex 24 26.0622 18.5
      vertex 24 25.5535 19.2613
    endloop
  endfacet
  facet normal 1 -0 0
    outer loop
      vertex 24 23.1393 14.1588
      vertex 24 26.7615 13.1883
      vertex 24 23.2222 14.5758
    endloop
  endfacet
  facet normal 1 0 0
    outer loop
      vertex 24 22.5784 16.9785
      vertex 24 25.5535 19.2613
      vertex 24 24.9497 19.9497
    endloop
  endfacet
  facet normal 1 0 0
    outer loop
      vertex 24 26.7615 13.1883
      vertex 24 23.1393 14.1588
      vertex 24 26.4672 12.3212
    endloop
  endfacet
  facet normal 1 0 0
    outer loop
      vertex 24 22.2981 17.2981
      vertex 24 24.9497 19.9497
      vertex 24 24.2613 20.5535
    endloop
  endfacet
  facet normal 1 -0 0
    outer loop
      vertex 24 23.0026 13.7563
      vertex 24 26.4672 12.3212
      vertex 24 23.1393 14.1588
    endloop
  endfacet
  facet normal 1 0 0
    outer loop
      vertex 24 21.9785 17.5784
      vertex 24 24.2613 20.5535
      vertex 24 23.5 21.0622
    endloop
  endfacet
  facet normal 1 0 0
    outer loop
      vertex 24 26.4672 12.3212
      vertex 24 23.0026 13.7563
      vertex 24 26.0622 11.5
    endloop
  endfacet
  facet normal 1 -0 0
    outer loop
      vertex 24 22.8146 13.375
      vertex 24 26.0622 11.5
      vertex 24 23.0026 13.7563
    endloop
  endfacet
  facet normal 1 0 0
    outer loop
      vertex 24 26.9401 15.9137
      vertex 24 23.2222 15.4242
      vertex 24 23.25 15
    endloop
  endfacet
  facet normal 1 0 0
    outer loop
      vertex 24 26.7615 16.8117
      vertex 24 23.1393 15.8412
      vertex 24 23.2222 15.4242
    endloop
  endfacet
  facet normal 1 0 0
    outer loop
      vertex 24 26.4672 17.6788
      vertex 24 23.0026 16.2437
      vertex 24 23.1393 15.8412
    endloop
  endfacet
  facet normal 1 0 0
    outer loop
      vertex 24 26.0622 18.5
      vertex 24 22.8146 16.625
      vertex 24 23.0026 16.2437
    endloop
  endfacet
  facet normal 1 0 0
    outer loop
      vertex 24 21.625 17.8146
      vertex 24 23.5 21.0622
      vertex 24 22.6788 21.4672
    endloop
  endfacet
  facet normal 1 0 0
    outer loop
      vertex 24 25.5535 19.2613
      vertex 24 22.5784 16.9785
      vertex 24 22.8146 16.625
    endloop
  endfacet
  facet normal 1 0 0
    outer loop
      vertex 24 24.9497 19.9497
      vertex 24 22.2981 17.2981
      vertex 24 22.5784 16.9785
    endloop
  endfacet
  facet normal 1 0 0
    outer loop
      vertex 24 24.2613 20.5535
      vertex 24 21.9785 17.5784
      vertex 24 22.2981 17.2981
    endloop
  endfacet
  facet normal 1 0 0
    outer loop
      vertex 24 21.2437 18.0026
      vertex 24 22.6788 21.4672
      vertex 24 21.8117 21.7615
    endloop
  endfacet
  facet normal 1 0 0
    outer loop
      vertex 24 23.5 21.0622
      vertex 24 21.625 17.8146
      vertex 24 21.9785 17.5784
    endloop
  endfacet
  facet normal 1 0 0
    outer loop
      vertex 24 22.6788 21.4672
      vertex 24 21.2437 18.0026
      vertex 24 21.625 17.8146
    endloop
  endfacet
  facet normal 1 0 0
    outer loop
      vertex 24 20.8412 18.1393
      vertex 24 21.8117 21.7615
      vertex 24 20.9137 21.9401
    endloop
  endfacet
  facet normal 1 0 0
    outer loop
      vertex 24 21.8117 21.7615
      vertex 24 20.8412 18.1393
      vertex 24 21.2437 18.0026
    endloop
  endfacet
  facet normal 1 0 0
    outer loop
      vertex 24 20.9137 21.9401
      vertex 24 20.4242 18.2222
      vertex 24 20.8412 18.1393
    endloop
  endfacet
  facet normal 1 0 0
    outer loop
      vertex 24 20 22
      vertex 24 20.4242 18.2222
      vertex 24 20.9137 21.9401
    endloop
  endfacet
  facet normal 1 0 0
    outer loop
      vertex 24 20 22
      vertex 24 20 18.25
      vertex 24 20.4242 18.2222
    endloop
  endfacet
  facet normal 1 0 0
    outer loop
      vertex 24 20 22
      vertex 24 19.5758 18.2222
      vertex 24 20 18.25
    endloop
  endfacet
  facet normal 1 -0 0
    outer loop
      vertex 24 19.0863 21.9401
      vertex 24 19.5758 18.2222
      vertex 24 20 22
    endloop
  endfacet
  facet normal 1 0 0
    outer loop
      vertex 24 19.5758 18.2222
      vertex 24 19.0863 21.9401
      vertex 24 19.1588 18.1393
    endloop
  endfacet
  facet normal 1 -0 0
    outer loop
      vertex 24 18.1883 21.7615
      vertex 24 19.1588 18.1393
      vertex 24 19.0863 21.9401
    endloop
  endfacet
  facet normal 1 0 0
    outer loop
      vertex 24 19.1588 18.1393
      vertex 24 18.1883 21.7615
      vertex 24 18.7563 18.0026
    endloop
  endfacet
  facet normal 1 -0 0
    outer loop
      vertex 24 17.3212 21.4672
      vertex 24 18.7563 18.0026
      vertex 24 18.1883 21.7615
    endloop
  endfacet
  facet normal 1 0 0
    outer loop
      vertex 24 18.7563 18.0026
      vertex 24 17.3212 21.4672
      vertex 24 18.375 17.8146
    endloop
  endfacet
  facet normal 1 -0 0
    outer loop
      vertex 24 16.5 21.0622
      vertex 24 18.375 17.8146
      vertex 24 17.3212 21.4672
    endloop
  endfacet
  facet normal 1 0 0
    outer loop
      vertex 24 18.375 17.8146
      vertex 24 16.5 21.0622
      vertex 24 18.0215 17.5784
    endloop
  endfacet
  facet normal 1 -0 0
    outer loop
      vertex 24 15.7387 20.5535
      vertex 24 18.0215 17.5784
      vertex 24 16.5 21.0622
    endloop
  endfacet
  facet normal 1 0 0
    outer loop
      vertex 24 18.0215 17.5784
      vertex 24 15.7387 20.5535
      vertex 24 17.7019 17.2981
    endloop
  endfacet
  facet normal 1 -0 0
    outer loop
      vertex 24 15.0503 19.9497
      vertex 24 17.7019 17.2981
      vertex 24 15.7387 20.5535
    endloop
  endfacet
  facet normal 1 0 0
    outer loop
      vertex 24 17.7019 17.2981
      vertex 24 15.0503 19.9497
      vertex 24 17.4216 16.9785
    endloop
  endfacet
  facet normal 1 -0 0
    outer loop
      vertex 24 14.4465 19.2613
      vertex 24 17.4216 16.9785
      vertex 24 15.0503 19.9497
    endloop
  endfacet
  facet normal 1 -0 0
    outer loop
      vertex 24 13.9378 18.5
      vertex 24 17.1854 16.625
      vertex 24 14.4465 19.2613
    endloop
  endfacet
  facet normal 1 0 0
    outer loop
      vertex 24 17.4216 16.9785
      vertex 24 14.4465 19.2613
      vertex 24 17.1854 16.625
    endloop
  endfacet
  facet normal 1 0 0
    outer loop
      vertex 24 26.0622 11.5
      vertex 24 22.8146 13.375
      vertex 24 25.5535 10.7387
    endloop
  endfacet
  facet normal 1 -0 0
    outer loop
      vertex 24 22.5784 13.0215
      vertex 24 25.5535 10.7387
      vertex 24 22.8146 13.375
    endloop
  endfacet
  facet normal 1 0 0
    outer loop
      vertex 24 25.5535 10.7387
      vertex 24 22.5784 13.0215
      vertex 24 24.9497 10.0503
    endloop
  endfacet
  facet normal 1 -0 0
    outer loop
      vertex 24 22.2981 12.7019
      vertex 24 24.9497 10.0503
      vertex 24 22.5784 13.0215
    endloop
  endfacet
  facet normal 1 0 0
    outer loop
      vertex 24 24.9497 10.0503
      vertex 24 22.2981 12.7019
      vertex 24 24.2613 9.44653
    endloop
  endfacet
  facet normal 1 -0 0
    outer loop
      vertex 24 21.9785 12.4216
      vertex 24 24.2613 9.44653
      vertex 24 22.2981 12.7019
    endloop
  endfacet
  facet normal 1 0 0
    outer loop
      vertex 24 24.2613 9.44653
      vertex 24 21.9785 12.4216
      vertex 24 23.5 8.93782
    endloop
  endfacet
  facet normal 1 -0 0
    outer loop
      vertex 24 21.625 12.1854
      vertex 24 23.5 8.93782
      vertex 24 21.9785 12.4216
    endloop
  endfacet
  facet normal 1 0 0
    outer loop
      vertex 24 23.5 8.93782
      vertex 24 21.625 12.1854
      vertex 24 22.6788 8.53284
    endloop
  endfacet
  facet normal 1 -0 0
    outer loop
      vertex 24 21.2437 11.9974
      vertex 24 22.6788 8.53284
      vertex 24 21.625 12.1854
    endloop
  endfacet
  facet normal 1 0 0
    outer loop
      vertex 24 22.6788 8.53284
      vertex 24 21.2437 11.9974
      vertex 24 21.8117 8.23852
    endloop
  endfacet
  facet normal 1 -0 0
    outer loop
      vertex 24 20.8412 11.8607
      vertex 24 21.8117 8.23852
      vertex 24 21.2437 11.9974
    endloop
  endfacet
  facet normal 1 0 0
    outer loop
      vertex 24 21.8117 8.23852
      vertex 24 20.8412 11.8607
      vertex 24 20.9137 8.05989
    endloop
  endfacet
  facet normal 1 -0 0
    outer loop
      vertex 24 20.4242 11.7778
      vertex 24 20.9137 8.05989
      vertex 24 20.8412 11.8607
    endloop
  endfacet
  facet normal 1 -0 0
    outer loop
      vertex 24 20 11.75
      vertex 24 20.9137 8.05989
      vertex 24 20.4242 11.7778
    endloop
  endfacet
  facet normal 1 0 0
    outer loop
      vertex 24 20 11.75
      vertex 24 20 8
      vertex 24 20.9137 8.05989
    endloop
  endfacet
  facet normal 1 0 0
    outer loop
      vertex 24 19.5758 11.7778
      vertex 24 20 8
      vertex 24 20 11.75
    endloop
  endfacet
  facet normal 1 0 0
    outer loop
      vertex 24 19.0863 8.05989
      vertex 24 19.5758 11.7778
      vertex 24 19.1588 11.8607
    endloop
  endfacet
  facet normal 1 0 0
    outer loop
      vertex 24 19.5758 11.7778
      vertex 24 19.0863 8.05989
      vertex 24 20 8
    endloop
  endfacet
  facet normal 1 0 0
    outer loop
      vertex 24 18.1883 8.23852
      vertex 24 19.1588 11.8607
      vertex 24 18.7563 11.9974
    endloop
  endfacet
  facet normal 1 0 0
    outer loop
      vertex 24 17.3212 8.53284
      vertex 24 18.7563 11.9974
      vertex 24 18.375 12.1854
    endloop
  endfacet
  facet normal 1 0 0
    outer loop
      vertex 24 19.1588 11.8607
      vertex 24 18.1883 8.23852
      vertex 24 19.0863 8.05989
    endloop
  endfacet
  facet normal 1 0 0
    outer loop
      vertex 24 16.5 8.93782
      vertex 24 18.375 12.1854
      vertex 24 18.0215 12.4216
    endloop
  endfacet
  facet normal 1 0 0
    outer loop
      vertex 24 15.7387 9.44653
      vertex 24 18.0215 12.4216
      vertex 24 17.7019 12.7019
    endloop
  endfacet
  facet normal 1 0 0
    outer loop
      vertex 24 15.0503 10.0503
      vertex 24 17.7019 12.7019
      vertex 24 17.4216 13.0215
    endloop
  endfacet
  facet normal 1 0 0
    outer loop
      vertex 24 18.7563 11.9974
      vertex 24 17.3212 8.53284
      vertex 24 18.1883 8.23852
    endloop
  endfacet
  facet normal 1 0 0
    outer loop
      vertex 24 14.4465 10.7387
      vertex 24 17.4216 13.0215
      vertex 24 17.1854 13.375
    endloop
  endfacet
  facet normal 1 0 0
    outer loop
      vertex 24 13.9378 11.5
      vertex 24 17.1854 13.375
      vertex 24 16.9974 13.7563
    endloop
  endfacet
  facet normal 1 0 0
    outer loop
      vertex 24 13.5328 12.3212
      vertex 24 16.9974 13.7563
      vertex 24 16.8607 14.1588
    endloop
  endfacet
  facet normal 1 0 0
    outer loop
      vertex 24 13.2385 13.1883
      vertex 24 16.8607 14.1588
      vertex 24 16.7778 14.5758
    endloop
  endfacet
  facet normal 1 0 0
    outer loop
      vertex 24 18.375 12.1854
      vertex 24 16.5 8.93782
      vertex 24 17.3212 8.53284
    endloop
  endfacet
  facet normal 1 0 0
    outer loop
      vertex 24 13.0599 14.0863
      vertex 24 16.7778 14.5758
      vertex 24 16.75 15
    endloop
  endfacet
  facet normal 1 0 0
    outer loop
      vertex 24 17.1854 16.625
      vertex 24 13.9378 18.5
      vertex 24 16.9974 16.2437
    endloop
  endfacet
  facet normal 1 -0 0
    outer loop
      vertex 24 13.5328 17.6788
      vertex 24 16.9974 16.2437
      vertex 24 13.9378 18.5
    endloop
  endfacet
  facet normal 1 0 0
    outer loop
      vertex 24 18.0215 12.4216
      vertex 24 15.7387 9.44653
      vertex 24 16.5 8.93782
    endloop
  endfacet
  facet normal 1 0 0
    outer loop
      vertex 24 16.9974 16.2437
      vertex 24 13.5328 17.6788
      vertex 24 16.8607 15.8412
    endloop
  endfacet
  facet normal 1 0 0
    outer loop
      vertex 24 17.7019 12.7019
      vertex 24 15.0503 10.0503
      vertex 24 15.7387 9.44653
    endloop
  endfacet
  facet normal 1 -0 0
    outer loop
      vertex 24 13.2385 16.8117
      vertex 24 16.8607 15.8412
      vertex 24 13.5328 17.6788
    endloop
  endfacet
  facet normal 1 0 0
    outer loop
      vertex 24 17.4216 13.0215
      vertex 24 14.4465 10.7387
      vertex 24 15.0503 10.0503
    endloop
  endfacet
  facet normal 1 0 0
    outer loop
      vertex 24 16.8607 15.8412
      vertex 24 13.2385 16.8117
      vertex 24 16.7778 15.4242
    endloop
  endfacet
  facet normal 1 0 0
    outer loop
      vertex 24 17.1854 13.375
      vertex 24 13.9378 11.5
      vertex 24 14.4465 10.7387
    endloop
  endfacet
  facet normal 1 -0 0
    outer loop
      vertex 24 13.0599 15.9137
      vertex 24 16.7778 15.4242
      vertex 24 13.2385 16.8117
    endloop
  endfacet
  facet normal 1 0 0
    outer loop
      vertex 24 16.9974 13.7563
      vertex 24 13.5328 12.3212
      vertex 24 13.9378 11.5
    endloop
  endfacet
  facet normal 1 0 0
    outer loop
      vertex 24 16.7778 15.4242
      vertex 24 13.0599 15.9137
      vertex 24 16.75 15
    endloop
  endfacet
  facet normal 1 0 0
    outer loop
      vertex 24 16.8607 14.1588
      vertex 24 13.2385 13.1883
      vertex 24 13.5328 12.3212
    endloop
  endfacet
  facet normal 1 0 0
    outer loop
      vertex 24 13 15
      vertex 24 16.75 15
      vertex 24 13.0599 15.9137
    endloop
  endfacet
  facet normal 1 0 0
    outer loop
      vertex 24 16.7778 14.5758
      vertex 24 13.0599 14.0863
      vertex 24 13.2385 13.1883
    endloop
  endfacet
  facet normal 1 0 0
    outer loop
      vertex 24 16.75 15
      vertex 24 13 15
      vertex 24 13.0599 14.0863
    endloop
  endfacet
  facet normal -2.19345e-18 0.831462 0.555582
    outer loop
      vertex 36 14.4465 10.7387
      vertex 24 13.9378 11.5
      vertex 36 13.9378 11.5
    endloop
  endfacet
  facet normal -2.19345e-18 0.831462 0.555582
    outer loop
      vertex 24 13.9378 11.5
      vertex 36 14.4465 10.7387
      vertex 24 14.4465 10.7387
    endloop
  endfacet
  facet normal 0 -0.442314 -0.89686
    outer loop
      vertex 24 22.6788 21.4672
      vertex 36 23.5 21.0622
      vertex 36 22.6788 21.4672
    endloop
  endfacet
  facet normal -0 -0.442314 -0.89686
    outer loop
      vertex 36 23.5 21.0622
      vertex 24 22.6788 21.4672
      vertex 24 23.5 21.0622
    endloop
  endfacet
  facet normal -1 0 0
    outer loop
      vertex 36 23.25 15
      vertex 36 27 15
      vertex 36 26.9401 14.0863
    endloop
  endfacet
  facet normal -1 0 0
    outer loop
      vertex 36 23.2222 14.5758
      vertex 36 26.9401 14.0863
      vertex 36 26.7615 13.1883
    endloop
  endfacet
  facet normal -1 0 0
    outer loop
      vertex 36 27 15
      vertex 36 23.25 15
      vertex 36 26.9401 15.9137
    endloop
  endfacet
  facet normal -1 0 0
    outer loop
      vertex 36 23.1393 14.1588
      vertex 36 26.7615 13.1883
      vertex 36 26.4672 12.3212
    endloop
  endfacet
  facet normal -1 0 0
    outer loop
      vertex 36 23.2222 15.4242
      vertex 36 26.9401 15.9137
      vertex 36 23.25 15
    endloop
  endfacet
  facet normal -1 0 0
    outer loop
      vertex 36 23.0026 13.7563
      vertex 36 26.4672 12.3212
      vertex 36 26.0622 11.5
    endloop
  endfacet
  facet normal -1 -0 0
    outer loop
      vertex 36 26.9401 15.9137
      vertex 36 23.2222 15.4242
      vertex 36 26.7615 16.8117
    endloop
  endfacet
  facet normal -1 0 0
    outer loop
      vertex 36 22.8146 13.375
      vertex 36 26.0622 11.5
      vertex 36 25.5535 10.7387
    endloop
  endfacet
  facet normal -1 0 0
    outer loop
      vertex 36 23.1393 15.8412
      vertex 36 26.7615 16.8117
      vertex 36 23.2222 15.4242
    endloop
  endfacet
  facet normal -1 0 0
    outer loop
      vertex 36 22.5784 13.0215
      vertex 36 25.5535 10.7387
      vertex 36 24.9497 10.0503
    endloop
  endfacet
  facet normal -1 -0 0
    outer loop
      vertex 36 26.7615 16.8117
      vertex 36 23.1393 15.8412
      vertex 36 26.4672 17.6788
    endloop
  endfacet
  facet normal -1 0 0
    outer loop
      vertex 36 22.2981 12.7019
      vertex 36 24.9497 10.0503
      vertex 36 24.2613 9.44653
    endloop
  endfacet
  facet normal -1 0 0
    outer loop
      vertex 36 23.0026 16.2437
      vertex 36 26.4672 17.6788
      vertex 36 23.1393 15.8412
    endloop
  endfacet
  facet normal -1 0 0
    outer loop
      vertex 36 21.9785 12.4216
      vertex 36 24.2613 9.44653
      vertex 36 23.5 8.93782
    endloop
  endfacet
  facet normal -1 -0 0
    outer loop
      vertex 36 26.4672 17.6788
      vertex 36 23.0026 16.2437
      vertex 36 26.0622 18.5
    endloop
  endfacet
  facet normal -1 0 0
    outer loop
      vertex 36 22.8146 16.625
      vertex 36 26.0622 18.5
      vertex 36 23.0026 16.2437
    endloop
  endfacet
  facet normal -1 0 0
    outer loop
      vertex 36 26.9401 14.0863
      vertex 36 23.2222 14.5758
      vertex 36 23.25 15
    endloop
  endfacet
  facet normal -1 0 0
    outer loop
      vertex 36 26.7615 13.1883
      vertex 36 23.1393 14.1588
      vertex 36 23.2222 14.5758
    endloop
  endfacet
  facet normal -1 0 0
    outer loop
      vertex 36 26.4672 12.3212
      vertex 36 23.0026 13.7563
      vertex 36 23.1393 14.1588
    endloop
  endfacet
  facet normal -1 0 0
    outer loop
      vertex 36 26.0622 11.5
      vertex 36 22.8146 13.375
      vertex 36 23.0026 13.7563
    endloop
  endfacet
  facet normal -1 0 0
    outer loop
      vertex 36 21.625 12.1854
      vertex 36 23.5 8.93782
      vertex 36 22.6788 8.53284
    endloop
  endfacet
  facet normal -1 0 0
    outer loop
      vertex 36 25.5535 10.7387
      vertex 36 22.5784 13.0215
      vertex 36 22.8146 13.375
    endloop
  endfacet
  facet normal -1 0 0
    outer loop
      vertex 36 24.9497 10.0503
      vertex 36 22.2981 12.7019
      vertex 36 22.5784 13.0215
    endloop
  endfacet
  facet normal -1 0 0
    outer loop
      vertex 36 24.2613 9.44653
      vertex 36 21.9785 12.4216
      vertex 36 22.2981 12.7019
    endloop
  endfacet
  facet normal -1 0 0
    outer loop
      vertex 36 21.2437 11.9974
      vertex 36 22.6788 8.53284
      vertex 36 21.8117 8.23852
    endloop
  endfacet
  facet normal -1 0 0
    outer loop
      vertex 36 23.5 8.93782
      vertex 36 21.625 12.1854
      vertex 36 21.9785 12.4216
    endloop
  endfacet
  facet normal -1 0 0
    outer loop
      vertex 36 22.6788 8.53284
      vertex 36 21.2437 11.9974
      vertex 36 21.625 12.1854
    endloop
  endfacet
  facet normal -1 0 0
    outer loop
      vertex 36 20.8412 11.8607
      vertex 36 21.8117 8.23852
      vertex 36 20.9137 8.05989
    endloop
  endfacet
  facet normal -1 0 0
    outer loop
      vertex 36 21.8117 8.23852
      vertex 36 20.8412 11.8607
      vertex 36 21.2437 11.9974
    endloop
  endfacet
  facet normal -1 0 0
    outer loop
      vertex 36 20.9137 8.05989
      vertex 36 20.4242 11.7778
      vertex 36 20.8412 11.8607
    endloop
  endfacet
  facet normal -1 0 0
    outer loop
      vertex 36 20 8
      vertex 36 20.4242 11.7778
      vertex 36 20.9137 8.05989
    endloop
  endfacet
  facet normal -1 0 0
    outer loop
      vertex 36 20 8
      vertex 36 20 11.75
      vertex 36 20.4242 11.7778
    endloop
  endfacet
  facet normal -1 0 0
    outer loop
      vertex 36 20 8
      vertex 36 19.5758 11.7778
      vertex 36 20 11.75
    endloop
  endfacet
  facet normal -1 0 0
    outer loop
      vertex 36 19.0863 8.05989
      vertex 36 19.5758 11.7778
      vertex 36 20 8
    endloop
  endfacet
  facet normal -1 -0 0
    outer loop
      vertex 36 19.5758 11.7778
      vertex 36 19.0863 8.05989
      vertex 36 19.1588 11.8607
    endloop
  endfacet
  facet normal -1 0 0
    outer loop
      vertex 36 18.1883 8.23852
      vertex 36 19.1588 11.8607
      vertex 36 19.0863 8.05989
    endloop
  endfacet
  facet normal -1 -0 0
    outer loop
      vertex 36 19.1588 11.8607
      vertex 36 18.1883 8.23852
      vertex 36 18.7563 11.9974
    endloop
  endfacet
  facet normal -1 0 0
    outer loop
      vertex 36 17.3212 8.53284
      vertex 36 18.7563 11.9974
      vertex 36 18.1883 8.23852
    endloop
  endfacet
  facet normal -1 -0 0
    outer loop
      vertex 36 18.7563 11.9974
      vertex 36 17.3212 8.53284
      vertex 36 18.375 12.1854
    endloop
  endfacet
  facet normal -1 0 0
    outer loop
      vertex 36 16.5 8.93782
      vertex 36 18.375 12.1854
      vertex 36 17.3212 8.53284
    endloop
  endfacet
  facet normal -1 -0 0
    outer loop
      vertex 36 18.375 12.1854
      vertex 36 16.5 8.93782
      vertex 36 18.0215 12.4216
    endloop
  endfacet
  facet normal -1 0 0
    outer loop
      vertex 36 15.7387 9.44653
      vertex 36 18.0215 12.4216
      vertex 36 16.5 8.93782
    endloop
  endfacet
  facet normal -1 -0 0
    outer loop
      vertex 36 18.0215 12.4216
      vertex 36 15.7387 9.44653
      vertex 36 17.7019 12.7019
    endloop
  endfacet
  facet normal -1 0 0
    outer loop
      vertex 36 15.0503 10.0503
      vertex 36 17.7019 12.7019
      vertex 36 15.7387 9.44653
    endloop
  endfacet
  facet normal -1 -0 0
    outer loop
      vertex 36 17.7019 12.7019
      vertex 36 15.0503 10.0503
      vertex 36 17.4216 13.0215
    endloop
  endfacet
  facet normal -1 0 0
    outer loop
      vertex 36 14.4465 10.7387
      vertex 36 17.4216 13.0215
      vertex 36 15.0503 10.0503
    endloop
  endfacet
  facet normal -1 0 0
    outer loop
      vertex 36 13.9378 11.5
      vertex 36 17.1854 13.375
      vertex 36 14.4465 10.7387
    endloop
  endfacet
  facet normal -1 -0 0
    outer loop
      vertex 36 17.4216 13.0215
      vertex 36 14.4465 10.7387
      vertex 36 17.1854 13.375
    endloop
  endfacet
  facet normal -1 -0 0
    outer loop
      vertex 36 26.0622 18.5
      vertex 36 22.8146 16.625
      vertex 36 25.5535 19.2613
    endloop
  endfacet
  facet normal -1 0 0
    outer loop
      vertex 36 22.5784 16.9785
      vertex 36 25.5535 19.2613
      vertex 36 22.8146 16.625
    endloop
  endfacet
  facet normal -1 -0 0
    outer loop
      vertex 36 25.5535 19.2613
      vertex 36 22.5784 16.9785
      vertex 36 24.9497 19.9497
    endloop
  endfacet
  facet normal -1 0 0
    outer loop
      vertex 36 22.2981 17.2981
      vertex 36 24.9497 19.9497
      vertex 36 22.5784 16.9785
    endloop
  endfacet
  facet normal -1 -0 0
    outer loop
      vertex 36 24.9497 19.9497
      vertex 36 22.2981 17.2981
      vertex 36 24.2613 20.5535
    endloop
  endfacet
  facet normal -1 0 0
    outer loop
      vertex 36 21.9785 17.5784
      vertex 36 24.2613 20.5535
      vertex 36 22.2981 17.2981
    endloop
  endfacet
  facet normal -1 -0 0
    outer loop
      vertex 36 24.2613 20.5535
      vertex 36 21.9785 17.5784
      vertex 36 23.5 21.0622
    endloop
  endfacet
  facet normal -1 0 0
    outer loop
      vertex 36 21.625 17.8146
      vertex 36 23.5 21.0622
      vertex 36 21.9785 17.5784
    endloop
  endfacet
  facet normal -1 -0 0
    outer loop
      vertex 36 23.5 21.0622
      vertex 36 21.625 17.8146
      vertex 36 22.6788 21.4672
    endloop
  endfacet
  facet normal -1 0 0
    outer loop
      vertex 36 21.2437 18.0026
      vertex 36 22.6788 21.4672
      vertex 36 21.625 17.8146
    endloop
  endfacet
  facet normal -1 -0 0
    outer loop
      vertex 36 22.6788 21.4672
      vertex 36 21.2437 18.0026
      vertex 36 21.8117 21.7615
    endloop
  endfacet
  facet normal -1 0 0
    outer loop
      vertex 36 20.8412 18.1393
      vertex 36 21.8117 21.7615
      vertex 36 21.2437 18.0026
    endloop
  endfacet
  facet normal -1 -0 0
    outer loop
      vertex 36 21.8117 21.7615
      vertex 36 20.8412 18.1393
      vertex 36 20.9137 21.9401
    endloop
  endfacet
  facet normal -1 0 0
    outer loop
      vertex 36 20.4242 18.2222
      vertex 36 20.9137 21.9401
      vertex 36 20.8412 18.1393
    endloop
  endfacet
  facet normal -1 0 0
    outer loop
      vertex 36 20 18.25
      vertex 36 20.9137 21.9401
      vertex 36 20.4242 18.2222
    endloop
  endfacet
  facet normal -1 0 0
    outer loop
      vertex 36 20 18.25
      vertex 36 20 22
      vertex 36 20.9137 21.9401
    endloop
  endfacet
  facet normal -1 0 0
    outer loop
      vertex 36 19.5758 18.2222
      vertex 36 20 22
      vertex 36 20 18.25
    endloop
  endfacet
  facet normal -1 0 0
    outer loop
      vertex 36 19.0863 21.9401
      vertex 36 19.5758 18.2222
      vertex 36 19.1588 18.1393
    endloop
  endfacet
  facet normal -1 0 0
    outer loop
      vertex 36 19.5758 18.2222
      vertex 36 19.0863 21.9401
      vertex 36 20 22
    endloop
  endfacet
  facet normal -1 0 0
    outer loop
      vertex 36 18.1883 21.7615
      vertex 36 19.1588 18.1393
      vertex 36 18.7563 18.0026
    endloop
  endfacet
  facet normal -1 0 0
    outer loop
      vertex 36 17.3212 21.4672
      vertex 36 18.7563 18.0026
      vertex 36 18.375 17.8146
    endloop
  endfacet
  facet normal -1 0 0
    outer loop
      vertex 36 19.1588 18.1393
      vertex 36 18.1883 21.7615
      vertex 36 19.0863 21.9401
    endloop
  endfacet
  facet normal -1 0 0
    outer loop
      vertex 36 16.5 21.0622
      vertex 36 18.375 17.8146
      vertex 36 18.0215 17.5784
    endloop
  endfacet
  facet normal -1 0 0
    outer loop
      vertex 36 15.7387 20.5535
      vertex 36 18.0215 17.5784
      vertex 36 17.7019 17.2981
    endloop
  endfacet
  facet normal -1 0 0
    outer loop
      vertex 36 15.0503 19.9497
      vertex 36 17.7019 17.2981
      vertex 36 17.4216 16.9785
    endloop
  endfacet
  facet normal -1 0 0
    outer loop
      vertex 36 18.7563 18.0026
      vertex 36 17.3212 21.4672
      vertex 36 18.1883 21.7615
    endloop
  endfacet
  facet normal -1 0 0
    outer loop
      vertex 36 14.4465 19.2613
      vertex 36 17.4216 16.9785
      vertex 36 17.1854 16.625
    endloop
  endfacet
  facet normal -1 0 0
    outer loop
      vertex 36 13.9378 18.5
      vertex 36 17.1854 16.625
      vertex 36 16.9974 16.2437
    endloop
  endfacet
  facet normal -1 0 0
    outer loop
      vertex 36 13.5328 17.6788
      vertex 36 16.9974 16.2437
      vertex 36 16.8607 15.8412
    endloop
  endfacet
  facet normal -1 0 0
    outer loop
      vertex 36 13.2385 16.8117
      vertex 36 16.8607 15.8412
      vertex 36 16.7778 15.4242
    endloop
  endfacet
  facet normal -1 0 0
    outer loop
      vertex 36 18.375 17.8146
      vertex 36 16.5 21.0622
      vertex 36 17.3212 21.4672
    endloop
  endfacet
  facet normal -1 0 0
    outer loop
      vertex 36 13.0599 15.9137
      vertex 36 16.7778 15.4242
      vertex 36 16.75 15
    endloop
  endfacet
  facet normal -1 -0 0
    outer loop
      vertex 36 17.1854 13.375
      vertex 36 13.9378 11.5
      vertex 36 16.9974 13.7563
    endloop
  endfacet
  facet normal -1 0 0
    outer loop
      vertex 36 13.5328 12.3212
      vertex 36 16.9974 13.7563
      vertex 36 13.9378 11.5
    endloop
  endfacet
  facet normal -1 0 0
    outer loop
      vertex 36 18.0215 17.5784
      vertex 36 15.7387 20.5535
      vertex 36 16.5 21.0622
    endloop
  endfacet
  facet normal -1 -0 0
    outer loop
      vertex 36 16.9974 13.7563
      vertex 36 13.5328 12.3212
      vertex 36 16.8607 14.1588
    endloop
  endfacet
  facet normal -1 0 0
    outer loop
      vertex 36 17.7019 17.2981
      vertex 36 15.0503 19.9497
      vertex 36 15.7387 20.5535
    endloop
  endfacet
  facet normal -1 0 0
    outer loop
      vertex 36 13.2385 13.1883
      vertex 36 16.8607 14.1588
      vertex 36 13.5328 12.3212
    endloop
  endfacet
  facet normal -1 0 0
    outer loop
      vertex 36 17.4216 16.9785
      vertex 36 14.4465 19.2613
      vertex 36 15.0503 19.9497
    endloop
  endfacet
  facet normal -1 -0 0
    outer loop
      vertex 36 16.8607 14.1588
      vertex 36 13.2385 13.1883
      vertex 36 16.7778 14.5758
    endloop
  endfacet
  facet normal -1 0 0
    outer loop
      vertex 36 17.1854 16.625
      vertex 36 13.9378 18.5
      vertex 36 14.4465 19.2613
    endloop
  endfacet
  facet normal -1 0 0
    outer loop
      vertex 36 13.0599 14.0863
      vertex 36 16.7778 14.5758
      vertex 36 13.2385 13.1883
    endloop
  endfacet
  facet normal -1 0 0
    outer loop
      vertex 36 16.9974 16.2437
      vertex 36 13.5328 17.6788
      vertex 36 13.9378 18.5
    endloop
  endfacet
  facet normal -1 -0 0
    outer loop
      vertex 36 16.7778 14.5758
      vertex 36 13.0599 14.0863
      vertex 36 16.75 15
    endloop
  endfacet
  facet normal -1 0 0
    outer loop
      vertex 36 16.8607 15.8412
      vertex 36 13.2385 16.8117
      vertex 36 13.5328 17.6788
    endloop
  endfacet
  facet normal -1 0 0
    outer loop
      vertex 36 13 15
      vertex 36 16.75 15
      vertex 36 13.0599 14.0863
    endloop
  endfacet
  facet normal -1 0 0
    outer loop
      vertex 36 16.7778 15.4242
      vertex 36 13.0599 15.9137
      vertex 36 13.2385 16.8117
    endloop
  endfacet
  facet normal -1 0 0
    outer loop
      vertex 36 16.75 15
      vertex 36 13 15
      vertex 36 13.0599 15.9137
    endloop
  endfacet
  facet normal -1.85738e-18 -0.946944 0.3214
    outer loop
      vertex 24 26.4672 12.3212
      vertex 36 26.7615 13.1883
      vertex 24 26.7615 13.1883
    endloop
  endfacet
  facet normal -1.85738e-18 -0.946944 0.3214
    outer loop
      vertex 36 26.7615 13.1883
      vertex 24 26.4672 12.3212
      vertex 36 26.4672 12.3212
    endloop
  endfacet
  facet normal 1.93139e-19 0.997858 -0.0654172
    outer loop
      vertex 36 13 15
      vertex 24 13.0599 15.9137
      vertex 36 13.0599 15.9137
    endloop
  endfacet
  facet normal 1.93139e-19 0.997858 -0.0654172
    outer loop
      vertex 24 13.0599 15.9137
      vertex 36 13 15
      vertex 24 13 15
    endloop
  endfacet
  facet normal 7.86904e-19 0.831462 -0.555582
    outer loop
      vertex 36 13.9378 18.5
      vertex 24 14.4465 19.2613
      vertex 36 14.4465 19.2613
    endloop
  endfacet
  facet normal 7.86904e-19 0.831462 -0.555582
    outer loop
      vertex 24 14.4465 19.2613
      vertex 36 13.9378 18.5
      vertex 24 13.9378 18.5
    endloop
  endfacet
endsolid OpenSCAD_Model
