solid OpenSCAD_Model
  facet normal -0.980777 0 0.19513
    outer loop
      vertex 4.14207 0 9.56001
      vertex 4.18546 3 9.7781
      vertex 4.14207 3 9.56001
    endloop
  endfacet
  facet normal -0.980777 0 0.19513
    outer loop
      vertex 4.18546 3 9.7781
      vertex 4.14207 0 9.56001
      vertex 4.18546 0 9.7781
    endloop
  endfacet
  facet normal 0.659342 -2.52749e-18 0.751844
    outer loop
      vertex 1.29792 3 8.79792
      vertex 1.46511 0 8.6513
      vertex 1.46511 3 8.6513
    endloop
  endfacet
  facet normal 0.659342 -2.52749e-18 0.751844
    outer loop
      vertex 1.46511 0 8.6513
      vertex 1.29792 3 8.79792
      vertex 1.29792 0 8.79792
    endloop
  endfacet
  facet normal -0.896878 0 0.442278
    outer loop
      vertex 3.97224 0 9.15
      vertex 4.07059 3 9.34944
      vertex 3.97224 3 9.15
    endloop
  endfacet
  facet normal -0.896878 0 0.442278
    outer loop
      vertex 4.07059 3 9.34944
      vertex 3.97224 0 9.15
      vertex 4.07059 0 9.34944
    endloop
  endfacet
  facet normal -0.751863 0 -0.659319
    outer loop
      vertex 3.8487 0 11.0349
      vertex 3.70208 3 11.2021
      vertex 3.8487 3 11.0349
    endloop
  endfacet
  facet normal -0.751863 -0 -0.659319
    outer loop
      vertex 3.70208 3 11.2021
      vertex 3.8487 0 11.0349
      vertex 3.70208 0 11.2021
    endloop
  endfacet
  facet normal -0.555447 1.27723e-18 -0.831552
    outer loop
      vertex 3.35 0 11.4722
      vertex 3.53489 3 11.3487
      vertex 3.53489 0 11.3487
    endloop
  endfacet
  facet normal -0.555447 1.27723e-18 -0.831552
    outer loop
      vertex 3.53489 3 11.3487
      vertex 3.35 0 11.4722
      vertex 3.35 3 11.4722
    endloop
  endfacet
  facet normal 0.321525 1.2691e-18 -0.946901
    outer loop
      vertex 1.84944 0 11.5706
      vertex 2.06001 3 11.6421
      vertex 2.06001 0 11.6421
    endloop
  endfacet
  facet normal 0.321525 1.2691e-18 -0.946901
    outer loop
      vertex 2.06001 3 11.6421
      vertex 1.84944 0 11.5706
      vertex 1.84944 3 11.5706
    endloop
  endfacet
  facet normal -0.659342 -6.77766e-19 0.751844
    outer loop
      vertex 3.53489 3 8.6513
      vertex 3.70208 0 8.79792
      vertex 3.70208 3 8.79792
    endloop
  endfacet
  facet normal -0.659342 -6.77766e-19 0.751844
    outer loop
      vertex 3.70208 0 8.79792
      vertex 3.53489 3 8.6513
      vertex 3.53489 0 8.6513
    endloop
  endfacet
  facet normal -0.99786 0 0.0653848
    outer loop
      vertex 4.18546 0 9.7781
      vertex 4.2 3 10
      vertex 4.18546 3 9.7781
    endloop
  endfacet
  facet normal -0.99786 0 0.0653848
    outer loop
      vertex 4.2 3 10
      vertex 4.18546 0 9.7781
      vertex 4.2 0 10
    endloop
  endfacet
  facet normal 0.442459 -1.79831e-18 -0.896789
    outer loop
      vertex 1.65 0 11.4722
      vertex 1.84944 3 11.5706
      vertex 1.84944 0 11.5706
    endloop
  endfacet
  facet normal 0.442459 -1.79831e-18 -0.896789
    outer loop
      vertex 1.84944 3 11.5706
      vertex 1.65 0 11.4722
      vertex 1.65 3 11.4722
    endloop
  endfacet
  facet normal 0.980787 0 -0.195083
    outer loop
      vertex 0.857925 0 10.44
      vertex 0.814544 3 10.2219
      vertex 0.857925 3 10.44
    endloop
  endfacet
  facet normal 0.980787 0 -0.195083
    outer loop
      vertex 0.814544 3 10.2219
      vertex 0.857925 0 10.44
      vertex 0.814544 0 10.2219
    endloop
  endfacet
  facet normal 0.442314 1.00168e-18 0.89686
    outer loop
      vertex 1.65 3 8.52776
      vertex 1.84944 0 8.4294
      vertex 1.84944 3 8.4294
    endloop
  endfacet
  facet normal 0.442314 1.00168e-18 0.89686
    outer loop
      vertex 1.84944 0 8.4294
      vertex 1.65 3 8.52776
      vertex 1.65 0 8.52776
    endloop
  endfacet
  facet normal -0.0652086 3.42442e-20 -0.997872
    outer loop
      vertex 2.5 0 11.7
      vertex 2.72189 3 11.6855
      vertex 2.72189 0 11.6855
    endloop
  endfacet
  facet normal -0.0652086 3.42442e-20 -0.997872
    outer loop
      vertex 2.72189 3 11.6855
      vertex 2.5 0 11.7
      vertex 2.5 3 11.7
    endloop
  endfacet
  facet normal -0.321404 1.01462e-18 0.946942
    outer loop
      vertex 2.93999 3 8.35793
      vertex 3.15056 0 8.4294
      vertex 3.15056 3 8.4294
    endloop
  endfacet
  facet normal -0.321404 1.01462e-18 0.946942
    outer loop
      vertex 3.15056 0 8.4294
      vertex 2.93999 3 8.35793
      vertex 2.93999 0 8.35793
    endloop
  endfacet
  facet normal 0.0653848 -4.41688e-20 0.99786
    outer loop
      vertex 2.2781 3 8.31454
      vertex 2.5 0 8.3
      vertex 2.5 3 8.3
    endloop
  endfacet
  facet normal 0.0653848 -4.41688e-20 0.99786
    outer loop
      vertex 2.5 0 8.3
      vertex 2.2781 3 8.31454
      vertex 2.2781 0 8.31454
    endloop
  endfacet
  facet normal 0.946944 0 -0.321399
    outer loop
      vertex 0.929404 0 10.6506
      vertex 0.857925 3 10.44
      vertex 0.929404 3 10.6506
    endloop
  endfacet
  facet normal 0.946944 0 -0.321399
    outer loop
      vertex 0.857925 3 10.44
      vertex 0.929404 0 10.6506
      vertex 0.857925 0 10.44
    endloop
  endfacet
  facet normal 0.321404 -1.01462e-18 0.946942
    outer loop
      vertex 1.84944 3 8.4294
      vertex 2.06001 0 8.35793
      vertex 2.06001 3 8.35793
    endloop
  endfacet
  facet normal 0.321404 -1.01462e-18 0.946942
    outer loop
      vertex 2.06001 0 8.35793
      vertex 1.84944 3 8.4294
      vertex 1.84944 0 8.4294
    endloop
  endfacet
  facet normal -0.946943 0 -0.321403
    outer loop
      vertex 4.14207 0 10.44
      vertex 4.07059 3 10.6506
      vertex 4.14207 3 10.44
    endloop
  endfacet
  facet normal -0.946943 -0 -0.321403
    outer loop
      vertex 4.07059 3 10.6506
      vertex 4.14207 0 10.44
      vertex 4.07059 0 10.6506
    endloop
  endfacet
  facet normal -0.195122 -8.4743e-19 0.980779
    outer loop
      vertex 2.72189 3 8.31454
      vertex 2.93999 0 8.35793
      vertex 2.93999 3 8.35793
    endloop
  endfacet
  facet normal -0.195122 -8.4743e-19 0.980779
    outer loop
      vertex 2.93999 0 8.35793
      vertex 2.72189 3 8.31454
      vertex 2.72189 0 8.31454
    endloop
  endfacet
  facet normal -0.99786 0 -0.0653848
    outer loop
      vertex 4.2 0 10
      vertex 4.18546 3 10.2219
      vertex 4.2 3 10
    endloop
  endfacet
  facet normal -0.99786 -0 -0.0653848
    outer loop
      vertex 4.18546 3 10.2219
      vertex 4.2 0 10
      vertex 4.18546 0 10.2219
    endloop
  endfacet
  facet normal -0.659291 -1.3608e-18 -0.751888
    outer loop
      vertex 3.53489 0 11.3487
      vertex 3.70208 3 11.2021
      vertex 3.70208 0 11.2021
    endloop
  endfacet
  facet normal -0.659291 -1.3608e-18 -0.751888
    outer loop
      vertex 3.70208 3 11.2021
      vertex 3.53489 0 11.3487
      vertex 3.53489 3 11.3487
    endloop
  endfacet
  facet normal -0.555572 -1.80807e-18 0.831469
    outer loop
      vertex 3.35 3 8.52776
      vertex 3.53489 0 8.6513
      vertex 3.53489 3 8.6513
    endloop
  endfacet
  facet normal -0.555572 -1.80807e-18 0.831469
    outer loop
      vertex 3.53489 0 8.6513
      vertex 3.35 3 8.52776
      vertex 3.35 0 8.52776
    endloop
  endfacet
  facet normal -0.751844 0 0.659342
    outer loop
      vertex 3.70208 0 8.79792
      vertex 3.8487 3 8.96511
      vertex 3.70208 3 8.79792
    endloop
  endfacet
  facet normal -0.751844 0 0.659342
    outer loop
      vertex 3.8487 3 8.96511
      vertex 3.70208 0 8.79792
      vertex 3.8487 0 8.96511
    endloop
  endfacet
  facet normal -0.321525 -1.2691e-18 -0.946901
    outer loop
      vertex 2.93999 0 11.6421
      vertex 3.15056 3 11.5706
      vertex 3.15056 0 11.5706
    endloop
  endfacet
  facet normal -0.321525 -1.2691e-18 -0.946901
    outer loop
      vertex 3.15056 3 11.5706
      vertex 2.93999 0 11.6421
      vertex 2.93999 3 11.6421
    endloop
  endfacet
  facet normal -0.831469 0 0.555572
    outer loop
      vertex 3.8487 0 8.96511
      vertex 3.97224 3 9.15
      vertex 3.8487 3 8.96511
    endloop
  endfacet
  facet normal -0.831469 0 0.555572
    outer loop
      vertex 3.97224 3 9.15
      vertex 3.8487 0 8.96511
      vertex 3.97224 0 9.15
    endloop
  endfacet
  facet normal 0.997859 -0 0.0654072
    outer loop
      vertex 0.799999 0 10
      vertex 0.814544 3 9.7781
      vertex 0.799999 3 10
    endloop
  endfacet
  facet normal 0.997859 0 0.0654072
    outer loop
      vertex 0.814544 3 9.7781
      vertex 0.799999 0 10
      vertex 0.814544 0 9.7781
    endloop
  endfacet
  facet normal 0.195173 -1.25654e-18 -0.980769
    outer loop
      vertex 2.06001 0 11.6421
      vertex 2.2781 3 11.6855
      vertex 2.2781 0 11.6855
    endloop
  endfacet
  facet normal 0.195173 -1.25654e-18 -0.980769
    outer loop
      vertex 2.2781 3 11.6855
      vertex 2.06001 0 11.6421
      vertex 2.06001 3 11.6421
    endloop
  endfacet
  facet normal 0.659291 -6.28035e-19 -0.751888
    outer loop
      vertex 1.29792 0 11.2021
      vertex 1.46511 3 11.3487
      vertex 1.46511 0 11.3487
    endloop
  endfacet
  facet normal 0.659291 -6.28035e-19 -0.751888
    outer loop
      vertex 1.46511 3 11.3487
      vertex 1.29792 0 11.2021
      vertex 1.29792 3 11.2021
    endloop
  endfacet
  facet normal 0.94693 -0 0.32144
    outer loop
      vertex 0.857925 0 9.56001
      vertex 0.929404 3 9.34944
      vertex 0.857925 3 9.56001
    endloop
  endfacet
  facet normal 0.94693 0 0.32144
    outer loop
      vertex 0.929404 3 9.34944
      vertex 0.857925 0 9.56001
      vertex 0.929404 0 9.34944
    endloop
  endfacet
  facet normal -0.442314 -1.00168e-18 0.89686
    outer loop
      vertex 3.15056 3 8.4294
      vertex 3.35 0 8.52776
      vertex 3.35 3 8.52776
    endloop
  endfacet
  facet normal -0.442314 -1.00168e-18 0.89686
    outer loop
      vertex 3.35 0 8.52776
      vertex 3.15056 3 8.4294
      vertex 3.15056 0 8.4294
    endloop
  endfacet
  facet normal 0.19513 1.09937e-18 0.980777
    outer loop
      vertex 2.06001 3 8.35793
      vertex 2.2781 0 8.31454
      vertex 2.2781 3 8.31454
    endloop
  endfacet
  facet normal 0.19513 1.09937e-18 0.980777
    outer loop
      vertex 2.2781 0 8.31454
      vertex 2.06001 3 8.35793
      vertex 2.06001 0 8.35793
    endloop
  endfacet
  facet normal 0.896867 -0 0.4423
    outer loop
      vertex 0.929404 0 9.34944
      vertex 1.02776 3 9.15
      vertex 0.929404 3 9.34944
    endloop
  endfacet
  facet normal 0.896867 0 0.4423
    outer loop
      vertex 1.02776 3 9.15
      vertex 0.929404 0 9.34944
      vertex 1.02776 0 9.15
    endloop
  endfacet
  facet normal -0.442459 1.79831e-18 -0.896789
    outer loop
      vertex 3.15056 0 11.5706
      vertex 3.35 3 11.4722
      vertex 3.35 0 11.4722
    endloop
  endfacet
  facet normal -0.442459 1.79831e-18 -0.896789
    outer loop
      vertex 3.35 3 11.4722
      vertex 3.15056 0 11.5706
      vertex 3.15056 3 11.5706
    endloop
  endfacet
  facet normal -0.946929 0 0.321444
    outer loop
      vertex 4.07059 0 9.34944
      vertex 4.14207 3 9.56001
      vertex 4.07059 3 9.34944
    endloop
  endfacet
  facet normal -0.946929 0 0.321444
    outer loop
      vertex 4.14207 3 9.56001
      vertex 4.07059 0 9.34944
      vertex 4.14207 0 9.56001
    endloop
  endfacet
  facet normal 0.751863 0 -0.659319
    outer loop
      vertex 1.29792 0 11.2021
      vertex 1.1513 3 11.0349
      vertex 1.29792 3 11.2021
    endloop
  endfacet
  facet normal 0.751863 0 -0.659319
    outer loop
      vertex 1.1513 3 11.0349
      vertex 1.29792 0 11.2021
      vertex 1.1513 0 11.0349
    endloop
  endfacet
  facet normal -0.195165 4.10334e-19 -0.98077
    outer loop
      vertex 2.72189 0 11.6855
      vertex 2.93999 3 11.6421
      vertex 2.93999 0 11.6421
    endloop
  endfacet
  facet normal -0.195165 4.10334e-19 -0.98077
    outer loop
      vertex 2.93999 3 11.6421
      vertex 2.72189 0 11.6855
      vertex 2.72189 3 11.6855
    endloop
  endfacet
  facet normal -0.896843 0 -0.442349
    outer loop
      vertex 4.07059 0 10.6506
      vertex 3.97224 3 10.85
      vertex 4.07059 3 10.6506
    endloop
  endfacet
  facet normal -0.896843 -0 -0.442349
    outer loop
      vertex 3.97224 3 10.85
      vertex 4.07059 0 10.6506
      vertex 3.97224 0 10.85
    endloop
  endfacet
  facet normal -0.831483 0 -0.555551
    outer loop
      vertex 3.97224 0 10.85
      vertex 3.8487 3 11.0349
      vertex 3.97224 3 10.85
    endloop
  endfacet
  facet normal -0.831483 -0 -0.555551
    outer loop
      vertex 3.8487 3 11.0349
      vertex 3.97224 0 10.85
      vertex 3.8487 0 11.0349
    endloop
  endfacet
  facet normal -0.980779 0 -0.195122
    outer loop
      vertex 4.18546 0 10.2219
      vertex 4.14207 3 10.44
      vertex 4.18546 3 10.2219
    endloop
  endfacet
  facet normal -0.980779 -0 -0.195122
    outer loop
      vertex 4.14207 3 10.44
      vertex 4.18546 0 10.2219
      vertex 4.14207 0 10.44
    endloop
  endfacet
  facet normal -0.0653877 1.53635e-19 0.99786
    outer loop
      vertex 2.5 3 8.3
      vertex 2.72189 0 8.31454
      vertex 2.72189 3 8.31454
    endloop
  endfacet
  facet normal -0.0653877 1.53635e-19 0.99786
    outer loop
      vertex 2.72189 0 8.31454
      vertex 2.5 3 8.3
      vertex 2.5 0 8.3
    endloop
  endfacet
  facet normal 0.980785 -0 0.195091
    outer loop
      vertex 0.814544 0 9.7781
      vertex 0.857925 3 9.56001
      vertex 0.814544 3 9.7781
    endloop
  endfacet
  facet normal 0.980785 0 0.195091
    outer loop
      vertex 0.857925 3 9.56001
      vertex 0.814544 0 9.7781
      vertex 0.857925 0 9.56001
    endloop
  endfacet
  facet normal 0.751844 -0 0.659342
    outer loop
      vertex 1.1513 0 8.96511
      vertex 1.29792 3 8.79792
      vertex 1.1513 3 8.96511
    endloop
  endfacet
  facet normal 0.751844 0 0.659342
    outer loop
      vertex 1.29792 3 8.79792
      vertex 1.1513 0 8.96511
      vertex 1.29792 0 8.79792
    endloop
  endfacet
  facet normal 0.831469 -0 0.555572
    outer loop
      vertex 1.02776 0 9.15
      vertex 1.1513 3 8.96511
      vertex 1.02776 3 9.15
    endloop
  endfacet
  facet normal 0.831469 0 0.555572
    outer loop
      vertex 1.1513 3 8.96511
      vertex 1.02776 0 9.15
      vertex 1.1513 0 8.96511
    endloop
  endfacet
  facet normal 0.0652057 7.95323e-20 -0.997872
    outer loop
      vertex 2.2781 0 11.6855
      vertex 2.5 3 11.7
      vertex 2.5 0 11.7
    endloop
  endfacet
  facet normal 0.0652057 7.95323e-20 -0.997872
    outer loop
      vertex 2.5 3 11.7
      vertex 2.2781 0 11.6855
      vertex 2.2781 3 11.6855
    endloop
  endfacet
  facet normal 0.896832 0 -0.442371
    outer loop
      vertex 1.02776 0 10.85
      vertex 0.929404 3 10.6506
      vertex 1.02776 3 10.85
    endloop
  endfacet
  facet normal 0.896832 0 -0.442371
    outer loop
      vertex 0.929404 3 10.6506
      vertex 1.02776 0 10.85
      vertex 0.929404 0 10.6506
    endloop
  endfacet
  facet normal 0.831483 0 -0.555551
    outer loop
      vertex 1.1513 0 11.0349
      vertex 1.02776 3 10.85
      vertex 1.1513 3 11.0349
    endloop
  endfacet
  facet normal 0.831483 0 -0.555551
    outer loop
      vertex 1.02776 3 10.85
      vertex 1.1513 0 11.0349
      vertex 1.02776 0 10.85
    endloop
  endfacet
  facet normal 0.997859 0 -0.0654072
    outer loop
      vertex 0.814544 0 10.2219
      vertex 0.799999 3 10
      vertex 0.814544 3 10.2219
    endloop
  endfacet
  facet normal 0.997859 0 -0.0654072
    outer loop
      vertex 0.799999 3 10
      vertex 0.814544 0 10.2219
      vertex 0.799999 0 10
    endloop
  endfacet
  facet normal 0.555572 2.29404e-18 0.831469
    outer loop
      vertex 1.46511 3 8.6513
      vertex 1.65 0 8.52776
      vertex 1.65 3 8.52776
    endloop
  endfacet
  facet normal 0.555572 2.29404e-18 0.831469
    outer loop
      vertex 1.65 0 8.52776
      vertex 1.46511 3 8.6513
      vertex 1.46511 0 8.6513
    endloop
  endfacet
  facet normal 0.555447 -1.77656e-18 -0.831552
    outer loop
      vertex 1.46511 0 11.3487
      vertex 1.65 3 11.4722
      vertex 1.65 0 11.4722
    endloop
  endfacet
  facet normal 0.555447 -1.77656e-18 -0.831552
    outer loop
      vertex 1.65 3 11.4722
      vertex 1.46511 0 11.3487
      vertex 1.46511 3 11.3487
    endloop
  endfacet
  facet normal -0.980769 0 0.195173
    outer loop
      vertex 15.1421 0 9.56001
      vertex 15.1855 3 9.7781
      vertex 15.1421 3 9.56001
    endloop
  endfacet
  facet normal -0.980769 0 0.195173
    outer loop
      vertex 15.1855 3 9.7781
      vertex 15.1421 0 9.56001
      vertex 15.1855 0 9.7781
    endloop
  endfacet
  facet normal 0.659319 1.35546e-18 0.751863
    outer loop
      vertex 12.2979 3 8.79792
      vertex 12.4651 0 8.6513
      vertex 12.4651 3 8.6513
    endloop
  endfacet
  facet normal 0.659319 1.35546e-18 0.751863
    outer loop
      vertex 12.4651 0 8.6513
      vertex 12.2979 3 8.79792
      vertex 12.2979 0 8.79792
    endloop
  endfacet
  facet normal -0.896789 0 0.442459
    outer loop
      vertex 14.9722 0 9.15
      vertex 15.0706 3 9.34944
      vertex 14.9722 3 9.15
    endloop
  endfacet
  facet normal -0.896789 0 0.442459
    outer loop
      vertex 15.0706 3 9.34944
      vertex 14.9722 0 9.15
      vertex 15.0706 0 9.34944
    endloop
  endfacet
  facet normal -0.751908 0 -0.659268
    outer loop
      vertex 14.8487 0 11.0349
      vertex 14.7021 3 11.2021
      vertex 14.8487 3 11.0349
    endloop
  endfacet
  facet normal -0.751908 -0 -0.659268
    outer loop
      vertex 14.7021 3 11.2021
      vertex 14.8487 0 11.0349
      vertex 14.7021 0 11.2021
    endloop
  endfacet
  facet normal -0.555426 -3.71353e-19 -0.831566
    outer loop
      vertex 14.35 0 11.4722
      vertex 14.5349 3 11.3487
      vertex 14.5349 0 11.3487
    endloop
  endfacet
  facet normal -0.555426 -3.71353e-19 -0.831566
    outer loop
      vertex 14.5349 3 11.3487
      vertex 14.35 0 11.4722
      vertex 14.35 3 11.4722
    endloop
  endfacet
  facet normal 0.321484 3.96354e-20 -0.946915
    outer loop
      vertex 12.8494 0 11.5706
      vertex 13.06 3 11.6421
      vertex 13.06 0 11.6421
    endloop
  endfacet
  facet normal 0.321484 3.96354e-20 -0.946915
    outer loop
      vertex 13.06 3 11.6421
      vertex 12.8494 0 11.5706
      vertex 12.8494 3 11.5706
    endloop
  endfacet
  facet normal -0.659319 -1.35546e-18 0.751863
    outer loop
      vertex 14.5349 3 8.6513
      vertex 14.7021 0 8.79792
      vertex 14.7021 3 8.79792
    endloop
  endfacet
  facet normal -0.659319 -1.35546e-18 0.751863
    outer loop
      vertex 14.7021 0 8.79792
      vertex 14.5349 3 8.6513
      vertex 14.5349 0 8.6513
    endloop
  endfacet
  facet normal -0.997872 0 0.0652057
    outer loop
      vertex 15.1855 0 9.7781
      vertex 15.2 3 10
      vertex 15.1855 3 9.7781
    endloop
  endfacet
  facet normal -0.997872 0 0.0652057
    outer loop
      vertex 15.2 3 10
      vertex 15.1855 0 9.7781
      vertex 15.2 0 10
    endloop
  endfacet
  facet normal 0.44253 -5.39626e-19 -0.896754
    outer loop
      vertex 12.65 0 11.4722
      vertex 12.8494 3 11.5706
      vertex 12.8494 0 11.5706
    endloop
  endfacet
  facet normal 0.44253 -5.39626e-19 -0.896754
    outer loop
      vertex 12.8494 3 11.5706
      vertex 12.65 0 11.4722
      vertex 12.65 3 11.4722
    endloop
  endfacet
  facet normal 0.98077 0 -0.195165
    outer loop
      vertex 11.8579 0 10.44
      vertex 11.8145 3 10.2219
      vertex 11.8579 3 10.44
    endloop
  endfacet
  facet normal 0.98077 0 -0.195165
    outer loop
      vertex 11.8145 3 10.2219
      vertex 11.8579 0 10.44
      vertex 11.8145 0 10.2219
    endloop
  endfacet
  facet normal 0.442386 5.8258e-19 0.896825
    outer loop
      vertex 12.65 3 8.52776
      vertex 12.8494 0 8.4294
      vertex 12.8494 3 8.4294
    endloop
  endfacet
  facet normal 0.442386 5.8258e-19 0.896825
    outer loop
      vertex 12.8494 0 8.4294
      vertex 12.65 3 8.52776
      vertex 12.65 0 8.52776
    endloop
  endfacet
  facet normal -0.0652057 -1.78344e-19 -0.997872
    outer loop
      vertex 13.5 0 11.7
      vertex 13.7219 3 11.6855
      vertex 13.7219 0 11.6855
    endloop
  endfacet
  facet normal -0.0652057 -1.78344e-19 -0.997872
    outer loop
      vertex 13.7219 3 11.6855
      vertex 13.5 0 11.7
      vertex 13.5 3 11.7
    endloop
  endfacet
  facet normal -0.321363 -4.02586e-19 0.946956
    outer loop
      vertex 13.94 3 8.35793
      vertex 14.1506 0 8.4294
      vertex 14.1506 3 8.4294
    endloop
  endfacet
  facet normal -0.321363 -4.02586e-19 0.946956
    outer loop
      vertex 14.1506 0 8.4294
      vertex 13.94 3 8.35793
      vertex 13.94 0 8.35793
    endloop
  endfacet
  facet normal 0.0653848 -1.16353e-19 0.99786
    outer loop
      vertex 13.2781 3 8.31454
      vertex 13.5 0 8.3
      vertex 13.5 3 8.3
    endloop
  endfacet
  facet normal 0.0653848 -1.16353e-19 0.99786
    outer loop
      vertex 13.5 0 8.3
      vertex 13.2781 3 8.31454
      vertex 13.2781 0 8.31454
    endloop
  endfacet
  facet normal 0.195165 -4.10334e-19 -0.98077
    outer loop
      vertex 13.06 0 11.6421
      vertex 13.2781 3 11.6855
      vertex 13.2781 0 11.6855
    endloop
  endfacet
  facet normal 0.195165 -4.10334e-19 -0.98077
    outer loop
      vertex 13.2781 3 11.6855
      vertex 13.06 0 11.6421
      vertex 13.06 3 11.6421
    endloop
  endfacet
  facet normal 0.946915 0 -0.321484
    outer loop
      vertex 11.9294 0 10.6506
      vertex 11.8579 3 10.44
      vertex 11.9294 3 10.6506
    endloop
  endfacet
  facet normal 0.946915 0 -0.321484
    outer loop
      vertex 11.8579 3 10.44
      vertex 11.9294 0 10.6506
      vertex 11.8579 0 10.44
    endloop
  endfacet
  facet normal 0.321363 4.02586e-19 0.946956
    outer loop
      vertex 12.8494 3 8.4294
      vertex 13.06 0 8.35793
      vertex 13.06 3 8.35793
    endloop
  endfacet
  facet normal 0.321363 4.02586e-19 0.946956
    outer loop
      vertex 13.06 0 8.35793
      vertex 12.8494 3 8.4294
      vertex 12.8494 0 8.4294
    endloop
  endfacet
  facet normal -0.946915 0 -0.321484
    outer loop
      vertex 15.1421 0 10.44
      vertex 15.0706 3 10.6506
      vertex 15.1421 3 10.44
    endloop
  endfacet
  facet normal -0.946915 -0 -0.321484
    outer loop
      vertex 15.0706 3 10.6506
      vertex 15.1421 0 10.44
      vertex 15.0706 0 10.6506
    endloop
  endfacet
  facet normal -0.195122 -8.4743e-19 0.980779
    outer loop
      vertex 13.7219 3 8.31454
      vertex 13.94 0 8.35793
      vertex 13.94 3 8.35793
    endloop
  endfacet
  facet normal -0.195122 -8.4743e-19 0.980779
    outer loop
      vertex 13.94 0 8.35793
      vertex 13.7219 3 8.31454
      vertex 13.7219 0 8.31454
    endloop
  endfacet
  facet normal -0.997872 0 -0.0652057
    outer loop
      vertex 15.2 0 10
      vertex 15.1855 3 10.2219
      vertex 15.2 3 10
    endloop
  endfacet
  facet normal -0.997872 -0 -0.0652057
    outer loop
      vertex 15.1855 3 10.2219
      vertex 15.2 0 10
      vertex 15.1855 0 10.2219
    endloop
  endfacet
  facet normal -0.659268 4.78943e-19 -0.751908
    outer loop
      vertex 14.5349 0 11.3487
      vertex 14.7021 3 11.2021
      vertex 14.7021 0 11.2021
    endloop
  endfacet
  facet normal -0.659268 4.78943e-19 -0.751908
    outer loop
      vertex 14.7021 3 11.2021
      vertex 14.5349 0 11.3487
      vertex 14.5349 3 11.3487
    endloop
  endfacet
  facet normal -0.555551 2.27069e-18 0.831483
    outer loop
      vertex 14.35 3 8.52776
      vertex 14.5349 0 8.6513
      vertex 14.5349 3 8.6513
    endloop
  endfacet
  facet normal -0.555551 2.27069e-18 0.831483
    outer loop
      vertex 14.5349 0 8.6513
      vertex 14.35 3 8.52776
      vertex 14.35 0 8.52776
    endloop
  endfacet
  facet normal -0.751888 0 0.659291
    outer loop
      vertex 14.7021 0 8.79792
      vertex 14.8487 3 8.96511
      vertex 14.7021 3 8.79792
    endloop
  endfacet
  facet normal -0.751888 0 0.659291
    outer loop
      vertex 14.8487 3 8.96511
      vertex 14.7021 0 8.79792
      vertex 14.8487 0 8.96511
    endloop
  endfacet
  facet normal -0.321484 -3.96354e-20 -0.946915
    outer loop
      vertex 13.94 0 11.6421
      vertex 14.1506 3 11.5706
      vertex 14.1506 0 11.5706
    endloop
  endfacet
  facet normal -0.321484 -3.96354e-20 -0.946915
    outer loop
      vertex 14.1506 3 11.5706
      vertex 13.94 0 11.6421
      vertex 13.94 3 11.6421
    endloop
  endfacet
  facet normal -0.831552 0 0.555447
    outer loop
      vertex 14.8487 0 8.96511
      vertex 14.9722 3 9.15
      vertex 14.8487 3 8.96511
    endloop
  endfacet
  facet normal -0.831552 0 0.555447
    outer loop
      vertex 14.9722 3 9.15
      vertex 14.8487 0 8.96511
      vertex 14.9722 0 9.15
    endloop
  endfacet
  facet normal 0.997872 -0 0.0652057
    outer loop
      vertex 11.8 0 10
      vertex 11.8145 3 9.7781
      vertex 11.8 3 10
    endloop
  endfacet
  facet normal 0.997872 0 0.0652057
    outer loop
      vertex 11.8145 3 9.7781
      vertex 11.8 0 10
      vertex 11.8145 0 9.7781
    endloop
  endfacet
  facet normal 0.659268 -4.78943e-19 -0.751908
    outer loop
      vertex 12.2979 0 11.2021
      vertex 12.4651 3 11.3487
      vertex 12.4651 0 11.3487
    endloop
  endfacet
  facet normal 0.659268 -4.78943e-19 -0.751908
    outer loop
      vertex 12.4651 3 11.3487
      vertex 12.2979 0 11.2021
      vertex 12.2979 3 11.2021
    endloop
  endfacet
  facet normal 0.946901 -0 0.321525
    outer loop
      vertex 11.8579 0 9.56001
      vertex 11.9294 3 9.34944
      vertex 11.8579 3 9.56001
    endloop
  endfacet
  facet normal 0.946901 0 0.321525
    outer loop
      vertex 11.9294 3 9.34944
      vertex 11.8579 0 9.56001
      vertex 11.9294 0 9.34944
    endloop
  endfacet
  facet normal -0.442386 -5.8258e-19 0.896825
    outer loop
      vertex 14.1506 3 8.4294
      vertex 14.35 0 8.52776
      vertex 14.35 3 8.52776
    endloop
  endfacet
  facet normal -0.442386 -5.8258e-19 0.896825
    outer loop
      vertex 14.35 0 8.52776
      vertex 14.1506 3 8.4294
      vertex 14.1506 0 8.4294
    endloop
  endfacet
  facet normal 0.195122 8.4743e-19 0.980779
    outer loop
      vertex 13.06 3 8.35793
      vertex 13.2781 0 8.31454
      vertex 13.2781 3 8.31454
    endloop
  endfacet
  facet normal 0.195122 8.4743e-19 0.980779
    outer loop
      vertex 13.2781 0 8.31454
      vertex 13.06 3 8.35793
      vertex 13.06 0 8.35793
    endloop
  endfacet
  facet normal 0.896789 -0 0.442459
    outer loop
      vertex 11.9294 0 9.34944
      vertex 12.0278 3 9.15
      vertex 11.9294 3 9.34944
    endloop
  endfacet
  facet normal 0.896789 0 0.442459
    outer loop
      vertex 12.0278 3 9.15
      vertex 11.9294 0 9.34944
      vertex 12.0278 0 9.15
    endloop
  endfacet
  facet normal -0.44253 5.39626e-19 -0.896754
    outer loop
      vertex 14.1506 0 11.5706
      vertex 14.35 3 11.4722
      vertex 14.35 0 11.4722
    endloop
  endfacet
  facet normal -0.44253 5.39626e-19 -0.896754
    outer loop
      vertex 14.35 3 11.4722
      vertex 14.1506 0 11.5706
      vertex 14.1506 3 11.5706
    endloop
  endfacet
  facet normal -0.946901 0 0.321525
    outer loop
      vertex 15.0706 0 9.34944
      vertex 15.1421 3 9.56001
      vertex 15.0706 3 9.34944
    endloop
  endfacet
  facet normal -0.946901 0 0.321525
    outer loop
      vertex 15.1421 3 9.56001
      vertex 15.0706 0 9.34944
      vertex 15.1421 0 9.56001
    endloop
  endfacet
  facet normal 0.751908 0 -0.659268
    outer loop
      vertex 12.2979 0 11.2021
      vertex 12.1513 3 11.0349
      vertex 12.2979 3 11.2021
    endloop
  endfacet
  facet normal 0.751908 0 -0.659268
    outer loop
      vertex 12.1513 3 11.0349
      vertex 12.2979 0 11.2021
      vertex 12.1513 0 11.0349
    endloop
  endfacet
  facet normal -0.195165 4.10334e-19 -0.98077
    outer loop
      vertex 13.7219 0 11.6855
      vertex 13.94 3 11.6421
      vertex 13.94 0 11.6421
    endloop
  endfacet
  facet normal -0.195165 4.10334e-19 -0.98077
    outer loop
      vertex 13.94 3 11.6421
      vertex 13.7219 0 11.6855
      vertex 13.7219 3 11.6855
    endloop
  endfacet
  facet normal -0.896754 0 -0.44253
    outer loop
      vertex 15.0706 0 10.6506
      vertex 14.9722 3 10.85
      vertex 15.0706 3 10.6506
    endloop
  endfacet
  facet normal -0.896754 -0 -0.44253
    outer loop
      vertex 14.9722 3 10.85
      vertex 15.0706 0 10.6506
      vertex 14.9722 0 10.85
    endloop
  endfacet
  facet normal -0.831566 0 -0.555426
    outer loop
      vertex 14.9722 0 10.85
      vertex 14.8487 3 11.0349
      vertex 14.9722 3 10.85
    endloop
  endfacet
  facet normal -0.831566 -0 -0.555426
    outer loop
      vertex 14.8487 3 11.0349
      vertex 14.9722 0 10.85
      vertex 14.8487 0 11.0349
    endloop
  endfacet
  facet normal -0.98077 0 -0.195165
    outer loop
      vertex 15.1855 0 10.2219
      vertex 15.1421 3 10.44
      vertex 15.1855 3 10.2219
    endloop
  endfacet
  facet normal -0.98077 -0 -0.195165
    outer loop
      vertex 15.1421 3 10.44
      vertex 15.1855 0 10.2219
      vertex 15.1421 0 10.44
    endloop
  endfacet
  facet normal -0.0653848 1.16353e-19 0.99786
    outer loop
      vertex 13.5 3 8.3
      vertex 13.7219 0 8.31454
      vertex 13.7219 3 8.31454
    endloop
  endfacet
  facet normal -0.0653848 1.16353e-19 0.99786
    outer loop
      vertex 13.7219 0 8.31454
      vertex 13.5 3 8.3
      vertex 13.5 0 8.3
    endloop
  endfacet
  facet normal 0.980769 -0 0.195173
    outer loop
      vertex 11.8145 0 9.7781
      vertex 11.8579 3 9.56001
      vertex 11.8145 3 9.7781
    endloop
  endfacet
  facet normal 0.980769 0 0.195173
    outer loop
      vertex 11.8579 3 9.56001
      vertex 11.8145 0 9.7781
      vertex 11.8579 0 9.56001
    endloop
  endfacet
  facet normal 0.751888 -0 0.659291
    outer loop
      vertex 12.1513 0 8.96511
      vertex 12.2979 3 8.79792
      vertex 12.1513 3 8.96511
    endloop
  endfacet
  facet normal 0.751888 0 0.659291
    outer loop
      vertex 12.2979 3 8.79792
      vertex 12.1513 0 8.96511
      vertex 12.2979 0 8.79792
    endloop
  endfacet
  facet normal 0.831552 -0 0.555447
    outer loop
      vertex 12.0278 0 9.15
      vertex 12.1513 3 8.96511
      vertex 12.0278 3 9.15
    endloop
  endfacet
  facet normal 0.831552 0 0.555447
    outer loop
      vertex 12.1513 3 8.96511
      vertex 12.0278 0 9.15
      vertex 12.1513 0 8.96511
    endloop
  endfacet
  facet normal 0.0652057 1.78344e-19 -0.997872
    outer loop
      vertex 13.2781 0 11.6855
      vertex 13.5 3 11.7
      vertex 13.5 0 11.7
    endloop
  endfacet
  facet normal 0.0652057 1.78344e-19 -0.997872
    outer loop
      vertex 13.5 3 11.7
      vertex 13.2781 0 11.6855
      vertex 13.2781 3 11.6855
    endloop
  endfacet
  facet normal 0.896754 0 -0.44253
    outer loop
      vertex 12.0278 0 10.85
      vertex 11.9294 3 10.6506
      vertex 12.0278 3 10.85
    endloop
  endfacet
  facet normal 0.896754 0 -0.44253
    outer loop
      vertex 11.9294 3 10.6506
      vertex 12.0278 0 10.85
      vertex 11.9294 0 10.6506
    endloop
  endfacet
  facet normal 0.831566 0 -0.555426
    outer loop
      vertex 12.1513 0 11.0349
      vertex 12.0278 3 10.85
      vertex 12.1513 3 11.0349
    endloop
  endfacet
  facet normal 0.831566 0 -0.555426
    outer loop
      vertex 12.0278 3 10.85
      vertex 12.1513 0 11.0349
      vertex 12.0278 0 10.85
    endloop
  endfacet
  facet normal 0.997872 0 -0.0652057
    outer loop
      vertex 11.8145 0 10.2219
      vertex 11.8 3 10
      vertex 11.8145 3 10.2219
    endloop
  endfacet
  facet normal 0.997872 0 -0.0652057
    outer loop
      vertex 11.8 3 10
      vertex 11.8145 0 10.2219
      vertex 11.8 0 10
    endloop
  endfacet
  facet normal 0.555551 -2.27069e-18 0.831483
    outer loop
      vertex 12.4651 3 8.6513
      vertex 12.65 0 8.52776
      vertex 12.65 3 8.52776
    endloop
  endfacet
  facet normal 0.555551 -2.27069e-18 0.831483
    outer loop
      vertex 12.65 0 8.52776
      vertex 12.4651 3 8.6513
      vertex 12.4651 0 8.6513
    endloop
  endfacet
  facet normal 0.555426 3.71353e-19 -0.831566
    outer loop
      vertex 12.4651 0 11.3487
      vertex 12.65 3 11.4722
      vertex 12.65 0 11.4722
    endloop
  endfacet
  facet normal 0.555426 3.71353e-19 -0.831566
    outer loop
      vertex 12.65 3 11.4722
      vertex 12.4651 0 11.3487
      vertex 12.4651 3 11.3487
    endloop
  endfacet
  facet normal 1 -0 0
    outer loop
      vertex 16 0 20
      vertex 16 3 0
      vertex 16 3 20
    endloop
  endfacet
  facet normal 1 0 0
    outer loop
      vertex 16 3 0
      vertex 16 0 20
      vertex 16 0 0
    endloop
  endfacet
  facet normal -0 0 1
    outer loop
      vertex 0 3 20
      vertex 16 0 20
      vertex 16 3 20
    endloop
  endfacet
  facet normal 0 0 1
    outer loop
      vertex 16 0 20
      vertex 0 3 20
      vertex 0 0 20
    endloop
  endfacet
  facet normal 0 0 -1
    outer loop
      vertex 0 0 0
      vertex 16 3 0
      vertex 16 0 0
    endloop
  endfacet
  facet normal -0 0 -1
    outer loop
      vertex 16 3 0
      vertex 0 0 0
      vertex 0 3 0
    endloop
  endfacet
  facet normal -1 0 0
    outer loop
      vertex 0 0 0
      vertex 0 3 20
      vertex 0 3 0
    endloop
  endfacet
  facet normal -1 -0 0
    outer loop
      vertex 0 3 20
      vertex 0 0 0
      vertex 0 0 20
    endloop
  endfacet
  facet normal 0 1 0
    outer loop
      vertex 3.94311 3 12.913
      vertex 2.72189 3 11.6855
      vertex 2.5 3 11.7
    endloop
  endfacet
  facet normal 0 1 0
    outer loop
      vertex 4.11971 3 12.3927
      vertex 2.93999 3 11.6421
      vertex 2.72189 3 11.6855
    endloop
  endfacet
  facet normal 0 1 0
    outer loop
      vertex 4.11971 3 12.3927
      vertex 3.15056 3 11.5706
      vertex 2.93999 3 11.6421
    endloop
  endfacet
  facet normal 0 1 0
    outer loop
      vertex 4.11971 3 12.3927
      vertex 3.35 3 11.4722
      vertex 3.15056 3 11.5706
    endloop
  endfacet
  facet normal 0 1 0
    outer loop
      vertex 3.8487 3 11.0349
      vertex 4.36269 3 11.9
      vertex 4.66792 3 11.4432
    endloop
  endfacet
  facet normal 0 1 0
    outer loop
      vertex 4.36269 3 11.9
      vertex 3.53489 3 11.3487
      vertex 3.35 3 11.4722
    endloop
  endfacet
  facet normal 0 1 0
    outer loop
      vertex 4.36269 3 11.9
      vertex 3.70208 3 11.2021
      vertex 3.53489 3 11.3487
    endloop
  endfacet
  facet normal 0 1 0
    outer loop
      vertex 4.36269 3 11.9
      vertex 3.8487 3 11.0349
      vertex 3.70208 3 11.2021
    endloop
  endfacet
  facet normal 0 1 0
    outer loop
      vertex 4.07059 3 10.6506
      vertex 4.66792 3 11.4432
      vertex 5.03015 3 11.0302
    endloop
  endfacet
  facet normal 0 1 0
    outer loop
      vertex 4.66792 3 11.4432
      vertex 3.97224 3 10.85
      vertex 3.8487 3 11.0349
    endloop
  endfacet
  facet normal 0 1 0
    outer loop
      vertex 4.18546 3 10.2219
      vertex 5.03015 3 11.0302
      vertex 5.4432 3 10.6679
    endloop
  endfacet
  facet normal 0 1 0
    outer loop
      vertex 4.66792 3 11.4432
      vertex 4.07059 3 10.6506
      vertex 3.97224 3 10.85
    endloop
  endfacet
  facet normal 0 1 0
    outer loop
      vertex 5.03015 3 11.0302
      vertex 4.14207 3 10.44
      vertex 4.07059 3 10.6506
    endloop
  endfacet
  facet normal 0 1 0
    outer loop
      vertex 5.4432 3 9.33208
      vertex 5.4432 3 10.6679
      vertex 5.9 3 10.3627
    endloop
  endfacet
  facet normal 0 1 0
    outer loop
      vertex 5.03015 3 11.0302
      vertex 4.18546 3 10.2219
      vertex 4.14207 3 10.44
    endloop
  endfacet
  facet normal 0 1 0
    outer loop
      vertex 5.9 3 9.63731
      vertex 5.9 3 10.3627
      vertex 6.39273 3 10.1197
    endloop
  endfacet
  facet normal 0 1 0
    outer loop
      vertex 6.39273 3 9.88029
      vertex 6.39273 3 10.1197
      vertex 6.74537 3 10
    endloop
  endfacet
  facet normal 0 1 0
    outer loop
      vertex 5.9 3 9.63731
      vertex 6.39273 3 10.1197
      vertex 6.39273 3 9.88029
    endloop
  endfacet
  facet normal 0 1 0
    outer loop
      vertex 5.4432 3 9.33208
      vertex 5.9 3 10.3627
      vertex 5.9 3 9.63731
    endloop
  endfacet
  facet normal 0 1 0
    outer loop
      vertex 5.4432 3 10.6679
      vertex 5.4432 3 9.33208
      vertex 4.2 3 10
    endloop
  endfacet
  facet normal 0 1 0
    outer loop
      vertex 5.4432 3 10.6679
      vertex 4.2 3 10
      vertex 4.18546 3 10.2219
    endloop
  endfacet
  facet normal 0 1 0
    outer loop
      vertex 4.2 3 10
      vertex 5.4432 3 9.33208
      vertex 4.18546 3 9.7781
    endloop
  endfacet
  facet normal 0 1 -0
    outer loop
      vertex 5.03015 3 8.96985
      vertex 4.18546 3 9.7781
      vertex 5.4432 3 9.33208
    endloop
  endfacet
  facet normal 0 1 0
    outer loop
      vertex 4.18546 3 9.7781
      vertex 5.03015 3 8.96985
      vertex 4.14207 3 9.56001
    endloop
  endfacet
  facet normal 0 1 0
    outer loop
      vertex 4.14207 3 9.56001
      vertex 5.03015 3 8.96985
      vertex 4.07059 3 9.34944
    endloop
  endfacet
  facet normal 0 1 -0
    outer loop
      vertex 4.66792 3 8.5568
      vertex 4.07059 3 9.34944
      vertex 5.03015 3 8.96985
    endloop
  endfacet
  facet normal 0 1 0
    outer loop
      vertex 4.07059 3 9.34944
      vertex 4.66792 3 8.5568
      vertex 3.97224 3 9.15
    endloop
  endfacet
  facet normal 0 1 0
    outer loop
      vertex 3.97224 3 9.15
      vertex 4.66792 3 8.5568
      vertex 3.8487 3 8.96511
    endloop
  endfacet
  facet normal 0 1 -0
    outer loop
      vertex 4.36269 3 8.1
      vertex 3.8487 3 8.96511
      vertex 4.66792 3 8.5568
    endloop
  endfacet
  facet normal 0 1 0
    outer loop
      vertex 3.8487 3 8.96511
      vertex 4.36269 3 8.1
      vertex 3.70208 3 8.79792
    endloop
  endfacet
  facet normal 0 1 0
    outer loop
      vertex 3.70208 3 8.79792
      vertex 4.36269 3 8.1
      vertex 3.53489 3 8.6513
    endloop
  endfacet
  facet normal 0 1 0
    outer loop
      vertex 3.53489 3 8.6513
      vertex 4.36269 3 8.1
      vertex 3.35 3 8.52776
    endloop
  endfacet
  facet normal 0 1 -0
    outer loop
      vertex 4.11971 3 7.60727
      vertex 3.35 3 8.52776
      vertex 4.36269 3 8.1
    endloop
  endfacet
  facet normal 0 1 0
    outer loop
      vertex 3.35 3 8.52776
      vertex 4.11971 3 7.60727
      vertex 3.15056 3 8.4294
    endloop
  endfacet
  facet normal 0 1 -0
    outer loop
      vertex 3.94311 3 7.08704
      vertex 2.93999 3 8.35793
      vertex 4.11971 3 7.60727
    endloop
  endfacet
  facet normal 0 1 0
    outer loop
      vertex 3.15056 3 8.4294
      vertex 4.11971 3 7.60727
      vertex 2.93999 3 8.35793
    endloop
  endfacet
  facet normal 0 1 0
    outer loop
      vertex 16 3 20
      vertex 8 3 18.2
      vertex 0 3 20
    endloop
  endfacet
  facet normal 0 1 0
    outer loop
      vertex 16 3 20
      vertex 8.54821 3 18.1641
      vertex 8 3 18.2
    endloop
  endfacet
  facet normal 0 1 0
    outer loop
      vertex 16 3 20
      vertex 9.08704 3 18.0569
      vertex 8.54821 3 18.1641
    endloop
  endfacet
  facet normal 0 1 0
    outer loop
      vertex 16 3 20
      vertex 9.60727 3 17.8803
      vertex 9.08704 3 18.0569
    endloop
  endfacet
  facet normal 0 1 0
    outer loop
      vertex 16 3 20
      vertex 10.1 3 17.6373
      vertex 9.60727 3 17.8803
    endloop
  endfacet
  facet normal 0 1 0
    outer loop
      vertex 16 3 20
      vertex 10.5568 3 17.3321
      vertex 10.1 3 17.6373
    endloop
  endfacet
  facet normal 0 1 0
    outer loop
      vertex 16 3 20
      vertex 10.9698 3 16.9698
      vertex 10.5568 3 17.3321
    endloop
  endfacet
  facet normal 0 1 0
    outer loop
      vertex 16 3 20
      vertex 11.3321 3 16.5568
      vertex 10.9698 3 16.9698
    endloop
  endfacet
  facet normal 0 1 0
    outer loop
      vertex 16 3 20
      vertex 11.6373 3 16.1
      vertex 11.3321 3 16.5568
    endloop
  endfacet
  facet normal 0 1 0
    outer loop
      vertex 16 3 20
      vertex 11.8803 3 15.6073
      vertex 11.6373 3 16.1
    endloop
  endfacet
  facet normal 0 1 0
    outer loop
      vertex 16 3 20
      vertex 12.0569 3 15.087
      vertex 11.8803 3 15.6073
    endloop
  endfacet
  facet normal 0 1 0
    outer loop
      vertex 16 3 20
      vertex 12.1641 3 14.5482
      vertex 12.0569 3 15.087
    endloop
  endfacet
  facet normal 0 1 -0
    outer loop
      vertex 14.35 3 11.4722
      vertex 12.1641 3 14.5482
      vertex 16 3 20
    endloop
  endfacet
  facet normal -0 1 -0
    outer loop
      vertex 14.1506 3 11.5706
      vertex 12.1641 3 14.5482
      vertex 14.35 3 11.4722
    endloop
  endfacet
  facet normal -0 1 -0
    outer loop
      vertex 13.94 3 11.6421
      vertex 12.2 3 14
      vertex 14.1506 3 11.5706
    endloop
  endfacet
  facet normal 0 1 0
    outer loop
      vertex 12.2 3 14
      vertex 13.7219 3 11.6855
      vertex 12.1641 3 13.4518
    endloop
  endfacet
  facet normal 0 1 0
    outer loop
      vertex 12.1641 3 13.4518
      vertex 13.5 3 11.7
      vertex 12.0569 3 12.913
    endloop
  endfacet
  facet normal 0 1 -0
    outer loop
      vertex 13.06 3 11.6421
      vertex 12.0569 3 12.913
      vertex 13.2781 3 11.6855
    endloop
  endfacet
  facet normal 0 1 -0
    outer loop
      vertex 13.2781 3 11.6855
      vertex 12.0569 3 12.913
      vertex 13.5 3 11.7
    endloop
  endfacet
  facet normal -0 1 -0
    outer loop
      vertex 13.5 3 11.7
      vertex 12.1641 3 13.4518
      vertex 13.7219 3 11.6855
    endloop
  endfacet
  facet normal -0 1 -0
    outer loop
      vertex 13.7219 3 11.6855
      vertex 12.2 3 14
      vertex 13.94 3 11.6421
    endloop
  endfacet
  facet normal 0 1 0
    outer loop
      vertex 12.1641 3 14.5482
      vertex 14.1506 3 11.5706
      vertex 12.2 3 14
    endloop
  endfacet
  facet normal 0 1 0
    outer loop
      vertex 16 3 20
      vertex 14.5349 3 11.3487
      vertex 14.35 3 11.4722
    endloop
  endfacet
  facet normal 0 1 0
    outer loop
      vertex 16 3 20
      vertex 14.7021 3 11.2021
      vertex 14.5349 3 11.3487
    endloop
  endfacet
  facet normal 0 1 0
    outer loop
      vertex 16 3 20
      vertex 14.8487 3 11.0349
      vertex 14.7021 3 11.2021
    endloop
  endfacet
  facet normal 0 1 0
    outer loop
      vertex 16 3 20
      vertex 14.9722 3 10.85
      vertex 14.8487 3 11.0349
    endloop
  endfacet
  facet normal 0 1 0
    outer loop
      vertex 16 3 20
      vertex 15.0706 3 10.6506
      vertex 14.9722 3 10.85
    endloop
  endfacet
  facet normal 0 1 0
    outer loop
      vertex 16 3 20
      vertex 15.1421 3 10.44
      vertex 15.0706 3 10.6506
    endloop
  endfacet
  facet normal 0 1 0
    outer loop
      vertex 16 3 20
      vertex 15.1855 3 10.2219
      vertex 15.1421 3 10.44
    endloop
  endfacet
  facet normal 0 1 0
    outer loop
      vertex 16 3 20
      vertex 15.2 3 10
      vertex 15.1855 3 10.2219
    endloop
  endfacet
  facet normal 0 1 -0
    outer loop
      vertex 16 3 0
      vertex 15.2 3 10
      vertex 16 3 20
    endloop
  endfacet
  facet normal 0 1 0
    outer loop
      vertex 12.1641 3 6.54821
      vertex 13.5 3 8.3
      vertex 13.7219 3 8.31454
    endloop
  endfacet
  facet normal 0 1 0
    outer loop
      vertex 13.5 3 8.3
      vertex 11.8803 3 7.60727
      vertex 11.6373 3 8.1
    endloop
  endfacet
  facet normal 0 1 0
    outer loop
      vertex 12.2 3 6
      vertex 13.7219 3 8.31454
      vertex 13.94 3 8.35793
    endloop
  endfacet
  facet normal 0 1 0
    outer loop
      vertex 12.2 3 6
      vertex 13.94 3 8.35793
      vertex 14.1506 3 8.4294
    endloop
  endfacet
  facet normal 0 1 0
    outer loop
      vertex 13.5 3 8.3
      vertex 12.0569 3 7.08704
      vertex 11.8803 3 7.60727
    endloop
  endfacet
  facet normal 0 1 0
    outer loop
      vertex 12.1641 3 5.45179
      vertex 14.1506 3 8.4294
      vertex 14.35 3 8.52776
    endloop
  endfacet
  facet normal 0 1 0
    outer loop
      vertex 13.5 3 8.3
      vertex 12.1641 3 6.54821
      vertex 12.0569 3 7.08704
    endloop
  endfacet
  facet normal 0 1 0
    outer loop
      vertex 16 3 0
      vertex 14.35 3 8.52776
      vertex 14.5349 3 8.6513
    endloop
  endfacet
  facet normal 0 1 0
    outer loop
      vertex 16 3 0
      vertex 14.5349 3 8.6513
      vertex 14.7021 3 8.79792
    endloop
  endfacet
  facet normal 0 1 0
    outer loop
      vertex 13.7219 3 8.31454
      vertex 12.2 3 6
      vertex 12.1641 3 6.54821
    endloop
  endfacet
  facet normal 0 1 0
    outer loop
      vertex 14.1506 3 8.4294
      vertex 12.1641 3 5.45179
      vertex 12.2 3 6
    endloop
  endfacet
  facet normal 0 1 0
    outer loop
      vertex 16 3 0
      vertex 14.7021 3 8.79792
      vertex 14.8487 3 8.96511
    endloop
  endfacet
  facet normal 0 1 0
    outer loop
      vertex 14.35 3 8.52776
      vertex 16 3 0
      vertex 12.1641 3 5.45179
    endloop
  endfacet
  facet normal 0 1 0
    outer loop
      vertex 12.1641 3 5.45179
      vertex 16 3 0
      vertex 12.0569 3 4.91296
    endloop
  endfacet
  facet normal 0 1 0
    outer loop
      vertex 16 3 0
      vertex 14.8487 3 8.96511
      vertex 14.9722 3 9.15
    endloop
  endfacet
  facet normal 0 1 0
    outer loop
      vertex 12.0569 3 4.91296
      vertex 16 3 0
      vertex 11.8803 3 4.39273
    endloop
  endfacet
  facet normal 0 1 0
    outer loop
      vertex 8.54821 3 1.83593
      vertex 16 3 0
      vertex 8 3 1.8
    endloop
  endfacet
  facet normal 0 1 0
    outer loop
      vertex 9.08704 3 1.94311
      vertex 16 3 0
      vertex 8.54821 3 1.83593
    endloop
  endfacet
  facet normal 0 1 0
    outer loop
      vertex 9.60727 3 2.11971
      vertex 16 3 0
      vertex 9.08704 3 1.94311
    endloop
  endfacet
  facet normal 0 1 0
    outer loop
      vertex 10.1 3 2.36269
      vertex 16 3 0
      vertex 9.60727 3 2.11971
    endloop
  endfacet
  facet normal 0 1 0
    outer loop
      vertex 10.5568 3 2.66792
      vertex 16 3 0
      vertex 10.1 3 2.36269
    endloop
  endfacet
  facet normal 0 1 0
    outer loop
      vertex 10.9698 3 3.03015
      vertex 16 3 0
      vertex 10.5568 3 2.66792
    endloop
  endfacet
  facet normal 0 1 0
    outer loop
      vertex 11.3321 3 3.4432
      vertex 16 3 0
      vertex 10.9698 3 3.03015
    endloop
  endfacet
  facet normal 0 1 0
    outer loop
      vertex 11.6373 3 3.9
      vertex 16 3 0
      vertex 11.3321 3 3.4432
    endloop
  endfacet
  facet normal 0 1 0
    outer loop
      vertex 11.8803 3 4.39273
      vertex 16 3 0
      vertex 11.6373 3 3.9
    endloop
  endfacet
  facet normal 0 1 0
    outer loop
      vertex 15.0706 3 9.34944
      vertex 16 3 0
      vertex 14.9722 3 9.15
    endloop
  endfacet
  facet normal 0 1 0
    outer loop
      vertex 15.1421 3 9.56001
      vertex 16 3 0
      vertex 15.0706 3 9.34944
    endloop
  endfacet
  facet normal 0 1 0
    outer loop
      vertex 15.1855 3 9.7781
      vertex 16 3 0
      vertex 15.1421 3 9.56001
    endloop
  endfacet
  facet normal 0 1 0
    outer loop
      vertex 15.2 3 10
      vertex 16 3 0
      vertex 15.1855 3 9.7781
    endloop
  endfacet
  facet normal 0 1 -0
    outer loop
      vertex 7.45179 3 18.1641
      vertex 0 3 20
      vertex 8 3 18.2
    endloop
  endfacet
  facet normal 0 1 -0
    outer loop
      vertex 6.91296 3 18.0569
      vertex 0 3 20
      vertex 7.45179 3 18.1641
    endloop
  endfacet
  facet normal 0 1 -0
    outer loop
      vertex 6.39273 3 17.8803
      vertex 0 3 20
      vertex 6.91296 3 18.0569
    endloop
  endfacet
  facet normal 0 1 -0
    outer loop
      vertex 5.9 3 17.6373
      vertex 0 3 20
      vertex 6.39273 3 17.8803
    endloop
  endfacet
  facet normal 0 1 -0
    outer loop
      vertex 5.4432 3 17.3321
      vertex 0 3 20
      vertex 5.9 3 17.6373
    endloop
  endfacet
  facet normal 0 1 -0
    outer loop
      vertex 5.03015 3 16.9698
      vertex 0 3 20
      vertex 5.4432 3 17.3321
    endloop
  endfacet
  facet normal 0 1 -0
    outer loop
      vertex 4.66792 3 16.5568
      vertex 0 3 20
      vertex 5.03015 3 16.9698
    endloop
  endfacet
  facet normal 0 1 -0
    outer loop
      vertex 4.36269 3 16.1
      vertex 0 3 20
      vertex 4.66792 3 16.5568
    endloop
  endfacet
  facet normal 0 1 -0
    outer loop
      vertex 4.11971 3 15.6073
      vertex 0 3 20
      vertex 4.36269 3 16.1
    endloop
  endfacet
  facet normal 0 1 -0
    outer loop
      vertex 3.94311 3 15.087
      vertex 0 3 20
      vertex 4.11971 3 15.6073
    endloop
  endfacet
  facet normal 0 1 -0
    outer loop
      vertex 3.83593 3 14.5482
      vertex 0 3 20
      vertex 3.94311 3 15.087
    endloop
  endfacet
  facet normal 0 1 0
    outer loop
      vertex 1.84944 3 11.5706
      vertex 3.83593 3 14.5482
      vertex 3.8 3 14
    endloop
  endfacet
  facet normal 0 1 0
    outer loop
      vertex 2.2781 3 11.6855
      vertex 3.8 3 14
      vertex 3.83593 3 13.4518
    endloop
  endfacet
  facet normal 0 1 0
    outer loop
      vertex 2.5 3 11.7
      vertex 3.83593 3 13.4518
      vertex 3.94311 3 12.913
    endloop
  endfacet
  facet normal 0 1 0
    outer loop
      vertex 2.72189 3 11.6855
      vertex 3.94311 3 12.913
      vertex 4.11971 3 12.3927
    endloop
  endfacet
  facet normal 0 1 0
    outer loop
      vertex 3.35 3 11.4722
      vertex 4.11971 3 12.3927
      vertex 4.36269 3 11.9
    endloop
  endfacet
  facet normal 0 1 0
    outer loop
      vertex 3.83593 3 13.4518
      vertex 2.5 3 11.7
      vertex 2.2781 3 11.6855
    endloop
  endfacet
  facet normal 0 1 0
    outer loop
      vertex 3.8 3 14
      vertex 2.2781 3 11.6855
      vertex 2.06001 3 11.6421
    endloop
  endfacet
  facet normal 0 1 0
    outer loop
      vertex 3.8 3 14
      vertex 2.06001 3 11.6421
      vertex 1.84944 3 11.5706
    endloop
  endfacet
  facet normal 0 1 0
    outer loop
      vertex 3.83593 3 14.5482
      vertex 1.84944 3 11.5706
      vertex 1.65 3 11.4722
    endloop
  endfacet
  facet normal 0 1 0
    outer loop
      vertex 3.83593 3 14.5482
      vertex 1.65 3 11.4722
      vertex 0 3 20
    endloop
  endfacet
  facet normal 0 1 -0
    outer loop
      vertex 1.46511 3 11.3487
      vertex 0 3 20
      vertex 1.65 3 11.4722
    endloop
  endfacet
  facet normal 0 1 -0
    outer loop
      vertex 1.29792 3 11.2021
      vertex 0 3 20
      vertex 1.46511 3 11.3487
    endloop
  endfacet
  facet normal 0 1 -0
    outer loop
      vertex 1.1513 3 11.0349
      vertex 0 3 20
      vertex 1.29792 3 11.2021
    endloop
  endfacet
  facet normal 0 1 -0
    outer loop
      vertex 1.02776 3 10.85
      vertex 0 3 20
      vertex 1.1513 3 11.0349
    endloop
  endfacet
  facet normal 0 1 -0
    outer loop
      vertex 0.929404 3 10.6506
      vertex 0 3 20
      vertex 1.02776 3 10.85
    endloop
  endfacet
  facet normal 0 1 -0
    outer loop
      vertex 0.857925 3 10.44
      vertex 0 3 20
      vertex 0.929404 3 10.6506
    endloop
  endfacet
  facet normal 0 1 -0
    outer loop
      vertex 0.814544 3 10.2219
      vertex 0 3 20
      vertex 0.857925 3 10.44
    endloop
  endfacet
  facet normal 0 1 -0
    outer loop
      vertex 0.799999 3 10
      vertex 0 3 20
      vertex 0.814544 3 10.2219
    endloop
  endfacet
  facet normal 0 1 0
    outer loop
      vertex 0 3 0
      vertex 0.799999 3 10
      vertex 0.814544 3 9.7781
    endloop
  endfacet
  facet normal 0 1 0
    outer loop
      vertex 2.93999 3 8.35793
      vertex 3.94311 3 7.08704
      vertex 2.72189 3 8.31454
    endloop
  endfacet
  facet normal 0 1 0
    outer loop
      vertex 2.72189 3 8.31454
      vertex 3.94311 3 7.08704
      vertex 2.5 3 8.3
    endloop
  endfacet
  facet normal 0 1 -0
    outer loop
      vertex 3.83593 3 6.54821
      vertex 2.5 3 8.3
      vertex 3.94311 3 7.08704
    endloop
  endfacet
  facet normal 0 1 0
    outer loop
      vertex 2.5 3 8.3
      vertex 3.83593 3 6.54821
      vertex 2.2781 3 8.31454
    endloop
  endfacet
  facet normal 0 1 -0
    outer loop
      vertex 3.8 3 6
      vertex 2.2781 3 8.31454
      vertex 3.83593 3 6.54821
    endloop
  endfacet
  facet normal 0 1 0
    outer loop
      vertex 2.2781 3 8.31454
      vertex 3.8 3 6
      vertex 2.06001 3 8.35793
    endloop
  endfacet
  facet normal 0 1 0
    outer loop
      vertex 2.06001 3 8.35793
      vertex 3.8 3 6
      vertex 1.84944 3 8.4294
    endloop
  endfacet
  facet normal 0 1 0
    outer loop
      vertex 3.83593 3 5.45179
      vertex 1.84944 3 8.4294
      vertex 3.8 3 6
    endloop
  endfacet
  facet normal 0 1 0
    outer loop
      vertex 1.84944 3 8.4294
      vertex 3.83593 3 5.45179
      vertex 1.65 3 8.52776
    endloop
  endfacet
  facet normal 0 1 0
    outer loop
      vertex 0 3 0
      vertex 1.65 3 8.52776
      vertex 3.83593 3 5.45179
    endloop
  endfacet
  facet normal 0 1 0
    outer loop
      vertex 1.65 3 8.52776
      vertex 0 3 0
      vertex 1.46511 3 8.6513
    endloop
  endfacet
  facet normal 0 1 0
    outer loop
      vertex 1.46511 3 8.6513
      vertex 0 3 0
      vertex 1.29792 3 8.79792
    endloop
  endfacet
  facet normal 0 1 0
    outer loop
      vertex 0 3 0
      vertex 3.83593 3 5.45179
      vertex 3.94311 3 4.91296
    endloop
  endfacet
  facet normal 0 1 0
    outer loop
      vertex 0 3 0
      vertex 3.94311 3 4.91296
      vertex 4.11971 3 4.39273
    endloop
  endfacet
  facet normal 0 1 0
    outer loop
      vertex 1.29792 3 8.79792
      vertex 0 3 0
      vertex 1.1513 3 8.96511
    endloop
  endfacet
  facet normal 0 1 0
    outer loop
      vertex 0 3 0
      vertex 4.11971 3 4.39273
      vertex 4.36269 3 3.9
    endloop
  endfacet
  facet normal 0 1 0
    outer loop
      vertex 0 3 0
      vertex 8 3 1.8
      vertex 16 3 0
    endloop
  endfacet
  facet normal 0 1 0
    outer loop
      vertex 8 3 1.8
      vertex 0 3 0
      vertex 7.45179 3 1.83593
    endloop
  endfacet
  facet normal 0 1 0
    outer loop
      vertex 0.799999 3 10
      vertex 0 3 0
      vertex 0 3 20
    endloop
  endfacet
  facet normal 0 1 0
    outer loop
      vertex 0.857925 3 9.56001
      vertex 0 3 0
      vertex 0.814544 3 9.7781
    endloop
  endfacet
  facet normal 0 1 0
    outer loop
      vertex 0.929404 3 9.34944
      vertex 0 3 0
      vertex 0.857925 3 9.56001
    endloop
  endfacet
  facet normal 0 1 0
    outer loop
      vertex 1.02776 3 9.15
      vertex 0 3 0
      vertex 0.929404 3 9.34944
    endloop
  endfacet
  facet normal 0 1 0
    outer loop
      vertex 1.1513 3 8.96511
      vertex 0 3 0
      vertex 1.02776 3 9.15
    endloop
  endfacet
  facet normal 0 1 0
    outer loop
      vertex 4.66792 3 3.4432
      vertex 0 3 0
      vertex 4.36269 3 3.9
    endloop
  endfacet
  facet normal 0 1 0
    outer loop
      vertex 5.03015 3 3.03015
      vertex 0 3 0
      vertex 4.66792 3 3.4432
    endloop
  endfacet
  facet normal 0 1 0
    outer loop
      vertex 5.4432 3 2.66792
      vertex 0 3 0
      vertex 5.03015 3 3.03015
    endloop
  endfacet
  facet normal 0 1 0
    outer loop
      vertex 5.9 3 2.36269
      vertex 0 3 0
      vertex 5.4432 3 2.66792
    endloop
  endfacet
  facet normal 0 1 0
    outer loop
      vertex 6.39273 3 2.11971
      vertex 0 3 0
      vertex 5.9 3 2.36269
    endloop
  endfacet
  facet normal 0 1 0
    outer loop
      vertex 6.91296 3 1.94311
      vertex 0 3 0
      vertex 6.39273 3 2.11971
    endloop
  endfacet
  facet normal 0 1 0
    outer loop
      vertex 7.45179 3 1.83593
      vertex 0 3 0
      vertex 6.91296 3 1.94311
    endloop
  endfacet
  facet normal 0 1 0
    outer loop
      vertex 12.0569 3 12.913
      vertex 13.06 3 11.6421
      vertex 11.8803 3 12.3927
    endloop
  endfacet
  facet normal 0 1 -0
    outer loop
      vertex 12.8494 3 11.5706
      vertex 11.8803 3 12.3927
      vertex 13.06 3 11.6421
    endloop
  endfacet
  facet normal 0 1 -0
    outer loop
      vertex 12.65 3 11.4722
      vertex 11.8803 3 12.3927
      vertex 12.8494 3 11.5706
    endloop
  endfacet
  facet normal 0 1 0
    outer loop
      vertex 11.8803 3 12.3927
      vertex 12.65 3 11.4722
      vertex 11.6373 3 11.9
    endloop
  endfacet
  facet normal 0 1 -0
    outer loop
      vertex 12.4651 3 11.3487
      vertex 11.6373 3 11.9
      vertex 12.65 3 11.4722
    endloop
  endfacet
  facet normal 0 1 -0
    outer loop
      vertex 12.2979 3 11.2021
      vertex 11.6373 3 11.9
      vertex 12.4651 3 11.3487
    endloop
  endfacet
  facet normal 0 1 -0
    outer loop
      vertex 12.1513 3 11.0349
      vertex 11.6373 3 11.9
      vertex 12.2979 3 11.2021
    endloop
  endfacet
  facet normal 0 1 0
    outer loop
      vertex 11.6373 3 11.9
      vertex 12.1513 3 11.0349
      vertex 11.3321 3 11.4432
    endloop
  endfacet
  facet normal 0 1 -0
    outer loop
      vertex 12.0278 3 10.85
      vertex 11.3321 3 11.4432
      vertex 12.1513 3 11.0349
    endloop
  endfacet
  facet normal 0 1 -0
    outer loop
      vertex 11.9294 3 10.6506
      vertex 11.3321 3 11.4432
      vertex 12.0278 3 10.85
    endloop
  endfacet
  facet normal 0 1 0
    outer loop
      vertex 11.3321 3 11.4432
      vertex 11.9294 3 10.6506
      vertex 10.9698 3 11.0302
    endloop
  endfacet
  facet normal 0 1 -0
    outer loop
      vertex 11.8579 3 10.44
      vertex 10.9698 3 11.0302
      vertex 11.9294 3 10.6506
    endloop
  endfacet
  facet normal 0 1 -0
    outer loop
      vertex 11.8145 3 10.2219
      vertex 10.9698 3 11.0302
      vertex 11.8579 3 10.44
    endloop
  endfacet
  facet normal 0 1 0
    outer loop
      vertex 10.9698 3 11.0302
      vertex 11.8145 3 10.2219
      vertex 10.5568 3 10.6679
    endloop
  endfacet
  facet normal 0 1 -0
    outer loop
      vertex 11.8 3 10
      vertex 10.5568 3 10.6679
      vertex 11.8145 3 10.2219
    endloop
  endfacet
  facet normal 0 1 0
    outer loop
      vertex 10.5568 3 9.33208
      vertex 10.5568 3 10.6679
      vertex 11.8 3 10
    endloop
  endfacet
  facet normal 0 1 0
    outer loop
      vertex 10.5568 3 10.6679
      vertex 10.5568 3 9.33208
      vertex 10.1 3 10.3627
    endloop
  endfacet
  facet normal 0 1 0
    outer loop
      vertex 10.1 3 10.3627
      vertex 10.1 3 9.63731
      vertex 9.60727 3 10.1197
    endloop
  endfacet
  facet normal 0 1 0
    outer loop
      vertex 9.60727 3 10.1197
      vertex 9.60727 3 9.88029
      vertex 9.25463 3 10
    endloop
  endfacet
  facet normal 0 1 0
    outer loop
      vertex 10.5568 3 9.33208
      vertex 11.8 3 10
      vertex 11.8145 3 9.7781
    endloop
  endfacet
  facet normal 0 1 0
    outer loop
      vertex 9.60727 3 10.1197
      vertex 10.1 3 9.63731
      vertex 9.60727 3 9.88029
    endloop
  endfacet
  facet normal 0 1 0
    outer loop
      vertex 10.9698 3 8.96985
      vertex 11.8145 3 9.7781
      vertex 11.8579 3 9.56001
    endloop
  endfacet
  facet normal 0 1 0
    outer loop
      vertex 10.9698 3 8.96985
      vertex 11.8579 3 9.56001
      vertex 11.9294 3 9.34944
    endloop
  endfacet
  facet normal 0 1 0
    outer loop
      vertex 10.1 3 10.3627
      vertex 10.5568 3 9.33208
      vertex 10.1 3 9.63731
    endloop
  endfacet
  facet normal 0 1 0
    outer loop
      vertex 11.3321 3 8.5568
      vertex 11.9294 3 9.34944
      vertex 12.0278 3 9.15
    endloop
  endfacet
  facet normal 0 1 0
    outer loop
      vertex 11.8145 3 9.7781
      vertex 10.9698 3 8.96985
      vertex 10.5568 3 9.33208
    endloop
  endfacet
  facet normal 0 1 0
    outer loop
      vertex 11.3321 3 8.5568
      vertex 12.0278 3 9.15
      vertex 12.1513 3 8.96511
    endloop
  endfacet
  facet normal 0 1 0
    outer loop
      vertex 11.6373 3 8.1
      vertex 12.1513 3 8.96511
      vertex 12.2979 3 8.79792
    endloop
  endfacet
  facet normal 0 1 0
    outer loop
      vertex 11.6373 3 8.1
      vertex 12.2979 3 8.79792
      vertex 12.4651 3 8.6513
    endloop
  endfacet
  facet normal 0 1 0
    outer loop
      vertex 11.9294 3 9.34944
      vertex 11.3321 3 8.5568
      vertex 10.9698 3 8.96985
    endloop
  endfacet
  facet normal 0 1 0
    outer loop
      vertex 11.6373 3 8.1
      vertex 12.4651 3 8.6513
      vertex 12.65 3 8.52776
    endloop
  endfacet
  facet normal 0 1 0
    outer loop
      vertex 11.6373 3 8.1
      vertex 12.65 3 8.52776
      vertex 12.8494 3 8.4294
    endloop
  endfacet
  facet normal 0 1 0
    outer loop
      vertex 11.6373 3 8.1
      vertex 12.8494 3 8.4294
      vertex 13.06 3 8.35793
    endloop
  endfacet
  facet normal 0 1 0
    outer loop
      vertex 11.6373 3 8.1
      vertex 13.06 3 8.35793
      vertex 13.2781 3 8.31454
    endloop
  endfacet
  facet normal 0 1 0
    outer loop
      vertex 12.1513 3 8.96511
      vertex 11.6373 3 8.1
      vertex 11.3321 3 8.5568
    endloop
  endfacet
  facet normal 0 1 0
    outer loop
      vertex 11.6373 3 8.1
      vertex 13.2781 3 8.31454
      vertex 13.5 3 8.3
    endloop
  endfacet
  facet normal 0 -1 0
    outer loop
      vertex 12.0569 0 12.913
      vertex 13.2781 0 11.6855
      vertex 13.5 0 11.7
    endloop
  endfacet
  facet normal 0 -1 0
    outer loop
      vertex 11.8803 0 12.3927
      vertex 13.06 0 11.6421
      vertex 13.2781 0 11.6855
    endloop
  endfacet
  facet normal 0 -1 0
    outer loop
      vertex 11.8803 0 12.3927
      vertex 12.8494 0 11.5706
      vertex 13.06 0 11.6421
    endloop
  endfacet
  facet normal 0 -1 0
    outer loop
      vertex 11.8803 0 12.3927
      vertex 12.65 0 11.4722
      vertex 12.8494 0 11.5706
    endloop
  endfacet
  facet normal 0 -1 0
    outer loop
      vertex 12.1513 0 11.0349
      vertex 11.6373 0 11.9
      vertex 11.3321 0 11.4432
    endloop
  endfacet
  facet normal 0 -1 0
    outer loop
      vertex 11.6373 0 11.9
      vertex 12.4651 0 11.3487
      vertex 12.65 0 11.4722
    endloop
  endfacet
  facet normal 0 -1 0
    outer loop
      vertex 11.6373 0 11.9
      vertex 12.2979 0 11.2021
      vertex 12.4651 0 11.3487
    endloop
  endfacet
  facet normal 0 -1 0
    outer loop
      vertex 11.6373 0 11.9
      vertex 12.1513 0 11.0349
      vertex 12.2979 0 11.2021
    endloop
  endfacet
  facet normal 0 -1 0
    outer loop
      vertex 11.9294 0 10.6506
      vertex 11.3321 0 11.4432
      vertex 10.9698 0 11.0302
    endloop
  endfacet
  facet normal 0 -1 0
    outer loop
      vertex 11.3321 0 11.4432
      vertex 12.0278 0 10.85
      vertex 12.1513 0 11.0349
    endloop
  endfacet
  facet normal 0 -1 0
    outer loop
      vertex 11.8145 0 10.2219
      vertex 10.9698 0 11.0302
      vertex 10.5568 0 10.6679
    endloop
  endfacet
  facet normal 0 -1 0
    outer loop
      vertex 11.3321 0 11.4432
      vertex 11.9294 0 10.6506
      vertex 12.0278 0 10.85
    endloop
  endfacet
  facet normal 0 -1 0
    outer loop
      vertex 10.9698 0 11.0302
      vertex 11.8579 0 10.44
      vertex 11.9294 0 10.6506
    endloop
  endfacet
  facet normal 0 -1 0
    outer loop
      vertex 10.5568 0 9.33208
      vertex 10.5568 0 10.6679
      vertex 10.1 0 10.3627
    endloop
  endfacet
  facet normal 0 -1 0
    outer loop
      vertex 10.9698 0 11.0302
      vertex 11.8145 0 10.2219
      vertex 11.8579 0 10.44
    endloop
  endfacet
  facet normal 0 -1 0
    outer loop
      vertex 10.1 0 9.63731
      vertex 10.1 0 10.3627
      vertex 9.60727 0 10.1197
    endloop
  endfacet
  facet normal 0 -1 0
    outer loop
      vertex 9.60727 0 9.88029
      vertex 9.60727 0 10.1197
      vertex 9.25463 0 10
    endloop
  endfacet
  facet normal 0 -1 0
    outer loop
      vertex 10.1 0 9.63731
      vertex 9.60727 0 10.1197
      vertex 9.60727 0 9.88029
    endloop
  endfacet
  facet normal 0 -1 0
    outer loop
      vertex 10.5568 0 9.33208
      vertex 10.1 0 10.3627
      vertex 10.1 0 9.63731
    endloop
  endfacet
  facet normal 0 -1 0
    outer loop
      vertex 10.5568 0 10.6679
      vertex 10.5568 0 9.33208
      vertex 11.8 0 10
    endloop
  endfacet
  facet normal 0 -1 0
    outer loop
      vertex 10.5568 0 10.6679
      vertex 11.8 0 10
      vertex 11.8145 0 10.2219
    endloop
  endfacet
  facet normal 0 -1 -0
    outer loop
      vertex 11.8 0 10
      vertex 10.5568 0 9.33208
      vertex 11.8145 0 9.7781
    endloop
  endfacet
  facet normal 0 -1 0
    outer loop
      vertex 10.9698 0 8.96985
      vertex 11.8145 0 9.7781
      vertex 10.5568 0 9.33208
    endloop
  endfacet
  facet normal 0 -1 -0
    outer loop
      vertex 11.8145 0 9.7781
      vertex 10.9698 0 8.96985
      vertex 11.8579 0 9.56001
    endloop
  endfacet
  facet normal 0 -1 -0
    outer loop
      vertex 11.8579 0 9.56001
      vertex 10.9698 0 8.96985
      vertex 11.9294 0 9.34944
    endloop
  endfacet
  facet normal 0 -1 0
    outer loop
      vertex 11.3321 0 8.5568
      vertex 11.9294 0 9.34944
      vertex 10.9698 0 8.96985
    endloop
  endfacet
  facet normal 0 -1 -0
    outer loop
      vertex 11.9294 0 9.34944
      vertex 11.3321 0 8.5568
      vertex 12.0278 0 9.15
    endloop
  endfacet
  facet normal 0 -1 -0
    outer loop
      vertex 12.0278 0 9.15
      vertex 11.3321 0 8.5568
      vertex 12.1513 0 8.96511
    endloop
  endfacet
  facet normal 0 -1 0
    outer loop
      vertex 11.6373 0 8.1
      vertex 12.1513 0 8.96511
      vertex 11.3321 0 8.5568
    endloop
  endfacet
  facet normal 0 -1 -0
    outer loop
      vertex 12.1513 0 8.96511
      vertex 11.6373 0 8.1
      vertex 12.2979 0 8.79792
    endloop
  endfacet
  facet normal 0 -1 -0
    outer loop
      vertex 12.2979 0 8.79792
      vertex 11.6373 0 8.1
      vertex 12.4651 0 8.6513
    endloop
  endfacet
  facet normal 0 -1 -0
    outer loop
      vertex 12.4651 0 8.6513
      vertex 11.6373 0 8.1
      vertex 12.65 0 8.52776
    endloop
  endfacet
  facet normal 0 -1 0
    outer loop
      vertex 11.8803 0 7.60727
      vertex 12.65 0 8.52776
      vertex 11.6373 0 8.1
    endloop
  endfacet
  facet normal 0 -1 -0
    outer loop
      vertex 12.65 0 8.52776
      vertex 11.8803 0 7.60727
      vertex 12.8494 0 8.4294
    endloop
  endfacet
  facet normal 0 -1 0
    outer loop
      vertex 12.0569 0 7.08704
      vertex 13.06 0 8.35793
      vertex 11.8803 0 7.60727
    endloop
  endfacet
  facet normal 0 -1 -0
    outer loop
      vertex 12.8494 0 8.4294
      vertex 11.8803 0 7.60727
      vertex 13.06 0 8.35793
    endloop
  endfacet
  facet normal 0 -1 0
    outer loop
      vertex 0 0 20
      vertex 8 0 18.2
      vertex 16 0 20
    endloop
  endfacet
  facet normal 0 -1 0
    outer loop
      vertex 0 0 20
      vertex 7.45179 0 18.1641
      vertex 8 0 18.2
    endloop
  endfacet
  facet normal 0 -1 0
    outer loop
      vertex 0 0 20
      vertex 6.91296 0 18.0569
      vertex 7.45179 0 18.1641
    endloop
  endfacet
  facet normal 0 -1 0
    outer loop
      vertex 0 0 20
      vertex 6.39273 0 17.8803
      vertex 6.91296 0 18.0569
    endloop
  endfacet
  facet normal 0 -1 0
    outer loop
      vertex 0 0 20
      vertex 5.9 0 17.6373
      vertex 6.39273 0 17.8803
    endloop
  endfacet
  facet normal 0 -1 0
    outer loop
      vertex 0 0 20
      vertex 5.4432 0 17.3321
      vertex 5.9 0 17.6373
    endloop
  endfacet
  facet normal 0 -1 0
    outer loop
      vertex 0 0 20
      vertex 5.03015 0 16.9698
      vertex 5.4432 0 17.3321
    endloop
  endfacet
  facet normal 0 -1 0
    outer loop
      vertex 0 0 20
      vertex 4.66792 0 16.5568
      vertex 5.03015 0 16.9698
    endloop
  endfacet
  facet normal 0 -1 0
    outer loop
      vertex 0 0 20
      vertex 4.36269 0 16.1
      vertex 4.66792 0 16.5568
    endloop
  endfacet
  facet normal 0 -1 0
    outer loop
      vertex 0 0 20
      vertex 4.11971 0 15.6073
      vertex 4.36269 0 16.1
    endloop
  endfacet
  facet normal 0 -1 0
    outer loop
      vertex 0 0 20
      vertex 3.94311 0 15.087
      vertex 4.11971 0 15.6073
    endloop
  endfacet
  facet normal 0 -1 0
    outer loop
      vertex 0 0 20
      vertex 3.83593 0 14.5482
      vertex 3.94311 0 15.087
    endloop
  endfacet
  facet normal 0 -1 0
    outer loop
      vertex 1.65 0 11.4722
      vertex 3.83593 0 14.5482
      vertex 0 0 20
    endloop
  endfacet
  facet normal -0 -1 0
    outer loop
      vertex 1.84944 0 11.5706
      vertex 3.83593 0 14.5482
      vertex 1.65 0 11.4722
    endloop
  endfacet
  facet normal -0 -1 0
    outer loop
      vertex 2.06001 0 11.6421
      vertex 3.8 0 14
      vertex 1.84944 0 11.5706
    endloop
  endfacet
  facet normal 0 -1 -0
    outer loop
      vertex 3.8 0 14
      vertex 2.2781 0 11.6855
      vertex 3.83593 0 13.4518
    endloop
  endfacet
  facet normal 0 -1 -0
    outer loop
      vertex 3.83593 0 13.4518
      vertex 2.5 0 11.7
      vertex 3.94311 0 12.913
    endloop
  endfacet
  facet normal 0 -1 0
    outer loop
      vertex 2.93999 0 11.6421
      vertex 3.94311 0 12.913
      vertex 2.72189 0 11.6855
    endloop
  endfacet
  facet normal 0 -1 0
    outer loop
      vertex 2.72189 0 11.6855
      vertex 3.94311 0 12.913
      vertex 2.5 0 11.7
    endloop
  endfacet
  facet normal -0 -1 0
    outer loop
      vertex 2.5 0 11.7
      vertex 3.83593 0 13.4518
      vertex 2.2781 0 11.6855
    endloop
  endfacet
  facet normal -0 -1 0
    outer loop
      vertex 2.2781 0 11.6855
      vertex 3.8 0 14
      vertex 2.06001 0 11.6421
    endloop
  endfacet
  facet normal 0 -1 0
    outer loop
      vertex 3.83593 0 14.5482
      vertex 1.84944 0 11.5706
      vertex 3.8 0 14
    endloop
  endfacet
  facet normal 0 -1 0
    outer loop
      vertex 0 0 20
      vertex 1.46511 0 11.3487
      vertex 1.65 0 11.4722
    endloop
  endfacet
  facet normal 0 -1 0
    outer loop
      vertex 0 0 20
      vertex 1.29792 0 11.2021
      vertex 1.46511 0 11.3487
    endloop
  endfacet
  facet normal 0 -1 0
    outer loop
      vertex 0 0 20
      vertex 1.1513 0 11.0349
      vertex 1.29792 0 11.2021
    endloop
  endfacet
  facet normal 0 -1 0
    outer loop
      vertex 0 0 20
      vertex 1.02776 0 10.85
      vertex 1.1513 0 11.0349
    endloop
  endfacet
  facet normal 0 -1 0
    outer loop
      vertex 0 0 20
      vertex 0.929404 0 10.6506
      vertex 1.02776 0 10.85
    endloop
  endfacet
  facet normal 0 -1 0
    outer loop
      vertex 0 0 20
      vertex 0.857925 0 10.44
      vertex 0.929404 0 10.6506
    endloop
  endfacet
  facet normal 0 -1 0
    outer loop
      vertex 0 0 20
      vertex 0.814544 0 10.2219
      vertex 0.857925 0 10.44
    endloop
  endfacet
  facet normal 0 -1 0
    outer loop
      vertex 0 0 20
      vertex 0.799999 0 10
      vertex 0.814544 0 10.2219
    endloop
  endfacet
  facet normal 0 -1 0
    outer loop
      vertex 0 0 0
      vertex 0.799999 0 10
      vertex 0 0 20
    endloop
  endfacet
  facet normal 0 -1 0
    outer loop
      vertex 3.83593 0 6.54821
      vertex 2.5 0 8.3
      vertex 2.2781 0 8.31454
    endloop
  endfacet
  facet normal 0 -1 0
    outer loop
      vertex 2.5 0 8.3
      vertex 4.11971 0 7.60727
      vertex 4.36269 0 8.1
    endloop
  endfacet
  facet normal 0 -1 0
    outer loop
      vertex 3.8 0 6
      vertex 2.2781 0 8.31454
      vertex 2.06001 0 8.35793
    endloop
  endfacet
  facet normal 0 -1 0
    outer loop
      vertex 3.8 0 6
      vertex 2.06001 0 8.35793
      vertex 1.84944 0 8.4294
    endloop
  endfacet
  facet normal 0 -1 0
    outer loop
      vertex 2.5 0 8.3
      vertex 3.94311 0 7.08704
      vertex 4.11971 0 7.60727
    endloop
  endfacet
  facet normal 0 -1 0
    outer loop
      vertex 3.83593 0 5.45179
      vertex 1.84944 0 8.4294
      vertex 1.65 0 8.52776
    endloop
  endfacet
  facet normal 0 -1 0
    outer loop
      vertex 2.5 0 8.3
      vertex 3.83593 0 6.54821
      vertex 3.94311 0 7.08704
    endloop
  endfacet
  facet normal 0 -1 0
    outer loop
      vertex 0 0 0
      vertex 1.65 0 8.52776
      vertex 1.46511 0 8.6513
    endloop
  endfacet
  facet normal 0 -1 0
    outer loop
      vertex 0 0 0
      vertex 1.46511 0 8.6513
      vertex 1.29792 0 8.79792
    endloop
  endfacet
  facet normal 0 -1 0
    outer loop
      vertex 2.2781 0 8.31454
      vertex 3.8 0 6
      vertex 3.83593 0 6.54821
    endloop
  endfacet
  facet normal 0 -1 0
    outer loop
      vertex 1.84944 0 8.4294
      vertex 3.83593 0 5.45179
      vertex 3.8 0 6
    endloop
  endfacet
  facet normal 0 -1 0
    outer loop
      vertex 0 0 0
      vertex 1.29792 0 8.79792
      vertex 1.1513 0 8.96511
    endloop
  endfacet
  facet normal 0 -1 -0
    outer loop
      vertex 1.65 0 8.52776
      vertex 0 0 0
      vertex 3.83593 0 5.45179
    endloop
  endfacet
  facet normal 0 -1 -0
    outer loop
      vertex 3.83593 0 5.45179
      vertex 0 0 0
      vertex 3.94311 0 4.91296
    endloop
  endfacet
  facet normal 0 -1 0
    outer loop
      vertex 0 0 0
      vertex 1.1513 0 8.96511
      vertex 1.02776 0 9.15
    endloop
  endfacet
  facet normal 0 -1 -0
    outer loop
      vertex 3.94311 0 4.91296
      vertex 0 0 0
      vertex 4.11971 0 4.39273
    endloop
  endfacet
  facet normal 0 -1 -0
    outer loop
      vertex 7.45179 0 1.83593
      vertex 0 0 0
      vertex 8 0 1.8
    endloop
  endfacet
  facet normal 0 -1 -0
    outer loop
      vertex 6.91296 0 1.94311
      vertex 0 0 0
      vertex 7.45179 0 1.83593
    endloop
  endfacet
  facet normal 0 -1 -0
    outer loop
      vertex 6.39273 0 2.11971
      vertex 0 0 0
      vertex 6.91296 0 1.94311
    endloop
  endfacet
  facet normal 0 -1 -0
    outer loop
      vertex 5.9 0 2.36269
      vertex 0 0 0
      vertex 6.39273 0 2.11971
    endloop
  endfacet
  facet normal 0 -1 -0
    outer loop
      vertex 5.4432 0 2.66792
      vertex 0 0 0
      vertex 5.9 0 2.36269
    endloop
  endfacet
  facet normal 0 -1 -0
    outer loop
      vertex 5.03015 0 3.03015
      vertex 0 0 0
      vertex 5.4432 0 2.66792
    endloop
  endfacet
  facet normal 0 -1 -0
    outer loop
      vertex 4.66792 0 3.4432
      vertex 0 0 0
      vertex 5.03015 0 3.03015
    endloop
  endfacet
  facet normal 0 -1 -0
    outer loop
      vertex 4.36269 0 3.9
      vertex 0 0 0
      vertex 4.66792 0 3.4432
    endloop
  endfacet
  facet normal 0 -1 -0
    outer loop
      vertex 4.11971 0 4.39273
      vertex 0 0 0
      vertex 4.36269 0 3.9
    endloop
  endfacet
  facet normal 0 -1 -0
    outer loop
      vertex 0.929404 0 9.34944
      vertex 0 0 0
      vertex 1.02776 0 9.15
    endloop
  endfacet
  facet normal 0 -1 -0
    outer loop
      vertex 0.857925 0 9.56001
      vertex 0 0 0
      vertex 0.929404 0 9.34944
    endloop
  endfacet
  facet normal 0 -1 -0
    outer loop
      vertex 0.814544 0 9.7781
      vertex 0 0 0
      vertex 0.857925 0 9.56001
    endloop
  endfacet
  facet normal 0 -1 -0
    outer loop
      vertex 0.799999 0 10
      vertex 0 0 0
      vertex 0.814544 0 9.7781
    endloop
  endfacet
  facet normal 0 -1 0
    outer loop
      vertex 8.54821 0 18.1641
      vertex 16 0 20
      vertex 8 0 18.2
    endloop
  endfacet
  facet normal 0 -1 0
    outer loop
      vertex 9.08704 0 18.0569
      vertex 16 0 20
      vertex 8.54821 0 18.1641
    endloop
  endfacet
  facet normal 0 -1 0
    outer loop
      vertex 9.60727 0 17.8803
      vertex 16 0 20
      vertex 9.08704 0 18.0569
    endloop
  endfacet
  facet normal 0 -1 0
    outer loop
      vertex 10.1 0 17.6373
      vertex 16 0 20
      vertex 9.60727 0 17.8803
    endloop
  endfacet
  facet normal 0 -1 0
    outer loop
      vertex 10.5568 0 17.3321
      vertex 16 0 20
      vertex 10.1 0 17.6373
    endloop
  endfacet
  facet normal 0 -1 0
    outer loop
      vertex 10.9698 0 16.9698
      vertex 16 0 20
      vertex 10.5568 0 17.3321
    endloop
  endfacet
  facet normal 0 -1 0
    outer loop
      vertex 11.3321 0 16.5568
      vertex 16 0 20
      vertex 10.9698 0 16.9698
    endloop
  endfacet
  facet normal 0 -1 0
    outer loop
      vertex 11.6373 0 16.1
      vertex 16 0 20
      vertex 11.3321 0 16.5568
    endloop
  endfacet
  facet normal 0 -1 0
    outer loop
      vertex 11.8803 0 15.6073
      vertex 16 0 20
      vertex 11.6373 0 16.1
    endloop
  endfacet
  facet normal 0 -1 0
    outer loop
      vertex 12.0569 0 15.087
      vertex 16 0 20
      vertex 11.8803 0 15.6073
    endloop
  endfacet
  facet normal 0 -1 0
    outer loop
      vertex 12.1641 0 14.5482
      vertex 16 0 20
      vertex 12.0569 0 15.087
    endloop
  endfacet
  facet normal 0 -1 0
    outer loop
      vertex 14.1506 0 11.5706
      vertex 12.1641 0 14.5482
      vertex 12.2 0 14
    endloop
  endfacet
  facet normal 0 -1 0
    outer loop
      vertex 13.7219 0 11.6855
      vertex 12.2 0 14
      vertex 12.1641 0 13.4518
    endloop
  endfacet
  facet normal 0 -1 0
    outer loop
      vertex 13.5 0 11.7
      vertex 12.1641 0 13.4518
      vertex 12.0569 0 12.913
    endloop
  endfacet
  facet normal 0 -1 0
    outer loop
      vertex 13.2781 0 11.6855
      vertex 12.0569 0 12.913
      vertex 11.8803 0 12.3927
    endloop
  endfacet
  facet normal 0 -1 0
    outer loop
      vertex 12.65 0 11.4722
      vertex 11.8803 0 12.3927
      vertex 11.6373 0 11.9
    endloop
  endfacet
  facet normal 0 -1 0
    outer loop
      vertex 12.1641 0 13.4518
      vertex 13.5 0 11.7
      vertex 13.7219 0 11.6855
    endloop
  endfacet
  facet normal 0 -1 0
    outer loop
      vertex 12.2 0 14
      vertex 13.7219 0 11.6855
      vertex 13.94 0 11.6421
    endloop
  endfacet
  facet normal 0 -1 0
    outer loop
      vertex 12.2 0 14
      vertex 13.94 0 11.6421
      vertex 14.1506 0 11.5706
    endloop
  endfacet
  facet normal 0 -1 0
    outer loop
      vertex 12.1641 0 14.5482
      vertex 14.1506 0 11.5706
      vertex 14.35 0 11.4722
    endloop
  endfacet
  facet normal 0 -1 0
    outer loop
      vertex 12.1641 0 14.5482
      vertex 14.35 0 11.4722
      vertex 16 0 20
    endloop
  endfacet
  facet normal 0 -1 0
    outer loop
      vertex 14.5349 0 11.3487
      vertex 16 0 20
      vertex 14.35 0 11.4722
    endloop
  endfacet
  facet normal 0 -1 0
    outer loop
      vertex 14.7021 0 11.2021
      vertex 16 0 20
      vertex 14.5349 0 11.3487
    endloop
  endfacet
  facet normal 0 -1 0
    outer loop
      vertex 14.8487 0 11.0349
      vertex 16 0 20
      vertex 14.7021 0 11.2021
    endloop
  endfacet
  facet normal 0 -1 0
    outer loop
      vertex 14.9722 0 10.85
      vertex 16 0 20
      vertex 14.8487 0 11.0349
    endloop
  endfacet
  facet normal 0 -1 0
    outer loop
      vertex 15.0706 0 10.6506
      vertex 16 0 20
      vertex 14.9722 0 10.85
    endloop
  endfacet
  facet normal 0 -1 0
    outer loop
      vertex 15.1421 0 10.44
      vertex 16 0 20
      vertex 15.0706 0 10.6506
    endloop
  endfacet
  facet normal 0 -1 0
    outer loop
      vertex 15.1855 0 10.2219
      vertex 16 0 20
      vertex 15.1421 0 10.44
    endloop
  endfacet
  facet normal 0 -1 0
    outer loop
      vertex 15.2 0 10
      vertex 16 0 20
      vertex 15.1855 0 10.2219
    endloop
  endfacet
  facet normal 0 -1 0
    outer loop
      vertex 16 0 0
      vertex 15.2 0 10
      vertex 15.1855 0 9.7781
    endloop
  endfacet
  facet normal 0 -1 -0
    outer loop
      vertex 13.06 0 8.35793
      vertex 12.0569 0 7.08704
      vertex 13.2781 0 8.31454
    endloop
  endfacet
  facet normal 0 -1 -0
    outer loop
      vertex 13.2781 0 8.31454
      vertex 12.0569 0 7.08704
      vertex 13.5 0 8.3
    endloop
  endfacet
  facet normal 0 -1 0
    outer loop
      vertex 12.1641 0 6.54821
      vertex 13.5 0 8.3
      vertex 12.0569 0 7.08704
    endloop
  endfacet
  facet normal 0 -1 -0
    outer loop
      vertex 13.5 0 8.3
      vertex 12.1641 0 6.54821
      vertex 13.7219 0 8.31454
    endloop
  endfacet
  facet normal 0 -1 0
    outer loop
      vertex 12.2 0 6
      vertex 13.7219 0 8.31454
      vertex 12.1641 0 6.54821
    endloop
  endfacet
  facet normal 0 -1 -0
    outer loop
      vertex 13.7219 0 8.31454
      vertex 12.2 0 6
      vertex 13.94 0 8.35793
    endloop
  endfacet
  facet normal 0 -1 -0
    outer loop
      vertex 13.94 0 8.35793
      vertex 12.2 0 6
      vertex 14.1506 0 8.4294
    endloop
  endfacet
  facet normal 0 -1 0
    outer loop
      vertex 12.1641 0 5.45179
      vertex 14.1506 0 8.4294
      vertex 12.2 0 6
    endloop
  endfacet
  facet normal 0 -1 -0
    outer loop
      vertex 14.1506 0 8.4294
      vertex 12.1641 0 5.45179
      vertex 14.35 0 8.52776
    endloop
  endfacet
  facet normal 0 -1 0
    outer loop
      vertex 16 0 0
      vertex 14.35 0 8.52776
      vertex 12.1641 0 5.45179
    endloop
  endfacet
  facet normal 0 -1 0
    outer loop
      vertex 14.35 0 8.52776
      vertex 16 0 0
      vertex 14.5349 0 8.6513
    endloop
  endfacet
  facet normal 0 -1 0
    outer loop
      vertex 14.5349 0 8.6513
      vertex 16 0 0
      vertex 14.7021 0 8.79792
    endloop
  endfacet
  facet normal 0 -1 0
    outer loop
      vertex 16 0 0
      vertex 12.1641 0 5.45179
      vertex 12.0569 0 4.91296
    endloop
  endfacet
  facet normal 0 -1 0
    outer loop
      vertex 16 0 0
      vertex 12.0569 0 4.91296
      vertex 11.8803 0 4.39273
    endloop
  endfacet
  facet normal 0 -1 0
    outer loop
      vertex 14.7021 0 8.79792
      vertex 16 0 0
      vertex 14.8487 0 8.96511
    endloop
  endfacet
  facet normal 0 -1 0
    outer loop
      vertex 16 0 0
      vertex 11.8803 0 4.39273
      vertex 11.6373 0 3.9
    endloop
  endfacet
  facet normal 0 -1 0
    outer loop
      vertex 16 0 0
      vertex 8 0 1.8
      vertex 0 0 0
    endloop
  endfacet
  facet normal 0 -1 0
    outer loop
      vertex 8 0 1.8
      vertex 16 0 0
      vertex 8.54821 0 1.83593
    endloop
  endfacet
  facet normal 0 -1 0
    outer loop
      vertex 15.2 0 10
      vertex 16 0 0
      vertex 16 0 20
    endloop
  endfacet
  facet normal 0 -1 0
    outer loop
      vertex 15.1421 0 9.56001
      vertex 16 0 0
      vertex 15.1855 0 9.7781
    endloop
  endfacet
  facet normal 0 -1 0
    outer loop
      vertex 15.0706 0 9.34944
      vertex 16 0 0
      vertex 15.1421 0 9.56001
    endloop
  endfacet
  facet normal 0 -1 0
    outer loop
      vertex 14.9722 0 9.15
      vertex 16 0 0
      vertex 15.0706 0 9.34944
    endloop
  endfacet
  facet normal 0 -1 0
    outer loop
      vertex 14.8487 0 8.96511
      vertex 16 0 0
      vertex 14.9722 0 9.15
    endloop
  endfacet
  facet normal 0 -1 0
    outer loop
      vertex 11.3321 0 3.4432
      vertex 16 0 0
      vertex 11.6373 0 3.9
    endloop
  endfacet
  facet normal 0 -1 0
    outer loop
      vertex 10.9698 0 3.03015
      vertex 16 0 0
      vertex 11.3321 0 3.4432
    endloop
  endfacet
  facet normal 0 -1 0
    outer loop
      vertex 10.5568 0 2.66792
      vertex 16 0 0
      vertex 10.9698 0 3.03015
    endloop
  endfacet
  facet normal 0 -1 0
    outer loop
      vertex 10.1 0 2.36269
      vertex 16 0 0
      vertex 10.5568 0 2.66792
    endloop
  endfacet
  facet normal 0 -1 0
    outer loop
      vertex 9.60727 0 2.11971
      vertex 16 0 0
      vertex 10.1 0 2.36269
    endloop
  endfacet
  facet normal 0 -1 0
    outer loop
      vertex 9.08704 0 1.94311
      vertex 16 0 0
      vertex 9.60727 0 2.11971
    endloop
  endfacet
  facet normal 0 -1 0
    outer loop
      vertex 8.54821 0 1.83593
      vertex 16 0 0
      vertex 9.08704 0 1.94311
    endloop
  endfacet
  facet normal 0 -1 -0
    outer loop
      vertex 3.94311 0 12.913
      vertex 2.93999 0 11.6421
      vertex 4.11971 0 12.3927
    endloop
  endfacet
  facet normal 0 -1 0
    outer loop
      vertex 3.15056 0 11.5706
      vertex 4.11971 0 12.3927
      vertex 2.93999 0 11.6421
    endloop
  endfacet
  facet normal 0 -1 0
    outer loop
      vertex 3.35 0 11.4722
      vertex 4.11971 0 12.3927
      vertex 3.15056 0 11.5706
    endloop
  endfacet
  facet normal 0 -1 -0
    outer loop
      vertex 4.11971 0 12.3927
      vertex 3.35 0 11.4722
      vertex 4.36269 0 11.9
    endloop
  endfacet
  facet normal 0 -1 0
    outer loop
      vertex 3.53489 0 11.3487
      vertex 4.36269 0 11.9
      vertex 3.35 0 11.4722
    endloop
  endfacet
  facet normal 0 -1 0
    outer loop
      vertex 3.70208 0 11.2021
      vertex 4.36269 0 11.9
      vertex 3.53489 0 11.3487
    endloop
  endfacet
  facet normal 0 -1 0
    outer loop
      vertex 3.8487 0 11.0349
      vertex 4.36269 0 11.9
      vertex 3.70208 0 11.2021
    endloop
  endfacet
  facet normal 0 -1 -0
    outer loop
      vertex 4.36269 0 11.9
      vertex 3.8487 0 11.0349
      vertex 4.66792 0 11.4432
    endloop
  endfacet
  facet normal 0 -1 0
    outer loop
      vertex 3.97224 0 10.85
      vertex 4.66792 0 11.4432
      vertex 3.8487 0 11.0349
    endloop
  endfacet
  facet normal 0 -1 0
    outer loop
      vertex 4.07059 0 10.6506
      vertex 4.66792 0 11.4432
      vertex 3.97224 0 10.85
    endloop
  endfacet
  facet normal 0 -1 -0
    outer loop
      vertex 4.66792 0 11.4432
      vertex 4.07059 0 10.6506
      vertex 5.03015 0 11.0302
    endloop
  endfacet
  facet normal 0 -1 0
    outer loop
      vertex 4.14207 0 10.44
      vertex 5.03015 0 11.0302
      vertex 4.07059 0 10.6506
    endloop
  endfacet
  facet normal 0 -1 0
    outer loop
      vertex 4.18546 0 10.2219
      vertex 5.03015 0 11.0302
      vertex 4.14207 0 10.44
    endloop
  endfacet
  facet normal 0 -1 -0
    outer loop
      vertex 5.03015 0 11.0302
      vertex 4.18546 0 10.2219
      vertex 5.4432 0 10.6679
    endloop
  endfacet
  facet normal 0 -1 0
    outer loop
      vertex 4.2 0 10
      vertex 5.4432 0 10.6679
      vertex 4.18546 0 10.2219
    endloop
  endfacet
  facet normal 0 -1 0
    outer loop
      vertex 5.4432 0 9.33208
      vertex 5.4432 0 10.6679
      vertex 4.2 0 10
    endloop
  endfacet
  facet normal 0 -1 0
    outer loop
      vertex 5.4432 0 10.6679
      vertex 5.4432 0 9.33208
      vertex 5.9 0 10.3627
    endloop
  endfacet
  facet normal 0 -1 0
    outer loop
      vertex 5.9 0 10.3627
      vertex 5.9 0 9.63731
      vertex 6.39273 0 10.1197
    endloop
  endfacet
  facet normal 0 -1 0
    outer loop
      vertex 6.39273 0 10.1197
      vertex 6.39273 0 9.88029
      vertex 6.74537 0 10
    endloop
  endfacet
  facet normal 0 -1 0
    outer loop
      vertex 5.4432 0 9.33208
      vertex 4.2 0 10
      vertex 4.18546 0 9.7781
    endloop
  endfacet
  facet normal 0 -1 -0
    outer loop
      vertex 6.39273 0 10.1197
      vertex 5.9 0 9.63731
      vertex 6.39273 0 9.88029
    endloop
  endfacet
  facet normal 0 -1 0
    outer loop
      vertex 5.03015 0 8.96985
      vertex 4.18546 0 9.7781
      vertex 4.14207 0 9.56001
    endloop
  endfacet
  facet normal 0 -1 0
    outer loop
      vertex 5.03015 0 8.96985
      vertex 4.14207 0 9.56001
      vertex 4.07059 0 9.34944
    endloop
  endfacet
  facet normal 0 -1 -0
    outer loop
      vertex 5.9 0 10.3627
      vertex 5.4432 0 9.33208
      vertex 5.9 0 9.63731
    endloop
  endfacet
  facet normal 0 -1 0
    outer loop
      vertex 4.66792 0 8.5568
      vertex 4.07059 0 9.34944
      vertex 3.97224 0 9.15
    endloop
  endfacet
  facet normal 0 -1 0
    outer loop
      vertex 4.18546 0 9.7781
      vertex 5.03015 0 8.96985
      vertex 5.4432 0 9.33208
    endloop
  endfacet
  facet normal 0 -1 0
    outer loop
      vertex 4.66792 0 8.5568
      vertex 3.97224 0 9.15
      vertex 3.8487 0 8.96511
    endloop
  endfacet
  facet normal 0 -1 0
    outer loop
      vertex 4.36269 0 8.1
      vertex 3.8487 0 8.96511
      vertex 3.70208 0 8.79792
    endloop
  endfacet
  facet normal 0 -1 0
    outer loop
      vertex 4.36269 0 8.1
      vertex 3.70208 0 8.79792
      vertex 3.53489 0 8.6513
    endloop
  endfacet
  facet normal 0 -1 0
    outer loop
      vertex 4.07059 0 9.34944
      vertex 4.66792 0 8.5568
      vertex 5.03015 0 8.96985
    endloop
  endfacet
  facet normal 0 -1 0
    outer loop
      vertex 4.36269 0 8.1
      vertex 3.53489 0 8.6513
      vertex 3.35 0 8.52776
    endloop
  endfacet
  facet normal 0 -1 0
    outer loop
      vertex 4.36269 0 8.1
      vertex 3.35 0 8.52776
      vertex 3.15056 0 8.4294
    endloop
  endfacet
  facet normal 0 -1 0
    outer loop
      vertex 4.36269 0 8.1
      vertex 3.15056 0 8.4294
      vertex 2.93999 0 8.35793
    endloop
  endfacet
  facet normal 0 -1 0
    outer loop
      vertex 4.36269 0 8.1
      vertex 2.93999 0 8.35793
      vertex 2.72189 0 8.31454
    endloop
  endfacet
  facet normal 0 -1 0
    outer loop
      vertex 3.8487 0 8.96511
      vertex 4.36269 0 8.1
      vertex 4.66792 0 8.5568
    endloop
  endfacet
  facet normal 0 -1 0
    outer loop
      vertex 4.36269 0 8.1
      vertex 2.72189 0 8.31454
      vertex 2.5 0 8.3
    endloop
  endfacet
  facet normal -0.751781 0 0.659413
    outer loop
      vertex 10.9698 0 3.03015
      vertex 11.3321 3 3.4432
      vertex 10.9698 3 3.03015
    endloop
  endfacet
  facet normal -0.751781 0 0.659413
    outer loop
      vertex 11.3321 3 3.4432
      vertex 10.9698 0 3.03015
      vertex 11.3321 0 3.4432
    endloop
  endfacet
  facet normal -0.751781 0 -0.659413
    outer loop
      vertex 11.3321 0 8.5568
      vertex 10.9698 3 8.96985
      vertex 11.3321 3 8.5568
    endloop
  endfacet
  facet normal -0.751781 -0 -0.659413
    outer loop
      vertex 10.9698 3 8.96985
      vertex 11.3321 0 8.5568
      vertex 10.9698 0 8.96985
    endloop
  endfacet
  facet normal 0.997859 0 -0.0654003
    outer loop
      vertex 3.83593 0 6.54821
      vertex 3.8 3 6
      vertex 3.83593 3 6.54821
    endloop
  endfacet
  facet normal 0.997859 0 -0.0654003
    outer loop
      vertex 3.8 3 6
      vertex 3.83593 0 6.54821
      vertex 3.8 0 6
    endloop
  endfacet
  facet normal -0.659386 1.95223e-19 0.751805
    outer loop
      vertex 10.5568 3 2.66792
      vertex 10.9698 0 3.03015
      vertex 10.9698 3 3.03015
    endloop
  endfacet
  facet normal -0.659386 1.95223e-19 0.751805
    outer loop
      vertex 10.9698 0 3.03015
      vertex 10.5568 3 2.66792
      vertex 10.5568 0 2.66792
    endloop
  endfacet
  facet normal -0.19509 -1.42274e-18 0.980785
    outer loop
      vertex 8.54821 3 1.83593
      vertex 9.08704 0 1.94311
      vertex 9.08704 3 1.94311
    endloop
  endfacet
  facet normal -0.19509 -1.42274e-18 0.980785
    outer loop
      vertex 9.08704 0 1.94311
      vertex 8.54821 3 1.83593
      vertex 8.54821 0 1.83593
    endloop
  endfacet
  facet normal 0.321451 1.25866e-18 -0.946926
    outer loop
      vertex 6.39273 0 9.88029
      vertex 6.74537 3 10
      vertex 6.74537 0 10
    endloop
  endfacet
  facet normal 0.321451 1.25866e-18 -0.946926
    outer loop
      vertex 6.74537 3 10
      vertex 6.39273 0 9.88029
      vertex 6.39273 3 9.88029
    endloop
  endfacet
  facet normal 0.946927 -0 0.321449
    outer loop
      vertex 3.94311 0 4.91296
      vertex 4.11971 3 4.39273
      vertex 3.94311 3 4.91296
    endloop
  endfacet
  facet normal 0.946927 0 0.321449
    outer loop
      vertex 4.11971 3 4.39273
      vertex 3.94311 0 4.91296
      vertex 4.11971 0 4.39273
    endloop
  endfacet
  facet normal 0.896878 -0 0.442278
    outer loop
      vertex 4.11971 0 4.39273
      vertex 4.36269 3 3.9
      vertex 4.11971 3 4.39273
    endloop
  endfacet
  facet normal 0.896878 0 0.442278
    outer loop
      vertex 4.36269 3 3.9
      vertex 4.11971 0 4.39273
      vertex 4.36269 0 3.9
    endloop
  endfacet
  facet normal -0.946927 0 0.321449
    outer loop
      vertex 11.8803 0 4.39273
      vertex 12.0569 3 4.91296
      vertex 11.8803 3 4.39273
    endloop
  endfacet
  facet normal -0.946927 0 0.321449
    outer loop
      vertex 12.0569 3 4.91296
      vertex 11.8803 0 4.39273
      vertex 12.0569 0 4.91296
    endloop
  endfacet
  facet normal 0.831465 -0 0.555578
    outer loop
      vertex 4.36269 0 3.9
      vertex 4.66792 3 3.4432
      vertex 4.36269 3 3.9
    endloop
  endfacet
  facet normal 0.831465 0 0.555578
    outer loop
      vertex 4.66792 3 3.4432
      vertex 4.36269 0 3.9
      vertex 4.66792 0 3.4432
    endloop
  endfacet
  facet normal -0.896864 0 0.442307
    outer loop
      vertex 11.6373 0 3.9
      vertex 11.8803 3 4.39273
      vertex 11.6373 3 3.9
    endloop
  endfacet
  facet normal -0.896864 0 0.442307
    outer loop
      vertex 11.8803 3 4.39273
      vertex 11.6373 0 3.9
      vertex 11.8803 0 4.39273
    endloop
  endfacet
  facet normal 0.555578 2.12286e-19 0.831465
    outer loop
      vertex 5.4432 3 2.66792
      vertex 5.9 0 2.36269
      vertex 5.9 3 2.36269
    endloop
  endfacet
  facet normal 0.555578 2.12286e-19 0.831465
    outer loop
      vertex 5.9 0 2.36269
      vertex 5.4432 3 2.66792
      vertex 5.4432 0 2.66792
    endloop
  endfacet
  facet normal 0.19509 2.39874e-19 0.980785
    outer loop
      vertex 6.91296 3 1.94311
      vertex 7.45179 0 1.83593
      vertex 7.45179 3 1.83593
    endloop
  endfacet
  facet normal 0.19509 2.39874e-19 0.980785
    outer loop
      vertex 7.45179 0 1.83593
      vertex 6.91296 3 1.94311
      vertex 6.91296 0 1.94311
    endloop
  endfacet
  facet normal -0.997863 0 0.0653459
    outer loop
      vertex 12.1641 0 5.45179
      vertex 12.2 3 6
      vertex 12.1641 3 5.45179
    endloop
  endfacet
  facet normal -0.997863 0 0.0653459
    outer loop
      vertex 12.2 3 6
      vertex 12.1641 0 5.45179
      vertex 12.2 0 6
    endloop
  endfacet
  facet normal 0.659341 4.17518e-18 -0.751844
    outer loop
      vertex 5.03015 0 8.96985
      vertex 5.4432 3 9.33208
      vertex 5.4432 0 9.33208
    endloop
  endfacet
  facet normal 0.659341 4.17518e-18 -0.751844
    outer loop
      vertex 5.4432 3 9.33208
      vertex 5.03015 0 8.96985
      vertex 5.03015 3 8.96985
    endloop
  endfacet
  facet normal -0.896864 0 -0.442307
    outer loop
      vertex 11.8803 0 7.60727
      vertex 11.6373 3 8.1
      vertex 11.8803 3 7.60727
    endloop
  endfacet
  facet normal -0.896864 -0 -0.442307
    outer loop
      vertex 11.6373 3 8.1
      vertex 11.8803 0 7.60727
      vertex 11.6373 0 8.1
    endloop
  endfacet
  facet normal -0.980778 0 0.195125
    outer loop
      vertex 12.0569 0 4.91296
      vertex 12.1641 3 5.45179
      vertex 12.0569 3 4.91296
    endloop
  endfacet
  facet normal -0.980778 0 0.195125
    outer loop
      vertex 12.1641 3 5.45179
      vertex 12.0569 0 4.91296
      vertex 12.1641 0 5.45179
    endloop
  endfacet
  facet normal 0.980785 0 -0.19509
    outer loop
      vertex 3.94311 0 7.08704
      vertex 3.83593 3 6.54821
      vertex 3.94311 3 7.08704
    endloop
  endfacet
  facet normal 0.980785 0 -0.19509
    outer loop
      vertex 3.83593 3 6.54821
      vertex 3.94311 0 7.08704
      vertex 3.83593 0 6.54821
    endloop
  endfacet
  facet normal 0.896878 0 -0.442278
    outer loop
      vertex 4.36269 0 8.1
      vertex 4.11971 3 7.60727
      vertex 4.36269 3 8.1
    endloop
  endfacet
  facet normal 0.896878 0 -0.442278
    outer loop
      vertex 4.11971 3 7.60727
      vertex 4.36269 0 8.1
      vertex 4.11971 0 7.60727
    endloop
  endfacet
  facet normal -0.83149 0 0.55554
    outer loop
      vertex 11.3321 0 3.4432
      vertex 11.6373 3 3.9
      vertex 11.3321 3 3.4432
    endloop
  endfacet
  facet normal -0.83149 0 0.55554
    outer loop
      vertex 11.6373 3 3.9
      vertex 11.3321 0 3.4432
      vertex 11.6373 0 3.9
    endloop
  endfacet
  facet normal 0.321449 3.87802e-19 0.946927
    outer loop
      vertex 6.39273 3 2.11971
      vertex 6.91296 0 1.94311
      vertex 6.91296 3 1.94311
    endloop
  endfacet
  facet normal 0.321449 3.87802e-19 0.946927
    outer loop
      vertex 6.91296 0 1.94311
      vertex 6.39273 3 2.11971
      vertex 6.39273 0 2.11971
    endloop
  endfacet
  facet normal -0.442278 2.06283e-18 -0.896878
    outer loop
      vertex 9.60727 0 9.88029
      vertex 10.1 3 9.63731
      vertex 10.1 0 9.63731
    endloop
  endfacet
  facet normal -0.442278 2.06283e-18 -0.896878
    outer loop
      vertex 10.1 3 9.63731
      vertex 9.60727 0 9.88029
      vertex 9.60727 3 9.88029
    endloop
  endfacet
  facet normal -0.321451 7.4671e-19 -0.946926
    outer loop
      vertex 9.25463 0 10
      vertex 9.60727 3 9.88029
      vertex 9.60727 0 9.88029
    endloop
  endfacet
  facet normal -0.321451 7.4671e-19 -0.946926
    outer loop
      vertex 9.60727 3 9.88029
      vertex 9.25463 0 10
      vertex 9.25463 3 10
    endloop
  endfacet
  facet normal -0.946927 0 -0.321449
    outer loop
      vertex 12.0569 0 7.08704
      vertex 11.8803 3 7.60727
      vertex 12.0569 3 7.08704
    endloop
  endfacet
  facet normal -0.946927 -0 -0.321449
    outer loop
      vertex 11.8803 3 7.60727
      vertex 12.0569 0 7.08704
      vertex 11.8803 0 7.60727
    endloop
  endfacet
  facet normal -0.321449 -3.87802e-19 0.946927
    outer loop
      vertex 9.08704 3 1.94311
      vertex 9.60727 0 2.11971
      vertex 9.60727 3 2.11971
    endloop
  endfacet
  facet normal -0.321449 -3.87802e-19 0.946927
    outer loop
      vertex 9.60727 0 2.11971
      vertex 9.08704 3 1.94311
      vertex 9.08704 0 1.94311
    endloop
  endfacet
  facet normal 0.997859 -0 0.0654003
    outer loop
      vertex 3.8 0 6
      vertex 3.83593 3 5.45179
      vertex 3.8 3 6
    endloop
  endfacet
  facet normal 0.997859 0 0.0654003
    outer loop
      vertex 3.83593 3 5.45179
      vertex 3.8 0 6
      vertex 3.83593 0 5.45179
    endloop
  endfacet
  facet normal -0.659386 6.4067e-18 -0.751805
    outer loop
      vertex 10.5568 0 9.33208
      vertex 10.9698 3 8.96985
      vertex 10.9698 0 8.96985
    endloop
  endfacet
  facet normal -0.659386 6.4067e-18 -0.751805
    outer loop
      vertex 10.9698 3 8.96985
      vertex 10.5568 0 9.33208
      vertex 10.5568 3 9.33208
    endloop
  endfacet
  facet normal 0.442278 -2.06283e-18 -0.896878
    outer loop
      vertex 5.9 0 9.63731
      vertex 6.39273 3 9.88029
      vertex 6.39273 0 9.88029
    endloop
  endfacet
  facet normal 0.442278 -2.06283e-18 -0.896878
    outer loop
      vertex 6.39273 3 9.88029
      vertex 5.9 0 9.63731
      vertex 5.9 3 9.63731
    endloop
  endfacet
  facet normal -0.997863 0 -0.0653459
    outer loop
      vertex 12.2 0 6
      vertex 12.1641 3 6.54821
      vertex 12.2 3 6
    endloop
  endfacet
  facet normal -0.997863 -0 -0.0653459
    outer loop
      vertex 12.1641 3 6.54821
      vertex 12.2 0 6
      vertex 12.1641 0 6.54821
    endloop
  endfacet
  facet normal -0.0654003 -8.64235e-19 0.997859
    outer loop
      vertex 8 3 1.8
      vertex 8.54821 0 1.83593
      vertex 8.54821 3 1.83593
    endloop
  endfacet
  facet normal -0.0654003 -8.64235e-19 0.997859
    outer loop
      vertex 8.54821 0 1.83593
      vertex 8 3 1.8
      vertex 8 0 1.8
    endloop
  endfacet
  facet normal 0.0654003 4.47268e-19 0.997859
    outer loop
      vertex 7.45179 3 1.83593
      vertex 8 0 1.8
      vertex 8 3 1.8
    endloop
  endfacet
  facet normal 0.0654003 4.47268e-19 0.997859
    outer loop
      vertex 8 0 1.8
      vertex 7.45179 3 1.83593
      vertex 7.45179 0 1.83593
    endloop
  endfacet
  facet normal -0.83149 0 -0.55554
    outer loop
      vertex 11.6373 0 8.1
      vertex 11.3321 3 8.5568
      vertex 11.6373 3 8.1
    endloop
  endfacet
  facet normal -0.83149 -0 -0.55554
    outer loop
      vertex 11.3321 3 8.5568
      vertex 11.6373 0 8.1
      vertex 11.3321 0 8.5568
    endloop
  endfacet
  facet normal 0.442278 -1.85493e-18 0.896878
    outer loop
      vertex 5.9 3 2.36269
      vertex 6.39273 0 2.11971
      vertex 6.39273 3 2.11971
    endloop
  endfacet
  facet normal 0.442278 -1.85493e-18 0.896878
    outer loop
      vertex 6.39273 0 2.11971
      vertex 5.9 3 2.36269
      vertex 5.9 0 2.36269
    endloop
  endfacet
  facet normal 0.751844 0 -0.659341
    outer loop
      vertex 5.03015 0 8.96985
      vertex 4.66792 3 8.5568
      vertex 5.03015 3 8.96985
    endloop
  endfacet
  facet normal 0.751844 0 -0.659341
    outer loop
      vertex 4.66792 3 8.5568
      vertex 5.03015 0 8.96985
      vertex 4.66792 0 8.5568
    endloop
  endfacet
  facet normal -0.555578 -4.12999e-18 0.831465
    outer loop
      vertex 10.1 3 2.36269
      vertex 10.5568 0 2.66792
      vertex 10.5568 3 2.66792
    endloop
  endfacet
  facet normal -0.555578 -4.12999e-18 0.831465
    outer loop
      vertex 10.5568 0 2.66792
      vertex 10.1 3 2.36269
      vertex 10.1 0 2.36269
    endloop
  endfacet
  facet normal -0.980778 0 -0.195125
    outer loop
      vertex 12.1641 0 6.54821
      vertex 12.0569 3 7.08704
      vertex 12.1641 3 6.54821
    endloop
  endfacet
  facet normal -0.980778 -0 -0.195125
    outer loop
      vertex 12.0569 3 7.08704
      vertex 12.1641 0 6.54821
      vertex 12.0569 0 7.08704
    endloop
  endfacet
  facet normal 0.751844 -0 0.659341
    outer loop
      vertex 4.66792 0 3.4432
      vertex 5.03015 3 3.03015
      vertex 4.66792 3 3.4432
    endloop
  endfacet
  facet normal 0.751844 0 0.659341
    outer loop
      vertex 5.03015 3 3.03015
      vertex 4.66792 0 3.4432
      vertex 5.03015 0 3.03015
    endloop
  endfacet
  facet normal 0.980785 -0 0.19509
    outer loop
      vertex 3.83593 0 5.45179
      vertex 3.94311 3 4.91296
      vertex 3.83593 3 5.45179
    endloop
  endfacet
  facet normal 0.980785 0 0.19509
    outer loop
      vertex 3.94311 3 4.91296
      vertex 3.83593 0 5.45179
      vertex 3.94311 0 4.91296
    endloop
  endfacet
  facet normal -0.442278 1.85493e-18 0.896878
    outer loop
      vertex 9.60727 3 2.11971
      vertex 10.1 0 2.36269
      vertex 10.1 3 2.36269
    endloop
  endfacet
  facet normal -0.442278 1.85493e-18 0.896878
    outer loop
      vertex 10.1 0 2.36269
      vertex 9.60727 3 2.11971
      vertex 9.60727 0 2.11971
    endloop
  endfacet
  facet normal 0.946927 0 -0.321449
    outer loop
      vertex 4.11971 0 7.60727
      vertex 3.94311 3 7.08704
      vertex 4.11971 3 7.60727
    endloop
  endfacet
  facet normal 0.946927 0 -0.321449
    outer loop
      vertex 3.94311 3 7.08704
      vertex 4.11971 0 7.60727
      vertex 3.94311 0 7.08704
    endloop
  endfacet
  facet normal 0.831465 0 -0.555578
    outer loop
      vertex 4.66792 0 8.5568
      vertex 4.36269 3 8.1
      vertex 4.66792 3 8.5568
    endloop
  endfacet
  facet normal 0.831465 0 -0.555578
    outer loop
      vertex 4.36269 3 8.1
      vertex 4.66792 0 8.5568
      vertex 4.36269 0 8.1
    endloop
  endfacet
  facet normal 0.659341 6.0773e-18 0.751844
    outer loop
      vertex 5.03015 3 3.03015
      vertex 5.4432 0 2.66792
      vertex 5.4432 3 2.66792
    endloop
  endfacet
  facet normal 0.659341 6.0773e-18 0.751844
    outer loop
      vertex 5.4432 0 2.66792
      vertex 5.03015 3 3.03015
      vertex 5.03015 0 3.03015
    endloop
  endfacet
  facet normal -0.555578 4.12999e-18 -0.831465
    outer loop
      vertex 10.1 0 9.63731
      vertex 10.5568 3 9.33208
      vertex 10.5568 0 9.33208
    endloop
  endfacet
  facet normal -0.555578 4.12999e-18 -0.831465
    outer loop
      vertex 10.5568 3 9.33208
      vertex 10.1 0 9.63731
      vertex 10.1 3 9.63731
    endloop
  endfacet
  facet normal 0.555578 -2.12286e-19 -0.831465
    outer loop
      vertex 5.4432 0 9.33208
      vertex 5.9 3 9.63731
      vertex 5.9 0 9.63731
    endloop
  endfacet
  facet normal 0.555578 -2.12286e-19 -0.831465
    outer loop
      vertex 5.9 3 9.63731
      vertex 5.4432 0 9.33208
      vertex 5.4432 3 9.33208
    endloop
  endfacet
  facet normal -0.751742 0 0.659458
    outer loop
      vertex 10.9698 0 11.0302
      vertex 11.3321 3 11.4432
      vertex 10.9698 3 11.0302
    endloop
  endfacet
  facet normal -0.751742 0 0.659458
    outer loop
      vertex 11.3321 3 11.4432
      vertex 10.9698 0 11.0302
      vertex 11.3321 0 11.4432
    endloop
  endfacet
  facet normal -0.751742 0 -0.659458
    outer loop
      vertex 11.3321 0 16.5568
      vertex 10.9698 3 16.9698
      vertex 11.3321 3 16.5568
    endloop
  endfacet
  facet normal -0.751742 -0 -0.659458
    outer loop
      vertex 10.9698 3 16.9698
      vertex 11.3321 0 16.5568
      vertex 10.9698 0 16.9698
    endloop
  endfacet
  facet normal 0.997859 0 -0.0654015
    outer loop
      vertex 3.83593 0 14.5482
      vertex 3.8 3 14
      vertex 3.83593 3 14.5482
    endloop
  endfacet
  facet normal 0.997859 0 -0.0654015
    outer loop
      vertex 3.8 3 14
      vertex 3.83593 0 14.5482
      vertex 3.8 0 14
    endloop
  endfacet
  facet normal -0.659458 4.98061e-18 0.751742
    outer loop
      vertex 10.5568 3 10.6679
      vertex 10.9698 0 11.0302
      vertex 10.9698 3 11.0302
    endloop
  endfacet
  facet normal -0.659458 4.98061e-18 0.751742
    outer loop
      vertex 10.9698 0 11.0302
      vertex 10.5568 3 10.6679
      vertex 10.5568 0 10.6679
    endloop
  endfacet
  facet normal -0.0653459 8.17156e-20 -0.997863
    outer loop
      vertex 8 0 18.2
      vertex 8.54821 3 18.1641
      vertex 8.54821 0 18.1641
    endloop
  endfacet
  facet normal -0.0653459 8.17156e-20 -0.997863
    outer loop
      vertex 8.54821 3 18.1641
      vertex 8 0 18.2
      vertex 8 3 18.2
    endloop
  endfacet
  facet normal 0.94694 -0 0.32141
    outer loop
      vertex 3.94311 0 12.913
      vertex 4.11971 3 12.3927
      vertex 3.94311 3 12.913
    endloop
  endfacet
  facet normal 0.94694 0 0.32141
    outer loop
      vertex 4.11971 3 12.3927
      vertex 3.94311 0 12.913
      vertex 4.11971 0 12.3927
    endloop
  endfacet
  facet normal 0.896868 -0 0.442299
    outer loop
      vertex 4.11971 0 12.3927
      vertex 4.36269 3 11.9
      vertex 4.11971 3 12.3927
    endloop
  endfacet
  facet normal 0.896868 0 0.442299
    outer loop
      vertex 4.36269 3 11.9
      vertex 4.11971 0 12.3927
      vertex 4.36269 0 11.9
    endloop
  endfacet
  facet normal -0.94694 0 0.32141
    outer loop
      vertex 11.8803 0 12.3927
      vertex 12.0569 3 12.913
      vertex 11.8803 3 12.3927
    endloop
  endfacet
  facet normal -0.94694 0 0.32141
    outer loop
      vertex 12.0569 3 12.913
      vertex 11.8803 0 12.3927
      vertex 12.0569 0 12.913
    endloop
  endfacet
  facet normal 0.831465 -0 0.555578
    outer loop
      vertex 4.36269 0 11.9
      vertex 4.66792 3 11.4432
      vertex 4.36269 3 11.9
    endloop
  endfacet
  facet normal 0.831465 0 0.555578
    outer loop
      vertex 4.66792 3 11.4432
      vertex 4.36269 0 11.9
      vertex 4.66792 0 11.4432
    endloop
  endfacet
  facet normal -0.896853 0 0.442329
    outer loop
      vertex 11.6373 0 11.9
      vertex 11.8803 3 12.3927
      vertex 11.6373 3 11.9
    endloop
  endfacet
  facet normal -0.896853 0 0.442329
    outer loop
      vertex 11.8803 3 12.3927
      vertex 11.6373 0 11.9
      vertex 11.8803 0 12.3927
    endloop
  endfacet
  facet normal 0.55554 7.38546e-18 0.83149
    outer loop
      vertex 5.4432 3 10.6679
      vertex 5.9 0 10.3627
      vertex 5.9 3 10.3627
    endloop
  endfacet
  facet normal 0.55554 7.38546e-18 0.83149
    outer loop
      vertex 5.9 0 10.3627
      vertex 5.4432 3 10.6679
      vertex 5.4432 0 10.6679
    endloop
  endfacet
  facet normal -0.997863 0 0.0653471
    outer loop
      vertex 12.1641 0 13.4518
      vertex 12.2 3 14
      vertex 12.1641 3 13.4518
    endloop
  endfacet
  facet normal -0.997863 0 0.0653471
    outer loop
      vertex 12.2 3 14
      vertex 12.1641 0 13.4518
      vertex 12.2 0 14
    endloop
  endfacet
  facet normal 0.659413 8.35683e-18 -0.751781
    outer loop
      vertex 5.03015 0 16.9698
      vertex 5.4432 3 17.3321
      vertex 5.4432 0 17.3321
    endloop
  endfacet
  facet normal 0.659413 8.35683e-18 -0.751781
    outer loop
      vertex 5.4432 3 17.3321
      vertex 5.03015 0 16.9698
      vertex 5.03015 3 16.9698
    endloop
  endfacet
  facet normal -0.896853 0 -0.442329
    outer loop
      vertex 11.8803 0 15.6073
      vertex 11.6373 3 16.1
      vertex 11.8803 3 15.6073
    endloop
  endfacet
  facet normal -0.896853 -0 -0.442329
    outer loop
      vertex 11.6373 3 16.1
      vertex 11.8803 0 15.6073
      vertex 11.6373 0 16.1
    endloop
  endfacet
  facet normal -0.980776 0 0.195136
    outer loop
      vertex 12.0569 0 12.913
      vertex 12.1641 3 13.4518
      vertex 12.0569 3 12.913
    endloop
  endfacet
  facet normal -0.980776 0 0.195136
    outer loop
      vertex 12.1641 3 13.4518
      vertex 12.0569 0 12.913
      vertex 12.1641 0 13.4518
    endloop
  endfacet
  facet normal 0.980783 0 -0.195101
    outer loop
      vertex 3.94311 0 15.087
      vertex 3.83593 3 14.5482
      vertex 3.94311 3 15.087
    endloop
  endfacet
  facet normal 0.980783 0 -0.195101
    outer loop
      vertex 3.83593 3 14.5482
      vertex 3.94311 0 15.087
      vertex 3.83593 0 14.5482
    endloop
  endfacet
  facet normal 0.896868 0 -0.442299
    outer loop
      vertex 4.36269 0 16.1
      vertex 4.11971 3 15.6073
      vertex 4.36269 3 16.1
    endloop
  endfacet
  facet normal 0.896868 0 -0.442299
    outer loop
      vertex 4.11971 3 15.6073
      vertex 4.36269 0 16.1
      vertex 4.11971 0 15.6073
    endloop
  endfacet
  facet normal -0.83149 0 0.55554
    outer loop
      vertex 11.3321 0 11.4432
      vertex 11.6373 3 11.9
      vertex 11.3321 3 11.4432
    endloop
  endfacet
  facet normal -0.83149 0 0.55554
    outer loop
      vertex 11.6373 3 11.9
      vertex 11.3321 0 11.4432
      vertex 11.6373 0 11.9
    endloop
  endfacet
  facet normal 0.321427 1.58999e-18 0.946934
    outer loop
      vertex 6.39273 3 10.1197
      vertex 6.74537 0 10
      vertex 6.74537 3 10
    endloop
  endfacet
  facet normal 0.321427 1.58999e-18 0.946934
    outer loop
      vertex 6.74537 0 10
      vertex 6.39273 3 10.1197
      vertex 6.39273 0 10.1197
    endloop
  endfacet
  facet normal -0.442307 2.75026e-19 -0.896864
    outer loop
      vertex 9.60727 0 17.8803
      vertex 10.1 3 17.6373
      vertex 10.1 0 17.6373
    endloop
  endfacet
  facet normal -0.442307 2.75026e-19 -0.896864
    outer loop
      vertex 10.1 3 17.6373
      vertex 9.60727 0 17.8803
      vertex 9.60727 3 17.8803
    endloop
  endfacet
  facet normal -0.94694 0 -0.32141
    outer loop
      vertex 12.0569 0 15.087
      vertex 11.8803 3 15.6073
      vertex 12.0569 3 15.087
    endloop
  endfacet
  facet normal -0.94694 -0 -0.32141
    outer loop
      vertex 11.8803 3 15.6073
      vertex 12.0569 0 15.087
      vertex 11.8803 0 15.6073
    endloop
  endfacet
  facet normal 0.195125 2.26643e-19 -0.980778
    outer loop
      vertex 6.91296 0 18.0569
      vertex 7.45179 3 18.1641
      vertex 7.45179 0 18.1641
    endloop
  endfacet
  facet normal 0.195125 2.26643e-19 -0.980778
    outer loop
      vertex 7.45179 3 18.1641
      vertex 6.91296 0 18.0569
      vertex 6.91296 3 18.0569
    endloop
  endfacet
  facet normal -0.321427 2.62351e-18 0.946934
    outer loop
      vertex 9.25463 3 10
      vertex 9.60727 0 10.1197
      vertex 9.60727 3 10.1197
    endloop
  endfacet
  facet normal -0.321427 2.62351e-18 0.946934
    outer loop
      vertex 9.60727 0 10.1197
      vertex 9.25463 3 10
      vertex 9.25463 0 10
    endloop
  endfacet
  facet normal 0.997859 -0 0.0654015
    outer loop
      vertex 3.8 0 14
      vertex 3.83593 3 13.4518
      vertex 3.8 3 14
    endloop
  endfacet
  facet normal 0.997859 0 0.0654015
    outer loop
      vertex 3.83593 3 13.4518
      vertex 3.8 0 14
      vertex 3.83593 0 13.4518
    endloop
  endfacet
  facet normal -0.659458 -4.98061e-18 -0.751742
    outer loop
      vertex 10.5568 0 17.3321
      vertex 10.9698 3 16.9698
      vertex 10.9698 0 16.9698
    endloop
  endfacet
  facet normal -0.659458 -4.98061e-18 -0.751742
    outer loop
      vertex 10.9698 3 16.9698
      vertex 10.5568 0 17.3321
      vertex 10.5568 3 17.3321
    endloop
  endfacet
  facet normal 0.442307 -2.75026e-19 -0.896864
    outer loop
      vertex 5.9 0 17.6373
      vertex 6.39273 3 17.8803
      vertex 6.39273 0 17.8803
    endloop
  endfacet
  facet normal 0.442307 -2.75026e-19 -0.896864
    outer loop
      vertex 6.39273 3 17.8803
      vertex 5.9 0 17.6373
      vertex 5.9 3 17.6373
    endloop
  endfacet
  facet normal -0.997863 0 -0.0653471
    outer loop
      vertex 12.2 0 14
      vertex 12.1641 3 14.5482
      vertex 12.2 3 14
    endloop
  endfacet
  facet normal -0.997863 -0 -0.0653471
    outer loop
      vertex 12.1641 3 14.5482
      vertex 12.2 0 14
      vertex 12.1641 0 14.5482
    endloop
  endfacet
  facet normal -0.83149 0 -0.55554
    outer loop
      vertex 11.6373 0 16.1
      vertex 11.3321 3 16.5568
      vertex 11.6373 3 16.1
    endloop
  endfacet
  facet normal -0.83149 -0 -0.55554
    outer loop
      vertex 11.3321 3 16.5568
      vertex 11.6373 0 16.1
      vertex 11.3321 0 16.5568
    endloop
  endfacet
  facet normal 0.442307 -3.09665e-19 0.896864
    outer loop
      vertex 5.9 3 10.3627
      vertex 6.39273 0 10.1197
      vertex 6.39273 3 10.1197
    endloop
  endfacet
  facet normal 0.442307 -3.09665e-19 0.896864
    outer loop
      vertex 6.39273 0 10.1197
      vertex 5.9 3 10.3627
      vertex 5.9 0 10.3627
    endloop
  endfacet
  facet normal 0.751805 0 -0.659386
    outer loop
      vertex 5.03015 0 16.9698
      vertex 4.66792 3 16.5568
      vertex 5.03015 3 16.9698
    endloop
  endfacet
  facet normal 0.751805 0 -0.659386
    outer loop
      vertex 4.66792 3 16.5568
      vertex 5.03015 0 16.9698
      vertex 4.66792 0 16.5568
    endloop
  endfacet
  facet normal -0.195125 9.45437e-19 -0.980778
    outer loop
      vertex 8.54821 0 18.1641
      vertex 9.08704 3 18.0569
      vertex 9.08704 0 18.0569
    endloop
  endfacet
  facet normal -0.195125 9.45437e-19 -0.980778
    outer loop
      vertex 9.08704 3 18.0569
      vertex 8.54821 0 18.1641
      vertex 8.54821 3 18.1641
    endloop
  endfacet
  facet normal -0.55554 5.52124e-18 0.83149
    outer loop
      vertex 10.1 3 10.3627
      vertex 10.5568 0 10.6679
      vertex 10.5568 3 10.6679
    endloop
  endfacet
  facet normal -0.55554 5.52124e-18 0.83149
    outer loop
      vertex 10.5568 0 10.6679
      vertex 10.1 3 10.3627
      vertex 10.1 0 10.3627
    endloop
  endfacet
  facet normal 0.321449 -3.35709e-18 -0.946927
    outer loop
      vertex 6.39273 0 17.8803
      vertex 6.91296 3 18.0569
      vertex 6.91296 0 18.0569
    endloop
  endfacet
  facet normal 0.321449 -3.35709e-18 -0.946927
    outer loop
      vertex 6.91296 3 18.0569
      vertex 6.39273 0 17.8803
      vertex 6.39273 3 17.8803
    endloop
  endfacet
  facet normal -0.980776 0 -0.195136
    outer loop
      vertex 12.1641 0 14.5482
      vertex 12.0569 3 15.087
      vertex 12.1641 3 14.5482
    endloop
  endfacet
  facet normal -0.980776 -0 -0.195136
    outer loop
      vertex 12.0569 3 15.087
      vertex 12.1641 0 14.5482
      vertex 12.0569 0 15.087
    endloop
  endfacet
  facet normal 0.751805 -0 0.659386
    outer loop
      vertex 4.66792 0 11.4432
      vertex 5.03015 3 11.0302
      vertex 4.66792 3 11.4432
    endloop
  endfacet
  facet normal 0.751805 0 0.659386
    outer loop
      vertex 5.03015 3 11.0302
      vertex 4.66792 0 11.4432
      vertex 5.03015 0 11.0302
    endloop
  endfacet
  facet normal -0.442307 3.09665e-19 0.896864
    outer loop
      vertex 9.60727 3 10.1197
      vertex 10.1 0 10.3627
      vertex 10.1 3 10.3627
    endloop
  endfacet
  facet normal -0.442307 3.09665e-19 0.896864
    outer loop
      vertex 10.1 0 10.3627
      vertex 9.60727 3 10.1197
      vertex 9.60727 0 10.1197
    endloop
  endfacet
  facet normal 0.94694 0 -0.32141
    outer loop
      vertex 4.11971 0 15.6073
      vertex 3.94311 3 15.087
      vertex 4.11971 3 15.6073
    endloop
  endfacet
  facet normal 0.94694 0 -0.32141
    outer loop
      vertex 3.94311 3 15.087
      vertex 4.11971 0 15.6073
      vertex 3.94311 0 15.087
    endloop
  endfacet
  facet normal 0.831465 0 -0.555578
    outer loop
      vertex 4.66792 0 16.5568
      vertex 4.36269 3 16.1
      vertex 4.66792 3 16.5568
    endloop
  endfacet
  facet normal 0.831465 0 -0.555578
    outer loop
      vertex 4.36269 3 16.1
      vertex 4.66792 0 16.5568
      vertex 4.36269 0 16.1
    endloop
  endfacet
  facet normal 0.659413 -8.35683e-18 0.751781
    outer loop
      vertex 5.03015 3 11.0302
      vertex 5.4432 0 10.6679
      vertex 5.4432 3 10.6679
    endloop
  endfacet
  facet normal 0.659413 -8.35683e-18 0.751781
    outer loop
      vertex 5.4432 0 10.6679
      vertex 5.03015 3 11.0302
      vertex 5.03015 0 11.0302
    endloop
  endfacet
  facet normal 0.0653459 3.19086e-19 -0.997863
    outer loop
      vertex 7.45179 0 18.1641
      vertex 8 3 18.2
      vertex 8 0 18.2
    endloop
  endfacet
  facet normal 0.0653459 3.19086e-19 -0.997863
    outer loop
      vertex 8 3 18.2
      vertex 7.45179 0 18.1641
      vertex 7.45179 3 18.1641
    endloop
  endfacet
  facet normal -0.321449 3.35709e-18 -0.946927
    outer loop
      vertex 9.08704 0 18.0569
      vertex 9.60727 3 17.8803
      vertex 9.60727 0 17.8803
    endloop
  endfacet
  facet normal -0.321449 3.35709e-18 -0.946927
    outer loop
      vertex 9.60727 3 17.8803
      vertex 9.08704 0 18.0569
      vertex 9.08704 3 18.0569
    endloop
  endfacet
  facet normal -0.55554 -5.52124e-18 -0.83149
    outer loop
      vertex 10.1 0 17.6373
      vertex 10.5568 3 17.3321
      vertex 10.5568 0 17.3321
    endloop
  endfacet
  facet normal -0.55554 -5.52124e-18 -0.83149
    outer loop
      vertex 10.5568 3 17.3321
      vertex 10.1 0 17.6373
      vertex 10.1 3 17.6373
    endloop
  endfacet
  facet normal 0.980783 -0 0.195101
    outer loop
      vertex 3.83593 0 13.4518
      vertex 3.94311 3 12.913
      vertex 3.83593 3 13.4518
    endloop
  endfacet
  facet normal 0.980783 0 0.195101
    outer loop
      vertex 3.94311 3 12.913
      vertex 3.83593 0 13.4518
      vertex 3.94311 0 12.913
    endloop
  endfacet
  facet normal 0.55554 -7.38546e-18 -0.83149
    outer loop
      vertex 5.4432 0 17.3321
      vertex 5.9 3 17.6373
      vertex 5.9 0 17.6373
    endloop
  endfacet
  facet normal 0.55554 -7.38546e-18 -0.83149
    outer loop
      vertex 5.9 3 17.6373
      vertex 5.4432 0 17.3321
      vertex 5.4432 3 17.3321
    endloop
  endfacet
endsolid OpenSCAD_Model
