solid OpenSCAD_Model
  facet normal 1 -0 0
    outer loop
      vertex 0.5 0 2.5
      vertex 0.5 3 2
      vertex 0.5 3 2.5
    endloop
  endfacet
  facet normal 1 0 0
    outer loop
      vertex 0.5 3 2
      vertex 0.5 0 2.5
      vertex 0.5 0 2
    endloop
  endfacet
  facet normal -0 0 1
    outer loop
      vertex 0 3 2.5
      vertex 0.5 0 2.5
      vertex 0.5 3 2.5
    endloop
  endfacet
  facet normal 0 0 1
    outer loop
      vertex 0.5 0 2.5
      vertex 0 3 2.5
      vertex 0 0 2.5
    endloop
  endfacet
  facet normal -0 0 1
    outer loop
      vertex 136.5 3 2
      vertex 137.16 0 2
      vertex 137.16 3 2
    endloop
  endfacet
  facet normal 0 0 1
    outer loop
      vertex 137.16 0 2
      vertex 136.5 3 2
      vertex 136.5 0 2
    endloop
  endfacet
  facet normal -0 0 1
    outer loop
      vertex 30.5 3 2
      vertex 31 0 2
      vertex 31 3 2
    endloop
  endfacet
  facet normal 0 0 1
    outer loop
      vertex 31 0 2
      vertex 30.5 3 2
      vertex 30.5 0 2
    endloop
  endfacet
  facet normal -0 0 1
    outer loop
      vertex 29.5 3 2
      vertex 30 0 2
      vertex 30 3 2
    endloop
  endfacet
  facet normal 0 0 1
    outer loop
      vertex 30 0 2
      vertex 29.5 3 2
      vertex 29.5 0 2
    endloop
  endfacet
  facet normal -0 0 1
    outer loop
      vertex 62.5 3 2
      vertex 63 0 2
      vertex 63 3 2
    endloop
  endfacet
  facet normal 0 0 1
    outer loop
      vertex 63 0 2
      vertex 62.5 3 2
      vertex 62.5 0 2
    endloop
  endfacet
  facet normal -0 0 1
    outer loop
      vertex 61.5 3 2
      vertex 62 0 2
      vertex 62 3 2
    endloop
  endfacet
  facet normal 0 0 1
    outer loop
      vertex 62 0 2
      vertex 61.5 3 2
      vertex 61.5 0 2
    endloop
  endfacet
  facet normal -0 0 1
    outer loop
      vertex 128.5 3 2
      vertex 129 0 2
      vertex 129 3 2
    endloop
  endfacet
  facet normal 0 0 1
    outer loop
      vertex 129 0 2
      vertex 128.5 3 2
      vertex 128.5 0 2
    endloop
  endfacet
  facet normal -0 0 1
    outer loop
      vertex 127.5 3 2
      vertex 128 0 2
      vertex 128 3 2
    endloop
  endfacet
  facet normal 0 0 1
    outer loop
      vertex 128 0 2
      vertex 127.5 3 2
      vertex 127.5 0 2
    endloop
  endfacet
  facet normal -0 0 1
    outer loop
      vertex 121.5 3 2
      vertex 122 0 2
      vertex 122 3 2
    endloop
  endfacet
  facet normal 0 0 1
    outer loop
      vertex 122 0 2
      vertex 121.5 3 2
      vertex 121.5 0 2
    endloop
  endfacet
  facet normal -0 0 1
    outer loop
      vertex 120.5 3 2
      vertex 121 0 2
      vertex 121 3 2
    endloop
  endfacet
  facet normal 0 0 1
    outer loop
      vertex 121 0 2
      vertex 120.5 3 2
      vertex 120.5 0 2
    endloop
  endfacet
  facet normal -0 0 1
    outer loop
      vertex 13.5 3 2
      vertex 14 0 2
      vertex 14 3 2
    endloop
  endfacet
  facet normal 0 0 1
    outer loop
      vertex 14 0 2
      vertex 13.5 3 2
      vertex 13.5 0 2
    endloop
  endfacet
  facet normal -0 0 1
    outer loop
      vertex 12.5 3 2
      vertex 13 0 2
      vertex 13 3 2
    endloop
  endfacet
  facet normal 0 0 1
    outer loop
      vertex 13 0 2
      vertex 12.5 3 2
      vertex 12.5 0 2
    endloop
  endfacet
  facet normal -0 0 1
    outer loop
      vertex 28.5 3 2
      vertex 29 0 2
      vertex 29 3 2
    endloop
  endfacet
  facet normal 0 0 1
    outer loop
      vertex 29 0 2
      vertex 28.5 3 2
      vertex 28.5 0 2
    endloop
  endfacet
  facet normal -0 0 1
    outer loop
      vertex 27.5 3 2
      vertex 28 0 2
      vertex 28 3 2
    endloop
  endfacet
  facet normal 0 0 1
    outer loop
      vertex 28 0 2
      vertex 27.5 3 2
      vertex 27.5 0 2
    endloop
  endfacet
  facet normal -0 0 1
    outer loop
      vertex 119.5 3 2
      vertex 120 0 2
      vertex 120 3 2
    endloop
  endfacet
  facet normal 0 0 1
    outer loop
      vertex 120 0 2
      vertex 119.5 3 2
      vertex 119.5 0 2
    endloop
  endfacet
  facet normal -0 0 1
    outer loop
      vertex 118.5 3 2
      vertex 119 0 2
      vertex 119 3 2
    endloop
  endfacet
  facet normal 0 0 1
    outer loop
      vertex 119 0 2
      vertex 118.5 3 2
      vertex 118.5 0 2
    endloop
  endfacet
  facet normal -0 0 1
    outer loop
      vertex 75.5 3 2
      vertex 76 0 2
      vertex 76 3 2
    endloop
  endfacet
  facet normal 0 0 1
    outer loop
      vertex 76 0 2
      vertex 75.5 3 2
      vertex 75.5 0 2
    endloop
  endfacet
  facet normal -0 0 1
    outer loop
      vertex 74.5 3 2
      vertex 75 0 2
      vertex 75 3 2
    endloop
  endfacet
  facet normal 0 0 1
    outer loop
      vertex 75 0 2
      vertex 74.5 3 2
      vertex 74.5 0 2
    endloop
  endfacet
  facet normal -0 0 1
    outer loop
      vertex 17.5 3 2
      vertex 18 0 2
      vertex 18 3 2
    endloop
  endfacet
  facet normal 0 0 1
    outer loop
      vertex 18 0 2
      vertex 17.5 3 2
      vertex 17.5 0 2
    endloop
  endfacet
  facet normal -0 0 1
    outer loop
      vertex 16.5 3 2
      vertex 17 0 2
      vertex 17 3 2
    endloop
  endfacet
  facet normal 0 0 1
    outer loop
      vertex 17 0 2
      vertex 16.5 3 2
      vertex 16.5 0 2
    endloop
  endfacet
  facet normal -0 0 1
    outer loop
      vertex 132.5 3 2
      vertex 133 0 2
      vertex 133 3 2
    endloop
  endfacet
  facet normal 0 0 1
    outer loop
      vertex 133 0 2
      vertex 132.5 3 2
      vertex 132.5 0 2
    endloop
  endfacet
  facet normal -0 0 1
    outer loop
      vertex 131.5 3 2
      vertex 132 0 2
      vertex 132 3 2
    endloop
  endfacet
  facet normal 0 0 1
    outer loop
      vertex 132 0 2
      vertex 131.5 3 2
      vertex 131.5 0 2
    endloop
  endfacet
  facet normal -0 0 1
    outer loop
      vertex 123.5 3 2
      vertex 124 0 2
      vertex 124 3 2
    endloop
  endfacet
  facet normal 0 0 1
    outer loop
      vertex 124 0 2
      vertex 123.5 3 2
      vertex 123.5 0 2
    endloop
  endfacet
  facet normal -0 0 1
    outer loop
      vertex 122.5 3 2
      vertex 123 0 2
      vertex 123 3 2
    endloop
  endfacet
  facet normal 0 0 1
    outer loop
      vertex 123 0 2
      vertex 122.5 3 2
      vertex 122.5 0 2
    endloop
  endfacet
  facet normal -0 0 1
    outer loop
      vertex 60.5 3 2
      vertex 61 0 2
      vertex 61 3 2
    endloop
  endfacet
  facet normal 0 0 1
    outer loop
      vertex 61 0 2
      vertex 60.5 3 2
      vertex 60.5 0 2
    endloop
  endfacet
  facet normal -0 0 1
    outer loop
      vertex 124.5 3 2
      vertex 125 0 2
      vertex 125 3 2
    endloop
  endfacet
  facet normal 0 0 1
    outer loop
      vertex 125 0 2
      vertex 124.5 3 2
      vertex 124.5 0 2
    endloop
  endfacet
  facet normal -0 0 1
    outer loop
      vertex 78.5 3 2
      vertex 79 0 2
      vertex 79 3 2
    endloop
  endfacet
  facet normal 0 0 1
    outer loop
      vertex 79 0 2
      vertex 78.5 3 2
      vertex 78.5 0 2
    endloop
  endfacet
  facet normal -0 0 1
    outer loop
      vertex 77.5 3 2
      vertex 78 0 2
      vertex 78 3 2
    endloop
  endfacet
  facet normal 0 0 1
    outer loop
      vertex 78 0 2
      vertex 77.5 3 2
      vertex 77.5 0 2
    endloop
  endfacet
  facet normal -0 0 1
    outer loop
      vertex 76.5 3 2
      vertex 77 0 2
      vertex 77 3 2
    endloop
  endfacet
  facet normal 0 0 1
    outer loop
      vertex 77 0 2
      vertex 76.5 3 2
      vertex 76.5 0 2
    endloop
  endfacet
  facet normal -0 0 1
    outer loop
      vertex 135.5 3 2
      vertex 136 0 2
      vertex 136 3 2
    endloop
  endfacet
  facet normal 0 0 1
    outer loop
      vertex 136 0 2
      vertex 135.5 3 2
      vertex 135.5 0 2
    endloop
  endfacet
  facet normal -0 0 1
    outer loop
      vertex 134.5 3 2
      vertex 135 0 2
      vertex 135 3 2
    endloop
  endfacet
  facet normal 0 0 1
    outer loop
      vertex 135 0 2
      vertex 134.5 3 2
      vertex 134.5 0 2
    endloop
  endfacet
  facet normal -0 0 1
    outer loop
      vertex 125.5 3 2
      vertex 126 0 2
      vertex 126 3 2
    endloop
  endfacet
  facet normal 0 0 1
    outer loop
      vertex 126 0 2
      vertex 125.5 3 2
      vertex 125.5 0 2
    endloop
  endfacet
  facet normal -0 0 1
    outer loop
      vertex 133.5 3 2
      vertex 134 0 2
      vertex 134 3 2
    endloop
  endfacet
  facet normal 0 0 1
    outer loop
      vertex 134 0 2
      vertex 133.5 3 2
      vertex 133.5 0 2
    endloop
  endfacet
  facet normal -0 0 1
    outer loop
      vertex 108.5 3 2
      vertex 109 0 2
      vertex 109 3 2
    endloop
  endfacet
  facet normal 0 0 1
    outer loop
      vertex 109 0 2
      vertex 108.5 3 2
      vertex 108.5 0 2
    endloop
  endfacet
  facet normal -0 0 1
    outer loop
      vertex 107.5 3 2
      vertex 108 0 2
      vertex 108 3 2
    endloop
  endfacet
  facet normal 0 0 1
    outer loop
      vertex 108 0 2
      vertex 107.5 3 2
      vertex 107.5 0 2
    endloop
  endfacet
  facet normal -0 0 1
    outer loop
      vertex 106.5 3 2
      vertex 107 0 2
      vertex 107 3 2
    endloop
  endfacet
  facet normal 0 0 1
    outer loop
      vertex 107 0 2
      vertex 106.5 3 2
      vertex 106.5 0 2
    endloop
  endfacet
  facet normal -0 0 1
    outer loop
      vertex 49.5 3 2
      vertex 50 0 2
      vertex 50 3 2
    endloop
  endfacet
  facet normal 0 0 1
    outer loop
      vertex 50 0 2
      vertex 49.5 3 2
      vertex 49.5 0 2
    endloop
  endfacet
  facet normal -0 0 1
    outer loop
      vertex 48.5 3 2
      vertex 49 0 2
      vertex 49 3 2
    endloop
  endfacet
  facet normal 0 0 1
    outer loop
      vertex 49 0 2
      vertex 48.5 3 2
      vertex 48.5 0 2
    endloop
  endfacet
  facet normal -0 0 1
    outer loop
      vertex 100.5 3 2
      vertex 101 0 2
      vertex 101 3 2
    endloop
  endfacet
  facet normal 0 0 1
    outer loop
      vertex 101 0 2
      vertex 100.5 3 2
      vertex 100.5 0 2
    endloop
  endfacet
  facet normal -0 0 1
    outer loop
      vertex 99.5 3 2
      vertex 100 0 2
      vertex 100 3 2
    endloop
  endfacet
  facet normal 0 0 1
    outer loop
      vertex 100 0 2
      vertex 99.5 3 2
      vertex 99.5 0 2
    endloop
  endfacet
  facet normal -0 0 1
    outer loop
      vertex 103.5 3 2
      vertex 104 0 2
      vertex 104 3 2
    endloop
  endfacet
  facet normal 0 0 1
    outer loop
      vertex 104 0 2
      vertex 103.5 3 2
      vertex 103.5 0 2
    endloop
  endfacet
  facet normal -0 0 1
    outer loop
      vertex 102.5 3 2
      vertex 103 0 2
      vertex 103 3 2
    endloop
  endfacet
  facet normal 0 0 1
    outer loop
      vertex 103 0 2
      vertex 102.5 3 2
      vertex 102.5 0 2
    endloop
  endfacet
  facet normal -0 0 1
    outer loop
      vertex 11.5 3 2
      vertex 12 0 2
      vertex 12 3 2
    endloop
  endfacet
  facet normal 0 0 1
    outer loop
      vertex 12 0 2
      vertex 11.5 3 2
      vertex 11.5 0 2
    endloop
  endfacet
  facet normal -0 0 1
    outer loop
      vertex 10.5 3 2
      vertex 11 0 2
      vertex 11 3 2
    endloop
  endfacet
  facet normal 0 0 1
    outer loop
      vertex 11 0 2
      vertex 10.5 3 2
      vertex 10.5 0 2
    endloop
  endfacet
  facet normal -0 0 1
    outer loop
      vertex 6.5 3 2
      vertex 7 0 2
      vertex 7 3 2
    endloop
  endfacet
  facet normal 0 0 1
    outer loop
      vertex 7 0 2
      vertex 6.5 3 2
      vertex 6.5 0 2
    endloop
  endfacet
  facet normal -0 0 1
    outer loop
      vertex 5.5 3 2
      vertex 6 0 2
      vertex 6 3 2
    endloop
  endfacet
  facet normal 0 0 1
    outer loop
      vertex 6 0 2
      vertex 5.5 3 2
      vertex 5.5 0 2
    endloop
  endfacet
  facet normal -0 0 1
    outer loop
      vertex 14.5 3 2
      vertex 15 0 2
      vertex 15 3 2
    endloop
  endfacet
  facet normal 0 0 1
    outer loop
      vertex 15 0 2
      vertex 14.5 3 2
      vertex 14.5 0 2
    endloop
  endfacet
  facet normal -0 0 1
    outer loop
      vertex 7.5 3 2
      vertex 8 0 2
      vertex 8 3 2
    endloop
  endfacet
  facet normal 0 0 1
    outer loop
      vertex 8 0 2
      vertex 7.5 3 2
      vertex 7.5 0 2
    endloop
  endfacet
  facet normal -0 0 1
    outer loop
      vertex 15.5 3 2
      vertex 16 0 2
      vertex 16 3 2
    endloop
  endfacet
  facet normal 0 0 1
    outer loop
      vertex 16 0 2
      vertex 15.5 3 2
      vertex 15.5 0 2
    endloop
  endfacet
  facet normal -0 0 1
    outer loop
      vertex 1.5 3 2
      vertex 2 0 2
      vertex 2 3 2
    endloop
  endfacet
  facet normal 0 0 1
    outer loop
      vertex 2 0 2
      vertex 1.5 3 2
      vertex 1.5 0 2
    endloop
  endfacet
  facet normal -0 0 1
    outer loop
      vertex 0.5 3 2
      vertex 1 0 2
      vertex 1 3 2
    endloop
  endfacet
  facet normal 0 0 1
    outer loop
      vertex 1 0 2
      vertex 0.5 3 2
      vertex 0.5 0 2
    endloop
  endfacet
  facet normal -0 0 1
    outer loop
      vertex 4.5 3 2
      vertex 5 0 2
      vertex 5 3 2
    endloop
  endfacet
  facet normal 0 0 1
    outer loop
      vertex 5 0 2
      vertex 4.5 3 2
      vertex 4.5 0 2
    endloop
  endfacet
  facet normal -0 0 1
    outer loop
      vertex 3.5 3 2
      vertex 4 0 2
      vertex 4 3 2
    endloop
  endfacet
  facet normal 0 0 1
    outer loop
      vertex 4 0 2
      vertex 3.5 3 2
      vertex 3.5 0 2
    endloop
  endfacet
  facet normal -0 0 1
    outer loop
      vertex 86.5 3 2
      vertex 87 0 2
      vertex 87 3 2
    endloop
  endfacet
  facet normal 0 0 1
    outer loop
      vertex 87 0 2
      vertex 86.5 3 2
      vertex 86.5 0 2
    endloop
  endfacet
  facet normal -0 0 1
    outer loop
      vertex 85.5 3 2
      vertex 86 0 2
      vertex 86 3 2
    endloop
  endfacet
  facet normal 0 0 1
    outer loop
      vertex 86 0 2
      vertex 85.5 3 2
      vertex 85.5 0 2
    endloop
  endfacet
  facet normal -0 0 1
    outer loop
      vertex 84.5 3 2
      vertex 85 0 2
      vertex 85 3 2
    endloop
  endfacet
  facet normal 0 0 1
    outer loop
      vertex 85 0 2
      vertex 84.5 3 2
      vertex 84.5 0 2
    endloop
  endfacet
  facet normal -0 0 1
    outer loop
      vertex 2.5 3 2
      vertex 3 0 2
      vertex 3 3 2
    endloop
  endfacet
  facet normal 0 0 1
    outer loop
      vertex 3 0 2
      vertex 2.5 3 2
      vertex 2.5 0 2
    endloop
  endfacet
  facet normal -0 0 1
    outer loop
      vertex 8.5 3 2
      vertex 9 0 2
      vertex 9 3 2
    endloop
  endfacet
  facet normal 0 0 1
    outer loop
      vertex 9 0 2
      vertex 8.5 3 2
      vertex 8.5 0 2
    endloop
  endfacet
  facet normal -0 0 1
    outer loop
      vertex 98.5 3 2
      vertex 99 0 2
      vertex 99 3 2
    endloop
  endfacet
  facet normal 0 0 1
    outer loop
      vertex 99 0 2
      vertex 98.5 3 2
      vertex 98.5 0 2
    endloop
  endfacet
  facet normal -0 0 1
    outer loop
      vertex 23.5 3 2
      vertex 24 0 2
      vertex 24 3 2
    endloop
  endfacet
  facet normal 0 0 1
    outer loop
      vertex 24 0 2
      vertex 23.5 3 2
      vertex 23.5 0 2
    endloop
  endfacet
  facet normal -0 0 1
    outer loop
      vertex 22.5 3 2
      vertex 23 0 2
      vertex 23 3 2
    endloop
  endfacet
  facet normal 0 0 1
    outer loop
      vertex 23 0 2
      vertex 22.5 3 2
      vertex 22.5 0 2
    endloop
  endfacet
  facet normal -0 0 1
    outer loop
      vertex 90.5 3 2
      vertex 91 0 2
      vertex 91 3 2
    endloop
  endfacet
  facet normal 0 0 1
    outer loop
      vertex 91 0 2
      vertex 90.5 3 2
      vertex 90.5 0 2
    endloop
  endfacet
  facet normal -0 0 1
    outer loop
      vertex 89.5 3 2
      vertex 90 0 2
      vertex 90 3 2
    endloop
  endfacet
  facet normal 0 0 1
    outer loop
      vertex 90 0 2
      vertex 89.5 3 2
      vertex 89.5 0 2
    endloop
  endfacet
  facet normal -0 0 1
    outer loop
      vertex 88.5 3 2
      vertex 89 0 2
      vertex 89 3 2
    endloop
  endfacet
  facet normal 0 0 1
    outer loop
      vertex 89 0 2
      vertex 88.5 3 2
      vertex 88.5 0 2
    endloop
  endfacet
  facet normal -0 0 1
    outer loop
      vertex 59.5 3 2
      vertex 60 0 2
      vertex 60 3 2
    endloop
  endfacet
  facet normal 0 0 1
    outer loop
      vertex 60 0 2
      vertex 59.5 3 2
      vertex 59.5 0 2
    endloop
  endfacet
  facet normal -0 0 1
    outer loop
      vertex 130.5 3 2
      vertex 131 0 2
      vertex 131 3 2
    endloop
  endfacet
  facet normal 0 0 1
    outer loop
      vertex 131 0 2
      vertex 130.5 3 2
      vertex 130.5 0 2
    endloop
  endfacet
  facet normal -0 0 1
    outer loop
      vertex 129.5 3 2
      vertex 130 0 2
      vertex 130 3 2
    endloop
  endfacet
  facet normal 0 0 1
    outer loop
      vertex 130 0 2
      vertex 129.5 3 2
      vertex 129.5 0 2
    endloop
  endfacet
  facet normal -0 0 1
    outer loop
      vertex 116.5 3 2
      vertex 117 0 2
      vertex 117 3 2
    endloop
  endfacet
  facet normal 0 0 1
    outer loop
      vertex 117 0 2
      vertex 116.5 3 2
      vertex 116.5 0 2
    endloop
  endfacet
  facet normal -0 0 1
    outer loop
      vertex 115.5 3 2
      vertex 116 0 2
      vertex 116 3 2
    endloop
  endfacet
  facet normal 0 0 1
    outer loop
      vertex 116 0 2
      vertex 115.5 3 2
      vertex 115.5 0 2
    endloop
  endfacet
  facet normal -0 0 1
    outer loop
      vertex 114.5 3 2
      vertex 115 0 2
      vertex 115 3 2
    endloop
  endfacet
  facet normal 0 0 1
    outer loop
      vertex 115 0 2
      vertex 114.5 3 2
      vertex 114.5 0 2
    endloop
  endfacet
  facet normal -0 0 1
    outer loop
      vertex 111.5 3 2
      vertex 112 0 2
      vertex 112 3 2
    endloop
  endfacet
  facet normal 0 0 1
    outer loop
      vertex 112 0 2
      vertex 111.5 3 2
      vertex 111.5 0 2
    endloop
  endfacet
  facet normal -0 0 1
    outer loop
      vertex 110.5 3 2
      vertex 111 0 2
      vertex 111 3 2
    endloop
  endfacet
  facet normal 0 0 1
    outer loop
      vertex 111 0 2
      vertex 110.5 3 2
      vertex 110.5 0 2
    endloop
  endfacet
  facet normal -0 0 1
    outer loop
      vertex 43.5 3 2
      vertex 44 0 2
      vertex 44 3 2
    endloop
  endfacet
  facet normal 0 0 1
    outer loop
      vertex 44 0 2
      vertex 43.5 3 2
      vertex 43.5 0 2
    endloop
  endfacet
  facet normal -0 0 1
    outer loop
      vertex 42.5 3 2
      vertex 43 0 2
      vertex 43 3 2
    endloop
  endfacet
  facet normal 0 0 1
    outer loop
      vertex 43 0 2
      vertex 42.5 3 2
      vertex 42.5 0 2
    endloop
  endfacet
  facet normal -0 0 1
    outer loop
      vertex 87.5 3 2
      vertex 88 0 2
      vertex 88 3 2
    endloop
  endfacet
  facet normal 0 0 1
    outer loop
      vertex 88 0 2
      vertex 87.5 3 2
      vertex 87.5 0 2
    endloop
  endfacet
  facet normal -0 0 1
    outer loop
      vertex 40.5 3 2
      vertex 41 0 2
      vertex 41 3 2
    endloop
  endfacet
  facet normal 0 0 1
    outer loop
      vertex 41 0 2
      vertex 40.5 3 2
      vertex 40.5 0 2
    endloop
  endfacet
  facet normal -0 0 1
    outer loop
      vertex 39.5 3 2
      vertex 40 0 2
      vertex 40 3 2
    endloop
  endfacet
  facet normal 0 0 1
    outer loop
      vertex 40 0 2
      vertex 39.5 3 2
      vertex 39.5 0 2
    endloop
  endfacet
  facet normal -0 0 1
    outer loop
      vertex 82.5 3 2
      vertex 83 0 2
      vertex 83 3 2
    endloop
  endfacet
  facet normal 0 0 1
    outer loop
      vertex 83 0 2
      vertex 82.5 3 2
      vertex 82.5 0 2
    endloop
  endfacet
  facet normal -0 0 1
    outer loop
      vertex 81.5 3 2
      vertex 82 0 2
      vertex 82 3 2
    endloop
  endfacet
  facet normal 0 0 1
    outer loop
      vertex 82 0 2
      vertex 81.5 3 2
      vertex 81.5 0 2
    endloop
  endfacet
  facet normal -0 0 1
    outer loop
      vertex 80.5 3 2
      vertex 81 0 2
      vertex 81 3 2
    endloop
  endfacet
  facet normal 0 0 1
    outer loop
      vertex 81 0 2
      vertex 80.5 3 2
      vertex 80.5 0 2
    endloop
  endfacet
  facet normal -0 0 1
    outer loop
      vertex 38.5 3 2
      vertex 39 0 2
      vertex 39 3 2
    endloop
  endfacet
  facet normal 0 0 1
    outer loop
      vertex 39 0 2
      vertex 38.5 3 2
      vertex 38.5 0 2
    endloop
  endfacet
  facet normal -0 0 1
    outer loop
      vertex 79.5 3 2
      vertex 80 0 2
      vertex 80 3 2
    endloop
  endfacet
  facet normal 0 0 1
    outer loop
      vertex 80 0 2
      vertex 79.5 3 2
      vertex 79.5 0 2
    endloop
  endfacet
  facet normal -0 0 1
    outer loop
      vertex 101.5 3 2
      vertex 102 0 2
      vertex 102 3 2
    endloop
  endfacet
  facet normal 0 0 1
    outer loop
      vertex 102 0 2
      vertex 101.5 3 2
      vertex 101.5 0 2
    endloop
  endfacet
  facet normal -0 0 1
    outer loop
      vertex 83.5 3 2
      vertex 84 0 2
      vertex 84 3 2
    endloop
  endfacet
  facet normal 0 0 1
    outer loop
      vertex 84 0 2
      vertex 83.5 3 2
      vertex 83.5 0 2
    endloop
  endfacet
  facet normal -0 0 1
    outer loop
      vertex 19.5 3 2
      vertex 20 0 2
      vertex 20 3 2
    endloop
  endfacet
  facet normal 0 0 1
    outer loop
      vertex 20 0 2
      vertex 19.5 3 2
      vertex 19.5 0 2
    endloop
  endfacet
  facet normal -0 0 1
    outer loop
      vertex 18.5 3 2
      vertex 19 0 2
      vertex 19 3 2
    endloop
  endfacet
  facet normal 0 0 1
    outer loop
      vertex 19 0 2
      vertex 18.5 3 2
      vertex 18.5 0 2
    endloop
  endfacet
  facet normal -0 0 1
    outer loop
      vertex 31.5 3 2
      vertex 32 0 2
      vertex 32 3 2
    endloop
  endfacet
  facet normal 0 0 1
    outer loop
      vertex 32 0 2
      vertex 31.5 3 2
      vertex 31.5 0 2
    endloop
  endfacet
  facet normal -0 0 1
    outer loop
      vertex 64.5 3 2
      vertex 65 0 2
      vertex 65 3 2
    endloop
  endfacet
  facet normal 0 0 1
    outer loop
      vertex 65 0 2
      vertex 64.5 3 2
      vertex 64.5 0 2
    endloop
  endfacet
  facet normal -0 0 1
    outer loop
      vertex 63.5 3 2
      vertex 64 0 2
      vertex 64 3 2
    endloop
  endfacet
  facet normal 0 0 1
    outer loop
      vertex 64 0 2
      vertex 63.5 3 2
      vertex 63.5 0 2
    endloop
  endfacet
  facet normal -0 0 1
    outer loop
      vertex 9.5 3 2
      vertex 10 0 2
      vertex 10 3 2
    endloop
  endfacet
  facet normal 0 0 1
    outer loop
      vertex 10 0 2
      vertex 9.5 3 2
      vertex 9.5 0 2
    endloop
  endfacet
  facet normal -0 0 1
    outer loop
      vertex 54.5 3 2
      vertex 55 0 2
      vertex 55 3 2
    endloop
  endfacet
  facet normal 0 0 1
    outer loop
      vertex 55 0 2
      vertex 54.5 3 2
      vertex 54.5 0 2
    endloop
  endfacet
  facet normal -0 0 1
    outer loop
      vertex 53.5 3 2
      vertex 54 0 2
      vertex 54 3 2
    endloop
  endfacet
  facet normal 0 0 1
    outer loop
      vertex 54 0 2
      vertex 53.5 3 2
      vertex 53.5 0 2
    endloop
  endfacet
  facet normal -0 0 1
    outer loop
      vertex 109.5 3 2
      vertex 110 0 2
      vertex 110 3 2
    endloop
  endfacet
  facet normal 0 0 1
    outer loop
      vertex 110 0 2
      vertex 109.5 3 2
      vertex 109.5 0 2
    endloop
  endfacet
  facet normal -0 0 1
    outer loop
      vertex 52.5 3 2
      vertex 53 0 2
      vertex 53 3 2
    endloop
  endfacet
  facet normal 0 0 1
    outer loop
      vertex 53 0 2
      vertex 52.5 3 2
      vertex 52.5 0 2
    endloop
  endfacet
  facet normal -0 0 1
    outer loop
      vertex 26.5 3 2
      vertex 27 0 2
      vertex 27 3 2
    endloop
  endfacet
  facet normal 0 0 1
    outer loop
      vertex 27 0 2
      vertex 26.5 3 2
      vertex 26.5 0 2
    endloop
  endfacet
  facet normal -0 0 1
    outer loop
      vertex 56.5 3 2
      vertex 57 0 2
      vertex 57 3 2
    endloop
  endfacet
  facet normal 0 0 1
    outer loop
      vertex 57 0 2
      vertex 56.5 3 2
      vertex 56.5 0 2
    endloop
  endfacet
  facet normal -0 0 1
    outer loop
      vertex 55.5 3 2
      vertex 56 0 2
      vertex 56 3 2
    endloop
  endfacet
  facet normal 0 0 1
    outer loop
      vertex 56 0 2
      vertex 55.5 3 2
      vertex 55.5 0 2
    endloop
  endfacet
  facet normal -0 0 1
    outer loop
      vertex 25.5 3 2
      vertex 26 0 2
      vertex 26 3 2
    endloop
  endfacet
  facet normal 0 0 1
    outer loop
      vertex 26 0 2
      vertex 25.5 3 2
      vertex 25.5 0 2
    endloop
  endfacet
  facet normal -0 0 1
    outer loop
      vertex 73.5 3 2
      vertex 74 0 2
      vertex 74 3 2
    endloop
  endfacet
  facet normal 0 0 1
    outer loop
      vertex 74 0 2
      vertex 73.5 3 2
      vertex 73.5 0 2
    endloop
  endfacet
  facet normal -0 0 1
    outer loop
      vertex 72.5 3 2
      vertex 73 0 2
      vertex 73 3 2
    endloop
  endfacet
  facet normal 0 0 1
    outer loop
      vertex 73 0 2
      vertex 72.5 3 2
      vertex 72.5 0 2
    endloop
  endfacet
  facet normal -0 0 1
    outer loop
      vertex 35.5 3 2
      vertex 36 0 2
      vertex 36 3 2
    endloop
  endfacet
  facet normal 0 0 1
    outer loop
      vertex 36 0 2
      vertex 35.5 3 2
      vertex 35.5 0 2
    endloop
  endfacet
  facet normal -0 0 1
    outer loop
      vertex 34.5 3 2
      vertex 35 0 2
      vertex 35 3 2
    endloop
  endfacet
  facet normal 0 0 1
    outer loop
      vertex 35 0 2
      vertex 34.5 3 2
      vertex 34.5 0 2
    endloop
  endfacet
  facet normal -0 0 1
    outer loop
      vertex 71.5 3 2
      vertex 72 0 2
      vertex 72 3 2
    endloop
  endfacet
  facet normal 0 0 1
    outer loop
      vertex 72 0 2
      vertex 71.5 3 2
      vertex 71.5 0 2
    endloop
  endfacet
  facet normal -0 0 1
    outer loop
      vertex 70.5 3 2
      vertex 71 0 2
      vertex 71 3 2
    endloop
  endfacet
  facet normal 0 0 1
    outer loop
      vertex 71 0 2
      vertex 70.5 3 2
      vertex 70.5 0 2
    endloop
  endfacet
  facet normal -0 0 1
    outer loop
      vertex 126.5 3 2
      vertex 127 0 2
      vertex 127 3 2
    endloop
  endfacet
  facet normal 0 0 1
    outer loop
      vertex 127 0 2
      vertex 126.5 3 2
      vertex 126.5 0 2
    endloop
  endfacet
  facet normal -0 0 1
    outer loop
      vertex 58.5 3 2
      vertex 59 0 2
      vertex 59 3 2
    endloop
  endfacet
  facet normal 0 0 1
    outer loop
      vertex 59 0 2
      vertex 58.5 3 2
      vertex 58.5 0 2
    endloop
  endfacet
  facet normal -0 0 1
    outer loop
      vertex 105.5 3 2
      vertex 106 0 2
      vertex 106 3 2
    endloop
  endfacet
  facet normal 0 0 1
    outer loop
      vertex 106 0 2
      vertex 105.5 3 2
      vertex 105.5 0 2
    endloop
  endfacet
  facet normal -0 0 1
    outer loop
      vertex 104.5 3 2
      vertex 105 0 2
      vertex 105 3 2
    endloop
  endfacet
  facet normal 0 0 1
    outer loop
      vertex 105 0 2
      vertex 104.5 3 2
      vertex 104.5 0 2
    endloop
  endfacet
  facet normal -0 0 1
    outer loop
      vertex 36.5 3 2
      vertex 37 0 2
      vertex 37 3 2
    endloop
  endfacet
  facet normal 0 0 1
    outer loop
      vertex 37 0 2
      vertex 36.5 3 2
      vertex 36.5 0 2
    endloop
  endfacet
  facet normal -0 0 1
    outer loop
      vertex 66.5 3 2
      vertex 67 0 2
      vertex 67 3 2
    endloop
  endfacet
  facet normal 0 0 1
    outer loop
      vertex 67 0 2
      vertex 66.5 3 2
      vertex 66.5 0 2
    endloop
  endfacet
  facet normal -0 0 1
    outer loop
      vertex 65.5 3 2
      vertex 66 0 2
      vertex 66 3 2
    endloop
  endfacet
  facet normal 0 0 1
    outer loop
      vertex 66 0 2
      vertex 65.5 3 2
      vertex 65.5 0 2
    endloop
  endfacet
  facet normal -0 0 1
    outer loop
      vertex 32.5 3 2
      vertex 33 0 2
      vertex 33 3 2
    endloop
  endfacet
  facet normal 0 0 1
    outer loop
      vertex 33 0 2
      vertex 32.5 3 2
      vertex 32.5 0 2
    endloop
  endfacet
  facet normal -0 0 1
    outer loop
      vertex 46.5 3 2
      vertex 47 0 2
      vertex 47 3 2
    endloop
  endfacet
  facet normal 0 0 1
    outer loop
      vertex 47 0 2
      vertex 46.5 3 2
      vertex 46.5 0 2
    endloop
  endfacet
  facet normal -0 0 1
    outer loop
      vertex 45.5 3 2
      vertex 46 0 2
      vertex 46 3 2
    endloop
  endfacet
  facet normal 0 0 1
    outer loop
      vertex 46 0 2
      vertex 45.5 3 2
      vertex 45.5 0 2
    endloop
  endfacet
  facet normal -0 0 1
    outer loop
      vertex 94.5 3 2
      vertex 95 0 2
      vertex 95 3 2
    endloop
  endfacet
  facet normal 0 0 1
    outer loop
      vertex 95 0 2
      vertex 94.5 3 2
      vertex 94.5 0 2
    endloop
  endfacet
  facet normal -0 0 1
    outer loop
      vertex 93.5 3 2
      vertex 94 0 2
      vertex 94 3 2
    endloop
  endfacet
  facet normal 0 0 1
    outer loop
      vertex 94 0 2
      vertex 93.5 3 2
      vertex 93.5 0 2
    endloop
  endfacet
  facet normal -0 0 1
    outer loop
      vertex 92.5 3 2
      vertex 93 0 2
      vertex 93 3 2
    endloop
  endfacet
  facet normal 0 0 1
    outer loop
      vertex 93 0 2
      vertex 92.5 3 2
      vertex 92.5 0 2
    endloop
  endfacet
  facet normal -0 0 1
    outer loop
      vertex 44.5 3 2
      vertex 45 0 2
      vertex 45 3 2
    endloop
  endfacet
  facet normal 0 0 1
    outer loop
      vertex 45 0 2
      vertex 44.5 3 2
      vertex 44.5 0 2
    endloop
  endfacet
  facet normal -0 0 1
    outer loop
      vertex 21.5 3 2
      vertex 22 0 2
      vertex 22 3 2
    endloop
  endfacet
  facet normal 0 0 1
    outer loop
      vertex 22 0 2
      vertex 21.5 3 2
      vertex 21.5 0 2
    endloop
  endfacet
  facet normal -0 0 1
    outer loop
      vertex 24.5 3 2
      vertex 25 0 2
      vertex 25 3 2
    endloop
  endfacet
  facet normal 0 0 1
    outer loop
      vertex 25 0 2
      vertex 24.5 3 2
      vertex 24.5 0 2
    endloop
  endfacet
  facet normal -0 0 1
    outer loop
      vertex 50.5 3 2
      vertex 51 0 2
      vertex 51 3 2
    endloop
  endfacet
  facet normal 0 0 1
    outer loop
      vertex 51 0 2
      vertex 50.5 3 2
      vertex 50.5 0 2
    endloop
  endfacet
  facet normal -0 0 1
    outer loop
      vertex 68.5 3 2
      vertex 69 0 2
      vertex 69 3 2
    endloop
  endfacet
  facet normal 0 0 1
    outer loop
      vertex 69 0 2
      vertex 68.5 3 2
      vertex 68.5 0 2
    endloop
  endfacet
  facet normal -0 0 1
    outer loop
      vertex 67.5 3 2
      vertex 68 0 2
      vertex 68 3 2
    endloop
  endfacet
  facet normal 0 0 1
    outer loop
      vertex 68 0 2
      vertex 67.5 3 2
      vertex 67.5 0 2
    endloop
  endfacet
  facet normal -0 0 1
    outer loop
      vertex 113.5 3 2
      vertex 114 0 2
      vertex 114 3 2
    endloop
  endfacet
  facet normal 0 0 1
    outer loop
      vertex 114 0 2
      vertex 113.5 3 2
      vertex 113.5 0 2
    endloop
  endfacet
  facet normal -0 0 1
    outer loop
      vertex 112.5 3 2
      vertex 113 0 2
      vertex 113 3 2
    endloop
  endfacet
  facet normal 0 0 1
    outer loop
      vertex 113 0 2
      vertex 112.5 3 2
      vertex 112.5 0 2
    endloop
  endfacet
  facet normal -0 0 1
    outer loop
      vertex 97.5 3 2
      vertex 98 0 2
      vertex 98 3 2
    endloop
  endfacet
  facet normal 0 0 1
    outer loop
      vertex 98 0 2
      vertex 97.5 3 2
      vertex 97.5 0 2
    endloop
  endfacet
  facet normal -0 0 1
    outer loop
      vertex 96.5 3 2
      vertex 97 0 2
      vertex 97 3 2
    endloop
  endfacet
  facet normal 0 0 1
    outer loop
      vertex 97 0 2
      vertex 96.5 3 2
      vertex 96.5 0 2
    endloop
  endfacet
  facet normal -0 0 1
    outer loop
      vertex 47.5 3 2
      vertex 48 0 2
      vertex 48 3 2
    endloop
  endfacet
  facet normal 0 0 1
    outer loop
      vertex 48 0 2
      vertex 47.5 3 2
      vertex 47.5 0 2
    endloop
  endfacet
  facet normal -0 0 1
    outer loop
      vertex 57.5 3 2
      vertex 58 0 2
      vertex 58 3 2
    endloop
  endfacet
  facet normal 0 0 1
    outer loop
      vertex 58 0 2
      vertex 57.5 3 2
      vertex 57.5 0 2
    endloop
  endfacet
  facet normal -0 0 1
    outer loop
      vertex 117.5 3 2
      vertex 118 0 2
      vertex 118 3 2
    endloop
  endfacet
  facet normal 0 0 1
    outer loop
      vertex 118 0 2
      vertex 117.5 3 2
      vertex 117.5 0 2
    endloop
  endfacet
  facet normal -0 0 1
    outer loop
      vertex 51.5 3 2
      vertex 52 0 2
      vertex 52 3 2
    endloop
  endfacet
  facet normal 0 0 1
    outer loop
      vertex 52 0 2
      vertex 51.5 3 2
      vertex 51.5 0 2
    endloop
  endfacet
  facet normal -0 0 1
    outer loop
      vertex 20.5 3 2
      vertex 21 0 2
      vertex 21 3 2
    endloop
  endfacet
  facet normal 0 0 1
    outer loop
      vertex 21 0 2
      vertex 20.5 3 2
      vertex 20.5 0 2
    endloop
  endfacet
  facet normal -0 0 1
    outer loop
      vertex 41.5 3 2
      vertex 42 0 2
      vertex 42 3 2
    endloop
  endfacet
  facet normal 0 0 1
    outer loop
      vertex 42 0 2
      vertex 41.5 3 2
      vertex 41.5 0 2
    endloop
  endfacet
  facet normal -0 0 1
    outer loop
      vertex 37.5 3 2
      vertex 38 0 2
      vertex 38 3 2
    endloop
  endfacet
  facet normal 0 0 1
    outer loop
      vertex 38 0 2
      vertex 37.5 3 2
      vertex 37.5 0 2
    endloop
  endfacet
  facet normal -0 0 1
    outer loop
      vertex 33.5 3 2
      vertex 34 0 2
      vertex 34 3 2
    endloop
  endfacet
  facet normal 0 0 1
    outer loop
      vertex 34 0 2
      vertex 33.5 3 2
      vertex 33.5 0 2
    endloop
  endfacet
  facet normal -0 0 1
    outer loop
      vertex 69.5 3 2
      vertex 70 0 2
      vertex 70 3 2
    endloop
  endfacet
  facet normal 0 0 1
    outer loop
      vertex 70 0 2
      vertex 69.5 3 2
      vertex 69.5 0 2
    endloop
  endfacet
  facet normal -0 0 1
    outer loop
      vertex 95.5 3 2
      vertex 96 0 2
      vertex 96 3 2
    endloop
  endfacet
  facet normal 0 0 1
    outer loop
      vertex 96 0 2
      vertex 95.5 3 2
      vertex 95.5 0 2
    endloop
  endfacet
  facet normal -0 0 1
    outer loop
      vertex 91.5 3 2
      vertex 92 0 2
      vertex 92 3 2
    endloop
  endfacet
  facet normal 0 0 1
    outer loop
      vertex 92 0 2
      vertex 91.5 3 2
      vertex 91.5 0 2
    endloop
  endfacet
  facet normal -1 0 0
    outer loop
      vertex 0 2.72459 -0.0435858
      vertex 0 3 2.5
      vertex 0 3 -0.179405
    endloop
  endfacet
  facet normal -1 0 0
    outer loop
      vertex 0 2.59619 0
      vertex 0 3 2.5
      vertex 0 2.72459 -0.0435858
    endloop
  endfacet
  facet normal -1 0 0
    outer loop
      vertex 0 0.403812 0
      vertex 0 3 2.5
      vertex 0 2.59619 0
    endloop
  endfacet
  facet normal -1 0 0
    outer loop
      vertex 0 0 2.5
      vertex 0 0.403812 0
      vertex 0 0.275413 -0.0435858
    endloop
  endfacet
  facet normal -1 0 0
    outer loop
      vertex 0 0 2.5
      vertex 0 0.275413 -0.0435858
      vertex 0 0 -0.179404
    endloop
  endfacet
  facet normal -1 0 0
    outer loop
      vertex 0 0.403812 0
      vertex 0 0 2.5
      vertex 0 3 2.5
    endloop
  endfacet
  facet normal 0 1 -0
    outer loop
      vertex 137.16 3 -0.179405
      vertex 136.5 3 2
      vertex 137.16 3 2
    endloop
  endfacet
  facet normal 0 1 0
    outer loop
      vertex 136.5 3 2
      vertex 137.16 3 -0.179405
      vertex 136 3 2
    endloop
  endfacet
  facet normal 0 1 0
    outer loop
      vertex 136 3 2
      vertex 137.16 3 -0.179405
      vertex 135.5 3 2
    endloop
  endfacet
  facet normal -0 1 0
    outer loop
      vertex 134.16 3 0
      vertex 135.5 3 2
      vertex 137.16 3 -0.179405
    endloop
  endfacet
  facet normal 0 1 0
    outer loop
      vertex 135.5 3 2
      vertex 134.16 3 0
      vertex 135 3 2
    endloop
  endfacet
  facet normal 0 1 0
    outer loop
      vertex 134.5 3 2
      vertex 134.16 3 0
      vertex 134 3 2
    endloop
  endfacet
  facet normal 0 1 0
    outer loop
      vertex 134 3 2
      vertex 134.16 3 0
      vertex 133.5 3 2
    endloop
  endfacet
  facet normal 0 1 0
    outer loop
      vertex 133.5 3 2
      vertex 134.16 3 0
      vertex 133 3 2
    endloop
  endfacet
  facet normal 0 1 0
    outer loop
      vertex 133 3 2
      vertex 134.16 3 0
      vertex 132.5 3 2
    endloop
  endfacet
  facet normal 0 1 0
    outer loop
      vertex 132.5 3 2
      vertex 134.16 3 0
      vertex 132 3 2
    endloop
  endfacet
  facet normal 0 1 0
    outer loop
      vertex 132 3 2
      vertex 134.16 3 0
      vertex 131.5 3 2
    endloop
  endfacet
  facet normal 0 1 0
    outer loop
      vertex 131.5 3 2
      vertex 134.16 3 0
      vertex 131 3 2
    endloop
  endfacet
  facet normal 0 1 0
    outer loop
      vertex 131 3 2
      vertex 134.16 3 0
      vertex 130.5 3 2
    endloop
  endfacet
  facet normal 0 1 0
    outer loop
      vertex 130.5 3 2
      vertex 134.16 3 0
      vertex 130 3 2
    endloop
  endfacet
  facet normal 0 1 0
    outer loop
      vertex 130 3 2
      vertex 134.16 3 0
      vertex 129.5 3 2
    endloop
  endfacet
  facet normal 0 1 0
    outer loop
      vertex 129.5 3 2
      vertex 134.16 3 0
      vertex 129 3 2
    endloop
  endfacet
  facet normal 0 1 0
    outer loop
      vertex 129 3 2
      vertex 134.16 3 0
      vertex 128.5 3 2
    endloop
  endfacet
  facet normal 0 1 0
    outer loop
      vertex 128.5 3 2
      vertex 134.16 3 0
      vertex 128 3 2
    endloop
  endfacet
  facet normal 0 1 0
    outer loop
      vertex 128 3 2
      vertex 134.16 3 0
      vertex 127.5 3 2
    endloop
  endfacet
  facet normal 0 1 0
    outer loop
      vertex 127.5 3 2
      vertex 134.16 3 0
      vertex 127 3 2
    endloop
  endfacet
  facet normal 0 1 0
    outer loop
      vertex 127 3 2
      vertex 134.16 3 0
      vertex 126.5 3 2
    endloop
  endfacet
  facet normal 0 1 0
    outer loop
      vertex 126.5 3 2
      vertex 134.16 3 0
      vertex 126 3 2
    endloop
  endfacet
  facet normal 0 1 0
    outer loop
      vertex 126 3 2
      vertex 134.16 3 0
      vertex 125.5 3 2
    endloop
  endfacet
  facet normal 0 1 0
    outer loop
      vertex 125.5 3 2
      vertex 134.16 3 0
      vertex 125 3 2
    endloop
  endfacet
  facet normal 0 1 0
    outer loop
      vertex 125 3 2
      vertex 134.16 3 0
      vertex 124.5 3 2
    endloop
  endfacet
  facet normal 0 1 0
    outer loop
      vertex 124.5 3 2
      vertex 134.16 3 0
      vertex 124 3 2
    endloop
  endfacet
  facet normal 0 1 0
    outer loop
      vertex 124 3 2
      vertex 134.16 3 0
      vertex 123.5 3 2
    endloop
  endfacet
  facet normal 0 1 0
    outer loop
      vertex 123.5 3 2
      vertex 134.16 3 0
      vertex 123 3 2
    endloop
  endfacet
  facet normal 0 1 0
    outer loop
      vertex 123 3 2
      vertex 134.16 3 0
      vertex 122.5 3 2
    endloop
  endfacet
  facet normal 0 1 0
    outer loop
      vertex 122.5 3 2
      vertex 134.16 3 0
      vertex 122 3 2
    endloop
  endfacet
  facet normal 0 1 0
    outer loop
      vertex 122 3 2
      vertex 134.16 3 0
      vertex 121.5 3 2
    endloop
  endfacet
  facet normal 0 1 0
    outer loop
      vertex 121.5 3 2
      vertex 134.16 3 0
      vertex 121 3 2
    endloop
  endfacet
  facet normal 0 1 0
    outer loop
      vertex 121 3 2
      vertex 134.16 3 0
      vertex 120.5 3 2
    endloop
  endfacet
  facet normal 0 1 0
    outer loop
      vertex 120.5 3 2
      vertex 134.16 3 0
      vertex 120 3 2
    endloop
  endfacet
  facet normal 0 1 0
    outer loop
      vertex 120 3 2
      vertex 134.16 3 0
      vertex 119.5 3 2
    endloop
  endfacet
  facet normal 0 1 0
    outer loop
      vertex 119.5 3 2
      vertex 134.16 3 0
      vertex 119 3 2
    endloop
  endfacet
  facet normal 0 1 0
    outer loop
      vertex 119 3 2
      vertex 134.16 3 0
      vertex 118.5 3 2
    endloop
  endfacet
  facet normal 0 1 0
    outer loop
      vertex 118.5 3 2
      vertex 134.16 3 0
      vertex 118 3 2
    endloop
  endfacet
  facet normal 0 1 0
    outer loop
      vertex 118 3 2
      vertex 134.16 3 0
      vertex 117.5 3 2
    endloop
  endfacet
  facet normal 0 1 0
    outer loop
      vertex 117.5 3 2
      vertex 134.16 3 0
      vertex 117 3 2
    endloop
  endfacet
  facet normal 0 1 0
    outer loop
      vertex 117 3 2
      vertex 134.16 3 0
      vertex 116.5 3 2
    endloop
  endfacet
  facet normal 0 1 0
    outer loop
      vertex 116.5 3 2
      vertex 134.16 3 0
      vertex 116 3 2
    endloop
  endfacet
  facet normal 0 1 0
    outer loop
      vertex 116 3 2
      vertex 134.16 3 0
      vertex 115.5 3 2
    endloop
  endfacet
  facet normal 0 1 0
    outer loop
      vertex 115.5 3 2
      vertex 134.16 3 0
      vertex 115 3 2
    endloop
  endfacet
  facet normal 0 1 0
    outer loop
      vertex 115 3 2
      vertex 134.16 3 0
      vertex 114.5 3 2
    endloop
  endfacet
  facet normal 0 1 0
    outer loop
      vertex 114.5 3 2
      vertex 134.16 3 0
      vertex 114 3 2
    endloop
  endfacet
  facet normal 0 1 0
    outer loop
      vertex 114 3 2
      vertex 134.16 3 0
      vertex 113.5 3 2
    endloop
  endfacet
  facet normal 0 1 0
    outer loop
      vertex 113.5 3 2
      vertex 134.16 3 0
      vertex 113 3 2
    endloop
  endfacet
  facet normal 0 1 0
    outer loop
      vertex 113 3 2
      vertex 134.16 3 0
      vertex 112.5 3 2
    endloop
  endfacet
  facet normal 0 1 0
    outer loop
      vertex 112.5 3 2
      vertex 134.16 3 0
      vertex 112 3 2
    endloop
  endfacet
  facet normal 0 1 0
    outer loop
      vertex 112 3 2
      vertex 134.16 3 0
      vertex 111.5 3 2
    endloop
  endfacet
  facet normal 0 1 0
    outer loop
      vertex 111.5 3 2
      vertex 134.16 3 0
      vertex 111 3 2
    endloop
  endfacet
  facet normal 0 1 0
    outer loop
      vertex 111 3 2
      vertex 134.16 3 0
      vertex 110.5 3 2
    endloop
  endfacet
  facet normal 0 1 0
    outer loop
      vertex 110.5 3 2
      vertex 134.16 3 0
      vertex 110 3 2
    endloop
  endfacet
  facet normal 0 1 0
    outer loop
      vertex 110 3 2
      vertex 134.16 3 0
      vertex 109.5 3 2
    endloop
  endfacet
  facet normal 0 1 0
    outer loop
      vertex 109.5 3 2
      vertex 134.16 3 0
      vertex 109 3 2
    endloop
  endfacet
  facet normal 0 1 0
    outer loop
      vertex 109 3 2
      vertex 134.16 3 0
      vertex 108.5 3 2
    endloop
  endfacet
  facet normal 0 1 0
    outer loop
      vertex 108.5 3 2
      vertex 134.16 3 0
      vertex 108 3 2
    endloop
  endfacet
  facet normal 0 1 0
    outer loop
      vertex 108 3 2
      vertex 134.16 3 0
      vertex 107.5 3 2
    endloop
  endfacet
  facet normal 0 1 0
    outer loop
      vertex 107.5 3 2
      vertex 134.16 3 0
      vertex 107 3 2
    endloop
  endfacet
  facet normal 0 1 0
    outer loop
      vertex 107 3 2
      vertex 134.16 3 0
      vertex 106.5 3 2
    endloop
  endfacet
  facet normal 0 1 0
    outer loop
      vertex 106.5 3 2
      vertex 134.16 3 0
      vertex 106 3 2
    endloop
  endfacet
  facet normal 0 1 0
    outer loop
      vertex 106 3 2
      vertex 134.16 3 0
      vertex 105.5 3 2
    endloop
  endfacet
  facet normal 0 1 0
    outer loop
      vertex 105.5 3 2
      vertex 134.16 3 0
      vertex 105 3 2
    endloop
  endfacet
  facet normal 0 1 0
    outer loop
      vertex 105 3 2
      vertex 134.16 3 0
      vertex 104.5 3 2
    endloop
  endfacet
  facet normal 0 1 0
    outer loop
      vertex 104.5 3 2
      vertex 134.16 3 0
      vertex 104 3 2
    endloop
  endfacet
  facet normal 0 1 0
    outer loop
      vertex 104 3 2
      vertex 134.16 3 0
      vertex 103.5 3 2
    endloop
  endfacet
  facet normal 0 1 0
    outer loop
      vertex 103.5 3 2
      vertex 134.16 3 0
      vertex 103 3 2
    endloop
  endfacet
  facet normal 0 1 0
    outer loop
      vertex 103 3 2
      vertex 134.16 3 0
      vertex 102.5 3 2
    endloop
  endfacet
  facet normal 0 1 0
    outer loop
      vertex 102.5 3 2
      vertex 134.16 3 0
      vertex 102 3 2
    endloop
  endfacet
  facet normal 0 1 0
    outer loop
      vertex 102 3 2
      vertex 134.16 3 0
      vertex 101.5 3 2
    endloop
  endfacet
  facet normal 0 1 0
    outer loop
      vertex 101.5 3 2
      vertex 134.16 3 0
      vertex 101 3 2
    endloop
  endfacet
  facet normal 0 1 0
    outer loop
      vertex 101 3 2
      vertex 134.16 3 0
      vertex 100.5 3 2
    endloop
  endfacet
  facet normal 0 1 0
    outer loop
      vertex 100.5 3 2
      vertex 134.16 3 0
      vertex 100 3 2
    endloop
  endfacet
  facet normal 0 1 0
    outer loop
      vertex 100 3 2
      vertex 134.16 3 0
      vertex 99.5 3 2
    endloop
  endfacet
  facet normal 0 1 0
    outer loop
      vertex 99.5 3 2
      vertex 134.16 3 0
      vertex 99 3 2
    endloop
  endfacet
  facet normal 0 1 0
    outer loop
      vertex 99 3 2
      vertex 134.16 3 0
      vertex 98.5 3 2
    endloop
  endfacet
  facet normal 0 1 0
    outer loop
      vertex 98.5 3 2
      vertex 134.16 3 0
      vertex 98 3 2
    endloop
  endfacet
  facet normal 0 1 0
    outer loop
      vertex 98 3 2
      vertex 134.16 3 0
      vertex 97.5 3 2
    endloop
  endfacet
  facet normal 0 1 0
    outer loop
      vertex 97.5 3 2
      vertex 134.16 3 0
      vertex 97 3 2
    endloop
  endfacet
  facet normal 0 1 0
    outer loop
      vertex 97 3 2
      vertex 134.16 3 0
      vertex 96.5 3 2
    endloop
  endfacet
  facet normal 0 1 0
    outer loop
      vertex 96.5 3 2
      vertex 134.16 3 0
      vertex 96 3 2
    endloop
  endfacet
  facet normal 0 1 0
    outer loop
      vertex 96 3 2
      vertex 134.16 3 0
      vertex 95.5 3 2
    endloop
  endfacet
  facet normal 0 1 0
    outer loop
      vertex 95.5 3 2
      vertex 134.16 3 0
      vertex 95 3 2
    endloop
  endfacet
  facet normal 0 1 0
    outer loop
      vertex 95 3 2
      vertex 134.16 3 0
      vertex 94.5 3 2
    endloop
  endfacet
  facet normal 0 1 0
    outer loop
      vertex 94.5 3 2
      vertex 134.16 3 0
      vertex 94 3 2
    endloop
  endfacet
  facet normal 0 1 0
    outer loop
      vertex 94 3 2
      vertex 134.16 3 0
      vertex 93.5 3 2
    endloop
  endfacet
  facet normal 0 1 0
    outer loop
      vertex 93.5 3 2
      vertex 134.16 3 0
      vertex 93 3 2
    endloop
  endfacet
  facet normal 0 1 0
    outer loop
      vertex 93 3 2
      vertex 134.16 3 0
      vertex 92.5 3 2
    endloop
  endfacet
  facet normal 0 1 0
    outer loop
      vertex 92.5 3 2
      vertex 134.16 3 0
      vertex 92 3 2
    endloop
  endfacet
  facet normal 0 1 0
    outer loop
      vertex 92 3 2
      vertex 134.16 3 0
      vertex 91.5 3 2
    endloop
  endfacet
  facet normal 0 1 0
    outer loop
      vertex 91.5 3 2
      vertex 134.16 3 0
      vertex 91 3 2
    endloop
  endfacet
  facet normal 0 1 0
    outer loop
      vertex 91 3 2
      vertex 134.16 3 0
      vertex 90.5 3 2
    endloop
  endfacet
  facet normal 0 1 0
    outer loop
      vertex 90.5 3 2
      vertex 134.16 3 0
      vertex 90 3 2
    endloop
  endfacet
  facet normal 0 1 0
    outer loop
      vertex 90 3 2
      vertex 134.16 3 0
      vertex 89.5 3 2
    endloop
  endfacet
  facet normal 0 1 0
    outer loop
      vertex 89.5 3 2
      vertex 134.16 3 0
      vertex 89 3 2
    endloop
  endfacet
  facet normal 0 1 0
    outer loop
      vertex 89 3 2
      vertex 134.16 3 0
      vertex 88.5 3 2
    endloop
  endfacet
  facet normal 0 1 0
    outer loop
      vertex 88.5 3 2
      vertex 134.16 3 0
      vertex 88 3 2
    endloop
  endfacet
  facet normal 0 1 0
    outer loop
      vertex 88 3 2
      vertex 134.16 3 0
      vertex 87.5 3 2
    endloop
  endfacet
  facet normal 0 1 0
    outer loop
      vertex 87.5 3 2
      vertex 134.16 3 0
      vertex 87 3 2
    endloop
  endfacet
  facet normal 0 1 0
    outer loop
      vertex 87 3 2
      vertex 134.16 3 0
      vertex 86.5 3 2
    endloop
  endfacet
  facet normal 0 1 0
    outer loop
      vertex 86.5 3 2
      vertex 134.16 3 0
      vertex 86 3 2
    endloop
  endfacet
  facet normal 0 1 0
    outer loop
      vertex 86 3 2
      vertex 134.16 3 0
      vertex 85.5 3 2
    endloop
  endfacet
  facet normal 0 1 0
    outer loop
      vertex 85.5 3 2
      vertex 134.16 3 0
      vertex 85 3 2
    endloop
  endfacet
  facet normal 0 1 0
    outer loop
      vertex 85 3 2
      vertex 134.16 3 0
      vertex 84.5 3 2
    endloop
  endfacet
  facet normal 0 1 0
    outer loop
      vertex 84.5 3 2
      vertex 134.16 3 0
      vertex 84 3 2
    endloop
  endfacet
  facet normal 0 1 0
    outer loop
      vertex 84 3 2
      vertex 134.16 3 0
      vertex 83.5 3 2
    endloop
  endfacet
  facet normal 0 1 0
    outer loop
      vertex 83.5 3 2
      vertex 134.16 3 0
      vertex 83 3 2
    endloop
  endfacet
  facet normal 0 1 0
    outer loop
      vertex 83 3 2
      vertex 134.16 3 0
      vertex 82.5 3 2
    endloop
  endfacet
  facet normal 0 1 0
    outer loop
      vertex 82.5 3 2
      vertex 134.16 3 0
      vertex 82 3 2
    endloop
  endfacet
  facet normal 0 1 0
    outer loop
      vertex 82 3 2
      vertex 134.16 3 0
      vertex 81.5 3 2
    endloop
  endfacet
  facet normal 0 1 0
    outer loop
      vertex 81.5 3 2
      vertex 134.16 3 0
      vertex 81 3 2
    endloop
  endfacet
  facet normal 0 1 0
    outer loop
      vertex 81 3 2
      vertex 134.16 3 0
      vertex 80.5 3 2
    endloop
  endfacet
  facet normal 0 1 0
    outer loop
      vertex 80.5 3 2
      vertex 134.16 3 0
      vertex 80 3 2
    endloop
  endfacet
  facet normal 0 1 0
    outer loop
      vertex 80 3 2
      vertex 134.16 3 0
      vertex 79.5 3 2
    endloop
  endfacet
  facet normal 0 1 0
    outer loop
      vertex 79.5 3 2
      vertex 134.16 3 0
      vertex 79 3 2
    endloop
  endfacet
  facet normal 0 1 0
    outer loop
      vertex 79 3 2
      vertex 134.16 3 0
      vertex 78.5 3 2
    endloop
  endfacet
  facet normal 0 1 0
    outer loop
      vertex 78.5 3 2
      vertex 134.16 3 0
      vertex 78 3 2
    endloop
  endfacet
  facet normal 0 1 0
    outer loop
      vertex 78 3 2
      vertex 134.16 3 0
      vertex 77.5 3 2
    endloop
  endfacet
  facet normal 0 1 0
    outer loop
      vertex 77.5 3 2
      vertex 134.16 3 0
      vertex 77 3 2
    endloop
  endfacet
  facet normal 0 1 0
    outer loop
      vertex 77 3 2
      vertex 134.16 3 0
      vertex 76.5 3 2
    endloop
  endfacet
  facet normal 0 1 0
    outer loop
      vertex 76.5 3 2
      vertex 134.16 3 0
      vertex 76 3 2
    endloop
  endfacet
  facet normal 0 1 0
    outer loop
      vertex 76 3 2
      vertex 134.16 3 0
      vertex 75.5 3 2
    endloop
  endfacet
  facet normal 0 1 0
    outer loop
      vertex 75.5 3 2
      vertex 134.16 3 0
      vertex 75 3 2
    endloop
  endfacet
  facet normal 0 1 0
    outer loop
      vertex 75 3 2
      vertex 134.16 3 0
      vertex 74.5 3 2
    endloop
  endfacet
  facet normal 0 1 0
    outer loop
      vertex 74.5 3 2
      vertex 134.16 3 0
      vertex 74 3 2
    endloop
  endfacet
  facet normal 0 1 0
    outer loop
      vertex 74 3 2
      vertex 134.16 3 0
      vertex 73.5 3 2
    endloop
  endfacet
  facet normal 0 1 0
    outer loop
      vertex 73.5 3 2
      vertex 134.16 3 0
      vertex 73 3 2
    endloop
  endfacet
  facet normal 0 1 0
    outer loop
      vertex 73 3 2
      vertex 134.16 3 0
      vertex 72.5 3 2
    endloop
  endfacet
  facet normal 0 1 0
    outer loop
      vertex 72.5 3 2
      vertex 134.16 3 0
      vertex 72 3 2
    endloop
  endfacet
  facet normal 0 1 0
    outer loop
      vertex 72 3 2
      vertex 134.16 3 0
      vertex 71.5 3 2
    endloop
  endfacet
  facet normal 0 1 0
    outer loop
      vertex 71.5 3 2
      vertex 134.16 3 0
      vertex 71 3 2
    endloop
  endfacet
  facet normal 0 1 0
    outer loop
      vertex 71 3 2
      vertex 134.16 3 0
      vertex 70.5 3 2
    endloop
  endfacet
  facet normal 0 1 0
    outer loop
      vertex 70.5 3 2
      vertex 134.16 3 0
      vertex 70 3 2
    endloop
  endfacet
  facet normal 0 1 0
    outer loop
      vertex 70 3 2
      vertex 134.16 3 0
      vertex 69.5 3 2
    endloop
  endfacet
  facet normal 0 1 0
    outer loop
      vertex 69.5 3 2
      vertex 134.16 3 0
      vertex 69 3 2
    endloop
  endfacet
  facet normal 0 1 0
    outer loop
      vertex 69 3 2
      vertex 134.16 3 0
      vertex 68.5 3 2
    endloop
  endfacet
  facet normal 0 1 0
    outer loop
      vertex 68.5 3 2
      vertex 134.16 3 0
      vertex 68 3 2
    endloop
  endfacet
  facet normal 0 1 0
    outer loop
      vertex 68 3 2
      vertex 134.16 3 0
      vertex 67.5 3 2
    endloop
  endfacet
  facet normal 0 1 0
    outer loop
      vertex 67.5 3 2
      vertex 134.16 3 0
      vertex 67 3 2
    endloop
  endfacet
  facet normal 0 1 0
    outer loop
      vertex 67 3 2
      vertex 134.16 3 0
      vertex 66.5 3 2
    endloop
  endfacet
  facet normal 0 1 0
    outer loop
      vertex 66.5 3 2
      vertex 134.16 3 0
      vertex 66 3 2
    endloop
  endfacet
  facet normal 0 1 0
    outer loop
      vertex 66 3 2
      vertex 134.16 3 0
      vertex 65.5 3 2
    endloop
  endfacet
  facet normal 0 1 0
    outer loop
      vertex 65.5 3 2
      vertex 134.16 3 0
      vertex 65 3 2
    endloop
  endfacet
  facet normal 0 1 0
    outer loop
      vertex 65 3 2
      vertex 134.16 3 0
      vertex 64.5 3 2
    endloop
  endfacet
  facet normal 0 1 0
    outer loop
      vertex 64.5 3 2
      vertex 134.16 3 0
      vertex 64 3 2
    endloop
  endfacet
  facet normal 0 1 0
    outer loop
      vertex 64 3 2
      vertex 134.16 3 0
      vertex 63.5 3 2
    endloop
  endfacet
  facet normal 0 1 0
    outer loop
      vertex 63.5 3 2
      vertex 134.16 3 0
      vertex 63 3 2
    endloop
  endfacet
  facet normal 0 1 0
    outer loop
      vertex 63 3 2
      vertex 134.16 3 0
      vertex 62.5 3 2
    endloop
  endfacet
  facet normal 0 1 0
    outer loop
      vertex 62.5 3 2
      vertex 134.16 3 0
      vertex 62 3 2
    endloop
  endfacet
  facet normal 0 1 0
    outer loop
      vertex 62 3 2
      vertex 134.16 3 0
      vertex 61.5 3 2
    endloop
  endfacet
  facet normal 0 1 0
    outer loop
      vertex 61.5 3 2
      vertex 134.16 3 0
      vertex 61 3 2
    endloop
  endfacet
  facet normal 0 1 0
    outer loop
      vertex 61 3 2
      vertex 134.16 3 0
      vertex 60.5 3 2
    endloop
  endfacet
  facet normal 0 1 0
    outer loop
      vertex 60.5 3 2
      vertex 134.16 3 0
      vertex 60 3 2
    endloop
  endfacet
  facet normal 0 1 0
    outer loop
      vertex 60 3 2
      vertex 134.16 3 0
      vertex 59.5 3 2
    endloop
  endfacet
  facet normal 0 1 0
    outer loop
      vertex 59.5 3 2
      vertex 134.16 3 0
      vertex 59 3 2
    endloop
  endfacet
  facet normal 0 1 0
    outer loop
      vertex 59 3 2
      vertex 134.16 3 0
      vertex 58.5 3 2
    endloop
  endfacet
  facet normal 0 1 0
    outer loop
      vertex 58.5 3 2
      vertex 134.16 3 0
      vertex 58 3 2
    endloop
  endfacet
  facet normal 0 1 0
    outer loop
      vertex 3 3 0
      vertex 58 3 2
      vertex 134.16 3 0
    endloop
  endfacet
  facet normal 0 1 0
    outer loop
      vertex 58 3 2
      vertex 3 3 0
      vertex 57.5 3 2
    endloop
  endfacet
  facet normal 0 1 0
    outer loop
      vertex 57.5 3 2
      vertex 3 3 0
      vertex 57 3 2
    endloop
  endfacet
  facet normal 0 1 0
    outer loop
      vertex 57 3 2
      vertex 3 3 0
      vertex 56.5 3 2
    endloop
  endfacet
  facet normal 0 1 0
    outer loop
      vertex 56.5 3 2
      vertex 3 3 0
      vertex 56 3 2
    endloop
  endfacet
  facet normal 0 1 0
    outer loop
      vertex 56 3 2
      vertex 3 3 0
      vertex 55.5 3 2
    endloop
  endfacet
  facet normal 0 1 0
    outer loop
      vertex 55.5 3 2
      vertex 3 3 0
      vertex 55 3 2
    endloop
  endfacet
  facet normal 0 1 0
    outer loop
      vertex 55 3 2
      vertex 3 3 0
      vertex 54.5 3 2
    endloop
  endfacet
  facet normal 0 1 0
    outer loop
      vertex 54.5 3 2
      vertex 3 3 0
      vertex 54 3 2
    endloop
  endfacet
  facet normal 0 1 0
    outer loop
      vertex 54 3 2
      vertex 3 3 0
      vertex 53.5 3 2
    endloop
  endfacet
  facet normal 0 1 0
    outer loop
      vertex 53.5 3 2
      vertex 3 3 0
      vertex 53 3 2
    endloop
  endfacet
  facet normal 0 1 0
    outer loop
      vertex 53 3 2
      vertex 3 3 0
      vertex 52.5 3 2
    endloop
  endfacet
  facet normal 0 1 0
    outer loop
      vertex 52.5 3 2
      vertex 3 3 0
      vertex 52 3 2
    endloop
  endfacet
  facet normal 0 1 0
    outer loop
      vertex 52 3 2
      vertex 3 3 0
      vertex 51.5 3 2
    endloop
  endfacet
  facet normal 0 1 0
    outer loop
      vertex 51.5 3 2
      vertex 3 3 0
      vertex 51 3 2
    endloop
  endfacet
  facet normal 0 1 0
    outer loop
      vertex 51 3 2
      vertex 3 3 0
      vertex 50.5 3 2
    endloop
  endfacet
  facet normal 0 1 0
    outer loop
      vertex 50.5 3 2
      vertex 3 3 0
      vertex 50 3 2
    endloop
  endfacet
  facet normal 0 1 0
    outer loop
      vertex 50 3 2
      vertex 3 3 0
      vertex 49.5 3 2
    endloop
  endfacet
  facet normal 0 1 0
    outer loop
      vertex 49.5 3 2
      vertex 3 3 0
      vertex 49 3 2
    endloop
  endfacet
  facet normal 0 1 0
    outer loop
      vertex 49 3 2
      vertex 3 3 0
      vertex 48.5 3 2
    endloop
  endfacet
  facet normal 0 1 0
    outer loop
      vertex 48.5 3 2
      vertex 3 3 0
      vertex 48 3 2
    endloop
  endfacet
  facet normal 0 1 0
    outer loop
      vertex 48 3 2
      vertex 3 3 0
      vertex 47.5 3 2
    endloop
  endfacet
  facet normal 0 1 0
    outer loop
      vertex 47.5 3 2
      vertex 3 3 0
      vertex 47 3 2
    endloop
  endfacet
  facet normal 0 1 0
    outer loop
      vertex 47 3 2
      vertex 3 3 0
      vertex 46.5 3 2
    endloop
  endfacet
  facet normal 0 1 0
    outer loop
      vertex 46.5 3 2
      vertex 3 3 0
      vertex 46 3 2
    endloop
  endfacet
  facet normal 0 1 0
    outer loop
      vertex 46 3 2
      vertex 3 3 0
      vertex 45.5 3 2
    endloop
  endfacet
  facet normal 0 1 0
    outer loop
      vertex 45.5 3 2
      vertex 3 3 0
      vertex 45 3 2
    endloop
  endfacet
  facet normal 0 1 0
    outer loop
      vertex 45 3 2
      vertex 3 3 0
      vertex 44.5 3 2
    endloop
  endfacet
  facet normal 0 1 0
    outer loop
      vertex 44.5 3 2
      vertex 3 3 0
      vertex 44 3 2
    endloop
  endfacet
  facet normal 0 1 0
    outer loop
      vertex 44 3 2
      vertex 3 3 0
      vertex 43.5 3 2
    endloop
  endfacet
  facet normal 0 1 0
    outer loop
      vertex 43.5 3 2
      vertex 3 3 0
      vertex 43 3 2
    endloop
  endfacet
  facet normal 0 1 0
    outer loop
      vertex 43 3 2
      vertex 3 3 0
      vertex 42.5 3 2
    endloop
  endfacet
  facet normal 0 1 0
    outer loop
      vertex 42.5 3 2
      vertex 3 3 0
      vertex 42 3 2
    endloop
  endfacet
  facet normal 0 1 0
    outer loop
      vertex 42 3 2
      vertex 3 3 0
      vertex 41.5 3 2
    endloop
  endfacet
  facet normal 0 1 0
    outer loop
      vertex 41.5 3 2
      vertex 3 3 0
      vertex 41 3 2
    endloop
  endfacet
  facet normal 0 1 0
    outer loop
      vertex 41 3 2
      vertex 3 3 0
      vertex 40.5 3 2
    endloop
  endfacet
  facet normal 0 1 0
    outer loop
      vertex 40.5 3 2
      vertex 3 3 0
      vertex 40 3 2
    endloop
  endfacet
  facet normal 0 1 0
    outer loop
      vertex 40 3 2
      vertex 3 3 0
      vertex 39.5 3 2
    endloop
  endfacet
  facet normal 0 1 0
    outer loop
      vertex 39.5 3 2
      vertex 3 3 0
      vertex 39 3 2
    endloop
  endfacet
  facet normal 0 1 0
    outer loop
      vertex 39 3 2
      vertex 3 3 0
      vertex 38.5 3 2
    endloop
  endfacet
  facet normal 0 1 0
    outer loop
      vertex 38.5 3 2
      vertex 3 3 0
      vertex 38 3 2
    endloop
  endfacet
  facet normal 0 1 0
    outer loop
      vertex 38 3 2
      vertex 3 3 0
      vertex 37.5 3 2
    endloop
  endfacet
  facet normal 0 1 0
    outer loop
      vertex 37.5 3 2
      vertex 3 3 0
      vertex 37 3 2
    endloop
  endfacet
  facet normal 0 1 0
    outer loop
      vertex 37 3 2
      vertex 3 3 0
      vertex 36.5 3 2
    endloop
  endfacet
  facet normal 0 1 0
    outer loop
      vertex 36.5 3 2
      vertex 3 3 0
      vertex 36 3 2
    endloop
  endfacet
  facet normal 0 1 0
    outer loop
      vertex 36 3 2
      vertex 3 3 0
      vertex 35.5 3 2
    endloop
  endfacet
  facet normal 0 1 0
    outer loop
      vertex 35.5 3 2
      vertex 3 3 0
      vertex 35 3 2
    endloop
  endfacet
  facet normal 0 1 0
    outer loop
      vertex 35 3 2
      vertex 3 3 0
      vertex 34.5 3 2
    endloop
  endfacet
  facet normal 0 1 0
    outer loop
      vertex 34.5 3 2
      vertex 3 3 0
      vertex 34 3 2
    endloop
  endfacet
  facet normal 0 1 0
    outer loop
      vertex 34 3 2
      vertex 3 3 0
      vertex 33.5 3 2
    endloop
  endfacet
  facet normal 0 1 0
    outer loop
      vertex 33.5 3 2
      vertex 3 3 0
      vertex 33 3 2
    endloop
  endfacet
  facet normal 0 1 0
    outer loop
      vertex 33 3 2
      vertex 3 3 0
      vertex 32.5 3 2
    endloop
  endfacet
  facet normal 0 1 0
    outer loop
      vertex 32.5 3 2
      vertex 3 3 0
      vertex 32 3 2
    endloop
  endfacet
  facet normal 0 1 0
    outer loop
      vertex 32 3 2
      vertex 3 3 0
      vertex 31.5 3 2
    endloop
  endfacet
  facet normal 0 1 0
    outer loop
      vertex 31.5 3 2
      vertex 3 3 0
      vertex 31 3 2
    endloop
  endfacet
  facet normal 0 1 0
    outer loop
      vertex 31 3 2
      vertex 3 3 0
      vertex 30.5 3 2
    endloop
  endfacet
  facet normal 0 1 0
    outer loop
      vertex 30.5 3 2
      vertex 3 3 0
      vertex 30 3 2
    endloop
  endfacet
  facet normal 0 1 0
    outer loop
      vertex 30 3 2
      vertex 3 3 0
      vertex 29.5 3 2
    endloop
  endfacet
  facet normal 0 1 0
    outer loop
      vertex 29.5 3 2
      vertex 3 3 0
      vertex 29 3 2
    endloop
  endfacet
  facet normal 0 1 0
    outer loop
      vertex 29 3 2
      vertex 3 3 0
      vertex 28.5 3 2
    endloop
  endfacet
  facet normal 0 1 0
    outer loop
      vertex 28.5 3 2
      vertex 3 3 0
      vertex 28 3 2
    endloop
  endfacet
  facet normal 0 1 0
    outer loop
      vertex 28 3 2
      vertex 3 3 0
      vertex 27.5 3 2
    endloop
  endfacet
  facet normal 0 1 0
    outer loop
      vertex 27.5 3 2
      vertex 3 3 0
      vertex 27 3 2
    endloop
  endfacet
  facet normal 0 1 0
    outer loop
      vertex 27 3 2
      vertex 3 3 0
      vertex 26.5 3 2
    endloop
  endfacet
  facet normal 0 1 0
    outer loop
      vertex 26.5 3 2
      vertex 3 3 0
      vertex 26 3 2
    endloop
  endfacet
  facet normal 0 1 0
    outer loop
      vertex 26 3 2
      vertex 3 3 0
      vertex 25.5 3 2
    endloop
  endfacet
  facet normal 0 1 0
    outer loop
      vertex 25.5 3 2
      vertex 3 3 0
      vertex 25 3 2
    endloop
  endfacet
  facet normal 0 1 0
    outer loop
      vertex 25 3 2
      vertex 3 3 0
      vertex 24.5 3 2
    endloop
  endfacet
  facet normal 0 1 0
    outer loop
      vertex 24.5 3 2
      vertex 3 3 0
      vertex 24 3 2
    endloop
  endfacet
  facet normal 0 1 0
    outer loop
      vertex 24 3 2
      vertex 3 3 0
      vertex 23.5 3 2
    endloop
  endfacet
  facet normal 0 1 0
    outer loop
      vertex 23.5 3 2
      vertex 3 3 0
      vertex 23 3 2
    endloop
  endfacet
  facet normal 0 1 0
    outer loop
      vertex 23 3 2
      vertex 3 3 0
      vertex 22.5 3 2
    endloop
  endfacet
  facet normal 0 1 0
    outer loop
      vertex 22.5 3 2
      vertex 3 3 0
      vertex 22 3 2
    endloop
  endfacet
  facet normal 0 1 0
    outer loop
      vertex 22 3 2
      vertex 3 3 0
      vertex 21.5 3 2
    endloop
  endfacet
  facet normal 0 1 0
    outer loop
      vertex 21.5 3 2
      vertex 3 3 0
      vertex 21 3 2
    endloop
  endfacet
  facet normal 0 1 0
    outer loop
      vertex 21 3 2
      vertex 3 3 0
      vertex 20.5 3 2
    endloop
  endfacet
  facet normal 0 1 0
    outer loop
      vertex 20.5 3 2
      vertex 3 3 0
      vertex 20 3 2
    endloop
  endfacet
  facet normal 0 1 0
    outer loop
      vertex 20 3 2
      vertex 3 3 0
      vertex 19.5 3 2
    endloop
  endfacet
  facet normal 0 1 0
    outer loop
      vertex 19.5 3 2
      vertex 3 3 0
      vertex 19 3 2
    endloop
  endfacet
  facet normal 0 1 0
    outer loop
      vertex 19 3 2
      vertex 3 3 0
      vertex 18.5 3 2
    endloop
  endfacet
  facet normal 0 1 0
    outer loop
      vertex 18.5 3 2
      vertex 3 3 0
      vertex 18 3 2
    endloop
  endfacet
  facet normal 0 1 0
    outer loop
      vertex 18 3 2
      vertex 3 3 0
      vertex 17.5 3 2
    endloop
  endfacet
  facet normal 0 1 0
    outer loop
      vertex 17.5 3 2
      vertex 3 3 0
      vertex 17 3 2
    endloop
  endfacet
  facet normal 0 1 0
    outer loop
      vertex 17 3 2
      vertex 3 3 0
      vertex 16.5 3 2
    endloop
  endfacet
  facet normal 0 1 0
    outer loop
      vertex 16.5 3 2
      vertex 3 3 0
      vertex 16 3 2
    endloop
  endfacet
  facet normal 0 1 0
    outer loop
      vertex 16 3 2
      vertex 3 3 0
      vertex 15.5 3 2
    endloop
  endfacet
  facet normal 0 1 0
    outer loop
      vertex 15.5 3 2
      vertex 3 3 0
      vertex 15 3 2
    endloop
  endfacet
  facet normal 0 1 0
    outer loop
      vertex 15 3 2
      vertex 3 3 0
      vertex 14.5 3 2
    endloop
  endfacet
  facet normal 0 1 0
    outer loop
      vertex 14.5 3 2
      vertex 3 3 0
      vertex 14 3 2
    endloop
  endfacet
  facet normal 0 1 0
    outer loop
      vertex 14 3 2
      vertex 3 3 0
      vertex 13.5 3 2
    endloop
  endfacet
  facet normal 0 1 0
    outer loop
      vertex 13.5 3 2
      vertex 3 3 0
      vertex 13 3 2
    endloop
  endfacet
  facet normal 0 1 0
    outer loop
      vertex 13 3 2
      vertex 3 3 0
      vertex 12.5 3 2
    endloop
  endfacet
  facet normal 0 1 0
    outer loop
      vertex 12.5 3 2
      vertex 3 3 0
      vertex 12 3 2
    endloop
  endfacet
  facet normal 0 1 0
    outer loop
      vertex 12 3 2
      vertex 3 3 0
      vertex 11.5 3 2
    endloop
  endfacet
  facet normal 0 1 0
    outer loop
      vertex 11.5 3 2
      vertex 3 3 0
      vertex 11 3 2
    endloop
  endfacet
  facet normal 0 1 0
    outer loop
      vertex 11 3 2
      vertex 3 3 0
      vertex 10.5 3 2
    endloop
  endfacet
  facet normal 0 1 0
    outer loop
      vertex 10.5 3 2
      vertex 3 3 0
      vertex 10 3 2
    endloop
  endfacet
  facet normal 0 1 0
    outer loop
      vertex 10 3 2
      vertex 3 3 0
      vertex 9.5 3 2
    endloop
  endfacet
  facet normal 0 1 0
    outer loop
      vertex 9.5 3 2
      vertex 3 3 0
      vertex 9 3 2
    endloop
  endfacet
  facet normal 0 1 0
    outer loop
      vertex 9 3 2
      vertex 3 3 0
      vertex 8.5 3 2
    endloop
  endfacet
  facet normal 0 1 0
    outer loop
      vertex 8.5 3 2
      vertex 3 3 0
      vertex 8 3 2
    endloop
  endfacet
  facet normal 0 1 0
    outer loop
      vertex 8 3 2
      vertex 3 3 0
      vertex 7.5 3 2
    endloop
  endfacet
  facet normal 0 1 0
    outer loop
      vertex 7.5 3 2
      vertex 3 3 0
      vertex 7 3 2
    endloop
  endfacet
  facet normal 0 1 0
    outer loop
      vertex 7 3 2
      vertex 3 3 0
      vertex 6.5 3 2
    endloop
  endfacet
  facet normal 0 1 0
    outer loop
      vertex 6.5 3 2
      vertex 3 3 0
      vertex 6 3 2
    endloop
  endfacet
  facet normal 0 1 0
    outer loop
      vertex 6 3 2
      vertex 3 3 0
      vertex 5.5 3 2
    endloop
  endfacet
  facet normal 0 1 0
    outer loop
      vertex 5.5 3 2
      vertex 3 3 0
      vertex 5 3 2
    endloop
  endfacet
  facet normal 0 1 0
    outer loop
      vertex 5 3 2
      vertex 3 3 0
      vertex 4.5 3 2
    endloop
  endfacet
  facet normal 0 1 0
    outer loop
      vertex 4.5 3 2
      vertex 3 3 0
      vertex 4 3 2
    endloop
  endfacet
  facet normal 0 1 0
    outer loop
      vertex 4 3 2
      vertex 3 3 0
      vertex 3.5 3 2
    endloop
  endfacet
  facet normal 0 1 0
    outer loop
      vertex 3.5 3 2
      vertex 3 3 0
      vertex 3 3 2
    endloop
  endfacet
  facet normal 0 1 0
    outer loop
      vertex 3 3 2
      vertex 3 3 0
      vertex 2.5 3 2
    endloop
  endfacet
  facet normal 0 1 0
    outer loop
      vertex 2.5 3 2
      vertex 3 3 0
      vertex 2 3 2
    endloop
  endfacet
  facet normal 0 1 0
    outer loop
      vertex 2 3 2
      vertex 3 3 0
      vertex 1.5 3 2
    endloop
  endfacet
  facet normal 0 1 0
    outer loop
      vertex 0 3 -0.179405
      vertex 1.5 3 2
      vertex 3 3 0
    endloop
  endfacet
  facet normal 0 1 0
    outer loop
      vertex 135 3 2
      vertex 134.16 3 0
      vertex 134.5 3 2
    endloop
  endfacet
  facet normal 0 1 0
    outer loop
      vertex 134.16 3 0
      vertex 137.16 3 -0.179405
      vertex 134.16 3 -0.179405
    endloop
  endfacet
  facet normal 0 1 -0
    outer loop
      vertex 136.5 3 2
      vertex 136 3 2.5
      vertex 136.5 3 2.5
    endloop
  endfacet
  facet normal 0 1 0
    outer loop
      vertex 136 3 2.5
      vertex 136.5 3 2
      vertex 136 3 2
    endloop
  endfacet
  facet normal 0 1 -0
    outer loop
      vertex 135.5 3 2
      vertex 135 3 2.5
      vertex 135.5 3 2.5
    endloop
  endfacet
  facet normal 0 1 0
    outer loop
      vertex 135 3 2.5
      vertex 135.5 3 2
      vertex 135 3 2
    endloop
  endfacet
  facet normal 0 1 -0
    outer loop
      vertex 134.5 3 2
      vertex 134 3 2.5
      vertex 134.5 3 2.5
    endloop
  endfacet
  facet normal 0 1 0
    outer loop
      vertex 134 3 2.5
      vertex 134.5 3 2
      vertex 134 3 2
    endloop
  endfacet
  facet normal 0 1 -0
    outer loop
      vertex 133.5 3 2
      vertex 133 3 2.5
      vertex 133.5 3 2.5
    endloop
  endfacet
  facet normal 0 1 0
    outer loop
      vertex 133 3 2.5
      vertex 133.5 3 2
      vertex 133 3 2
    endloop
  endfacet
  facet normal 0 1 -0
    outer loop
      vertex 132.5 3 2
      vertex 132 3 2.5
      vertex 132.5 3 2.5
    endloop
  endfacet
  facet normal 0 1 0
    outer loop
      vertex 132 3 2.5
      vertex 132.5 3 2
      vertex 132 3 2
    endloop
  endfacet
  facet normal 0 1 -0
    outer loop
      vertex 131.5 3 2
      vertex 131 3 2.5
      vertex 131.5 3 2.5
    endloop
  endfacet
  facet normal 0 1 0
    outer loop
      vertex 131 3 2.5
      vertex 131.5 3 2
      vertex 131 3 2
    endloop
  endfacet
  facet normal 0 1 -0
    outer loop
      vertex 130.5 3 2
      vertex 130 3 2.5
      vertex 130.5 3 2.5
    endloop
  endfacet
  facet normal 0 1 0
    outer loop
      vertex 130 3 2.5
      vertex 130.5 3 2
      vertex 130 3 2
    endloop
  endfacet
  facet normal 0 1 -0
    outer loop
      vertex 129.5 3 2
      vertex 129 3 2.5
      vertex 129.5 3 2.5
    endloop
  endfacet
  facet normal 0 1 0
    outer loop
      vertex 129 3 2.5
      vertex 129.5 3 2
      vertex 129 3 2
    endloop
  endfacet
  facet normal 0 1 -0
    outer loop
      vertex 128.5 3 2
      vertex 128 3 2.5
      vertex 128.5 3 2.5
    endloop
  endfacet
  facet normal 0 1 0
    outer loop
      vertex 128 3 2.5
      vertex 128.5 3 2
      vertex 128 3 2
    endloop
  endfacet
  facet normal 0 1 -0
    outer loop
      vertex 127.5 3 2
      vertex 127 3 2.5
      vertex 127.5 3 2.5
    endloop
  endfacet
  facet normal 0 1 0
    outer loop
      vertex 127 3 2.5
      vertex 127.5 3 2
      vertex 127 3 2
    endloop
  endfacet
  facet normal 0 1 -0
    outer loop
      vertex 126.5 3 2
      vertex 126 3 2.5
      vertex 126.5 3 2.5
    endloop
  endfacet
  facet normal 0 1 0
    outer loop
      vertex 126 3 2.5
      vertex 126.5 3 2
      vertex 126 3 2
    endloop
  endfacet
  facet normal 0 1 -0
    outer loop
      vertex 125.5 3 2
      vertex 125 3 2.5
      vertex 125.5 3 2.5
    endloop
  endfacet
  facet normal 0 1 0
    outer loop
      vertex 125 3 2.5
      vertex 125.5 3 2
      vertex 125 3 2
    endloop
  endfacet
  facet normal 0 1 -0
    outer loop
      vertex 124.5 3 2
      vertex 124 3 2.5
      vertex 124.5 3 2.5
    endloop
  endfacet
  facet normal 0 1 0
    outer loop
      vertex 124 3 2.5
      vertex 124.5 3 2
      vertex 124 3 2
    endloop
  endfacet
  facet normal 0 1 -0
    outer loop
      vertex 123.5 3 2
      vertex 123 3 2.5
      vertex 123.5 3 2.5
    endloop
  endfacet
  facet normal 0 1 0
    outer loop
      vertex 123 3 2.5
      vertex 123.5 3 2
      vertex 123 3 2
    endloop
  endfacet
  facet normal 0 1 -0
    outer loop
      vertex 122.5 3 2
      vertex 122 3 2.5
      vertex 122.5 3 2.5
    endloop
  endfacet
  facet normal 0 1 0
    outer loop
      vertex 122 3 2.5
      vertex 122.5 3 2
      vertex 122 3 2
    endloop
  endfacet
  facet normal 0 1 -0
    outer loop
      vertex 121.5 3 2
      vertex 121 3 2.5
      vertex 121.5 3 2.5
    endloop
  endfacet
  facet normal 0 1 0
    outer loop
      vertex 121 3 2.5
      vertex 121.5 3 2
      vertex 121 3 2
    endloop
  endfacet
  facet normal 0 1 -0
    outer loop
      vertex 120.5 3 2
      vertex 120 3 2.5
      vertex 120.5 3 2.5
    endloop
  endfacet
  facet normal 0 1 0
    outer loop
      vertex 120 3 2.5
      vertex 120.5 3 2
      vertex 120 3 2
    endloop
  endfacet
  facet normal 0 1 -0
    outer loop
      vertex 119.5 3 2
      vertex 119 3 2.5
      vertex 119.5 3 2.5
    endloop
  endfacet
  facet normal 0 1 0
    outer loop
      vertex 119 3 2.5
      vertex 119.5 3 2
      vertex 119 3 2
    endloop
  endfacet
  facet normal 0 1 -0
    outer loop
      vertex 118.5 3 2
      vertex 118 3 2.5
      vertex 118.5 3 2.5
    endloop
  endfacet
  facet normal 0 1 0
    outer loop
      vertex 118 3 2.5
      vertex 118.5 3 2
      vertex 118 3 2
    endloop
  endfacet
  facet normal 0 1 -0
    outer loop
      vertex 117.5 3 2
      vertex 117 3 2.5
      vertex 117.5 3 2.5
    endloop
  endfacet
  facet normal 0 1 0
    outer loop
      vertex 117 3 2.5
      vertex 117.5 3 2
      vertex 117 3 2
    endloop
  endfacet
  facet normal 0 1 -0
    outer loop
      vertex 116.5 3 2
      vertex 116 3 2.5
      vertex 116.5 3 2.5
    endloop
  endfacet
  facet normal 0 1 0
    outer loop
      vertex 116 3 2.5
      vertex 116.5 3 2
      vertex 116 3 2
    endloop
  endfacet
  facet normal 0 1 -0
    outer loop
      vertex 115.5 3 2
      vertex 115 3 2.5
      vertex 115.5 3 2.5
    endloop
  endfacet
  facet normal 0 1 0
    outer loop
      vertex 115 3 2.5
      vertex 115.5 3 2
      vertex 115 3 2
    endloop
  endfacet
  facet normal 0 1 -0
    outer loop
      vertex 114.5 3 2
      vertex 114 3 2.5
      vertex 114.5 3 2.5
    endloop
  endfacet
  facet normal 0 1 0
    outer loop
      vertex 114 3 2.5
      vertex 114.5 3 2
      vertex 114 3 2
    endloop
  endfacet
  facet normal 0 1 -0
    outer loop
      vertex 113.5 3 2
      vertex 113 3 2.5
      vertex 113.5 3 2.5
    endloop
  endfacet
  facet normal 0 1 0
    outer loop
      vertex 113 3 2.5
      vertex 113.5 3 2
      vertex 113 3 2
    endloop
  endfacet
  facet normal 0 1 -0
    outer loop
      vertex 112.5 3 2
      vertex 112 3 2.5
      vertex 112.5 3 2.5
    endloop
  endfacet
  facet normal 0 1 0
    outer loop
      vertex 112 3 2.5
      vertex 112.5 3 2
      vertex 112 3 2
    endloop
  endfacet
  facet normal 0 1 -0
    outer loop
      vertex 111.5 3 2
      vertex 111 3 2.5
      vertex 111.5 3 2.5
    endloop
  endfacet
  facet normal 0 1 0
    outer loop
      vertex 111 3 2.5
      vertex 111.5 3 2
      vertex 111 3 2
    endloop
  endfacet
  facet normal 0 1 -0
    outer loop
      vertex 110.5 3 2
      vertex 110 3 2.5
      vertex 110.5 3 2.5
    endloop
  endfacet
  facet normal 0 1 0
    outer loop
      vertex 110 3 2.5
      vertex 110.5 3 2
      vertex 110 3 2
    endloop
  endfacet
  facet normal 0 1 -0
    outer loop
      vertex 109.5 3 2
      vertex 109 3 2.5
      vertex 109.5 3 2.5
    endloop
  endfacet
  facet normal 0 1 0
    outer loop
      vertex 109 3 2.5
      vertex 109.5 3 2
      vertex 109 3 2
    endloop
  endfacet
  facet normal 0 1 -0
    outer loop
      vertex 108.5 3 2
      vertex 108 3 2.5
      vertex 108.5 3 2.5
    endloop
  endfacet
  facet normal 0 1 0
    outer loop
      vertex 108 3 2.5
      vertex 108.5 3 2
      vertex 108 3 2
    endloop
  endfacet
  facet normal 0 1 -0
    outer loop
      vertex 107.5 3 2
      vertex 107 3 2.5
      vertex 107.5 3 2.5
    endloop
  endfacet
  facet normal 0 1 0
    outer loop
      vertex 107 3 2.5
      vertex 107.5 3 2
      vertex 107 3 2
    endloop
  endfacet
  facet normal 0 1 -0
    outer loop
      vertex 106.5 3 2
      vertex 106 3 2.5
      vertex 106.5 3 2.5
    endloop
  endfacet
  facet normal 0 1 0
    outer loop
      vertex 106 3 2.5
      vertex 106.5 3 2
      vertex 106 3 2
    endloop
  endfacet
  facet normal 0 1 -0
    outer loop
      vertex 105.5 3 2
      vertex 105 3 2.5
      vertex 105.5 3 2.5
    endloop
  endfacet
  facet normal 0 1 0
    outer loop
      vertex 105 3 2.5
      vertex 105.5 3 2
      vertex 105 3 2
    endloop
  endfacet
  facet normal 0 1 -0
    outer loop
      vertex 104.5 3 2
      vertex 104 3 2.5
      vertex 104.5 3 2.5
    endloop
  endfacet
  facet normal 0 1 0
    outer loop
      vertex 104 3 2.5
      vertex 104.5 3 2
      vertex 104 3 2
    endloop
  endfacet
  facet normal 0 1 -0
    outer loop
      vertex 103.5 3 2
      vertex 103 3 2.5
      vertex 103.5 3 2.5
    endloop
  endfacet
  facet normal 0 1 0
    outer loop
      vertex 103 3 2.5
      vertex 103.5 3 2
      vertex 103 3 2
    endloop
  endfacet
  facet normal 0 1 -0
    outer loop
      vertex 102.5 3 2
      vertex 102 3 2.5
      vertex 102.5 3 2.5
    endloop
  endfacet
  facet normal 0 1 0
    outer loop
      vertex 102 3 2.5
      vertex 102.5 3 2
      vertex 102 3 2
    endloop
  endfacet
  facet normal 0 1 -0
    outer loop
      vertex 101.5 3 2
      vertex 101 3 2.5
      vertex 101.5 3 2.5
    endloop
  endfacet
  facet normal 0 1 0
    outer loop
      vertex 101 3 2.5
      vertex 101.5 3 2
      vertex 101 3 2
    endloop
  endfacet
  facet normal 0 1 -0
    outer loop
      vertex 100.5 3 2
      vertex 100 3 2.5
      vertex 100.5 3 2.5
    endloop
  endfacet
  facet normal 0 1 0
    outer loop
      vertex 100 3 2.5
      vertex 100.5 3 2
      vertex 100 3 2
    endloop
  endfacet
  facet normal 0 1 -0
    outer loop
      vertex 99.5 3 2
      vertex 99 3 2.5
      vertex 99.5 3 2.5
    endloop
  endfacet
  facet normal 0 1 0
    outer loop
      vertex 99 3 2.5
      vertex 99.5 3 2
      vertex 99 3 2
    endloop
  endfacet
  facet normal 0 1 -0
    outer loop
      vertex 98.5 3 2
      vertex 98 3 2.5
      vertex 98.5 3 2.5
    endloop
  endfacet
  facet normal 0 1 0
    outer loop
      vertex 98 3 2.5
      vertex 98.5 3 2
      vertex 98 3 2
    endloop
  endfacet
  facet normal 0 1 -0
    outer loop
      vertex 97.5 3 2
      vertex 97 3 2.5
      vertex 97.5 3 2.5
    endloop
  endfacet
  facet normal 0 1 0
    outer loop
      vertex 97 3 2.5
      vertex 97.5 3 2
      vertex 97 3 2
    endloop
  endfacet
  facet normal 0 1 -0
    outer loop
      vertex 96.5 3 2
      vertex 96 3 2.5
      vertex 96.5 3 2.5
    endloop
  endfacet
  facet normal 0 1 0
    outer loop
      vertex 96 3 2.5
      vertex 96.5 3 2
      vertex 96 3 2
    endloop
  endfacet
  facet normal 0 1 -0
    outer loop
      vertex 95.5 3 2
      vertex 95 3 2.5
      vertex 95.5 3 2.5
    endloop
  endfacet
  facet normal 0 1 0
    outer loop
      vertex 95 3 2.5
      vertex 95.5 3 2
      vertex 95 3 2
    endloop
  endfacet
  facet normal 0 1 -0
    outer loop
      vertex 94.5 3 2
      vertex 94 3 2.5
      vertex 94.5 3 2.5
    endloop
  endfacet
  facet normal 0 1 0
    outer loop
      vertex 94 3 2.5
      vertex 94.5 3 2
      vertex 94 3 2
    endloop
  endfacet
  facet normal 0 1 -0
    outer loop
      vertex 93.5 3 2
      vertex 93 3 2.5
      vertex 93.5 3 2.5
    endloop
  endfacet
  facet normal 0 1 0
    outer loop
      vertex 93 3 2.5
      vertex 93.5 3 2
      vertex 93 3 2
    endloop
  endfacet
  facet normal 0 1 -0
    outer loop
      vertex 92.5 3 2
      vertex 92 3 2.5
      vertex 92.5 3 2.5
    endloop
  endfacet
  facet normal 0 1 0
    outer loop
      vertex 92 3 2.5
      vertex 92.5 3 2
      vertex 92 3 2
    endloop
  endfacet
  facet normal 0 1 -0
    outer loop
      vertex 91.5 3 2
      vertex 91 3 2.5
      vertex 91.5 3 2.5
    endloop
  endfacet
  facet normal 0 1 0
    outer loop
      vertex 91 3 2.5
      vertex 91.5 3 2
      vertex 91 3 2
    endloop
  endfacet
  facet normal 0 1 -0
    outer loop
      vertex 90.5 3 2
      vertex 90 3 2.5
      vertex 90.5 3 2.5
    endloop
  endfacet
  facet normal 0 1 0
    outer loop
      vertex 90 3 2.5
      vertex 90.5 3 2
      vertex 90 3 2
    endloop
  endfacet
  facet normal 0 1 -0
    outer loop
      vertex 89.5 3 2
      vertex 89 3 2.5
      vertex 89.5 3 2.5
    endloop
  endfacet
  facet normal 0 1 0
    outer loop
      vertex 89 3 2.5
      vertex 89.5 3 2
      vertex 89 3 2
    endloop
  endfacet
  facet normal 0 1 -0
    outer loop
      vertex 88.5 3 2
      vertex 88 3 2.5
      vertex 88.5 3 2.5
    endloop
  endfacet
  facet normal 0 1 0
    outer loop
      vertex 88 3 2.5
      vertex 88.5 3 2
      vertex 88 3 2
    endloop
  endfacet
  facet normal 0 1 -0
    outer loop
      vertex 87.5 3 2
      vertex 87 3 2.5
      vertex 87.5 3 2.5
    endloop
  endfacet
  facet normal 0 1 0
    outer loop
      vertex 87 3 2.5
      vertex 87.5 3 2
      vertex 87 3 2
    endloop
  endfacet
  facet normal 0 1 -0
    outer loop
      vertex 86.5 3 2
      vertex 86 3 2.5
      vertex 86.5 3 2.5
    endloop
  endfacet
  facet normal 0 1 0
    outer loop
      vertex 86 3 2.5
      vertex 86.5 3 2
      vertex 86 3 2
    endloop
  endfacet
  facet normal 0 1 -0
    outer loop
      vertex 85.5 3 2
      vertex 85 3 2.5
      vertex 85.5 3 2.5
    endloop
  endfacet
  facet normal 0 1 0
    outer loop
      vertex 85 3 2.5
      vertex 85.5 3 2
      vertex 85 3 2
    endloop
  endfacet
  facet normal 0 1 -0
    outer loop
      vertex 84.5 3 2
      vertex 84 3 2.5
      vertex 84.5 3 2.5
    endloop
  endfacet
  facet normal 0 1 0
    outer loop
      vertex 84 3 2.5
      vertex 84.5 3 2
      vertex 84 3 2
    endloop
  endfacet
  facet normal 0 1 -0
    outer loop
      vertex 83.5 3 2
      vertex 83 3 2.5
      vertex 83.5 3 2.5
    endloop
  endfacet
  facet normal 0 1 0
    outer loop
      vertex 83 3 2.5
      vertex 83.5 3 2
      vertex 83 3 2
    endloop
  endfacet
  facet normal 0 1 -0
    outer loop
      vertex 82.5 3 2
      vertex 82 3 2.5
      vertex 82.5 3 2.5
    endloop
  endfacet
  facet normal 0 1 0
    outer loop
      vertex 82 3 2.5
      vertex 82.5 3 2
      vertex 82 3 2
    endloop
  endfacet
  facet normal 0 1 -0
    outer loop
      vertex 81.5 3 2
      vertex 81 3 2.5
      vertex 81.5 3 2.5
    endloop
  endfacet
  facet normal 0 1 0
    outer loop
      vertex 81 3 2.5
      vertex 81.5 3 2
      vertex 81 3 2
    endloop
  endfacet
  facet normal 0 1 -0
    outer loop
      vertex 80.5 3 2
      vertex 80 3 2.5
      vertex 80.5 3 2.5
    endloop
  endfacet
  facet normal 0 1 0
    outer loop
      vertex 80 3 2.5
      vertex 80.5 3 2
      vertex 80 3 2
    endloop
  endfacet
  facet normal 0 1 -0
    outer loop
      vertex 79.5 3 2
      vertex 79 3 2.5
      vertex 79.5 3 2.5
    endloop
  endfacet
  facet normal 0 1 0
    outer loop
      vertex 79 3 2.5
      vertex 79.5 3 2
      vertex 79 3 2
    endloop
  endfacet
  facet normal 0 1 -0
    outer loop
      vertex 78.5 3 2
      vertex 78 3 2.5
      vertex 78.5 3 2.5
    endloop
  endfacet
  facet normal 0 1 0
    outer loop
      vertex 78 3 2.5
      vertex 78.5 3 2
      vertex 78 3 2
    endloop
  endfacet
  facet normal 0 1 -0
    outer loop
      vertex 77.5 3 2
      vertex 77 3 2.5
      vertex 77.5 3 2.5
    endloop
  endfacet
  facet normal 0 1 0
    outer loop
      vertex 77 3 2.5
      vertex 77.5 3 2
      vertex 77 3 2
    endloop
  endfacet
  facet normal 0 1 -0
    outer loop
      vertex 76.5 3 2
      vertex 76 3 2.5
      vertex 76.5 3 2.5
    endloop
  endfacet
  facet normal 0 1 0
    outer loop
      vertex 76 3 2.5
      vertex 76.5 3 2
      vertex 76 3 2
    endloop
  endfacet
  facet normal 0 1 -0
    outer loop
      vertex 75.5 3 2
      vertex 75 3 2.5
      vertex 75.5 3 2.5
    endloop
  endfacet
  facet normal 0 1 0
    outer loop
      vertex 75 3 2.5
      vertex 75.5 3 2
      vertex 75 3 2
    endloop
  endfacet
  facet normal 0 1 -0
    outer loop
      vertex 74.5 3 2
      vertex 74 3 2.5
      vertex 74.5 3 2.5
    endloop
  endfacet
  facet normal 0 1 0
    outer loop
      vertex 74 3 2.5
      vertex 74.5 3 2
      vertex 74 3 2
    endloop
  endfacet
  facet normal 0 1 -0
    outer loop
      vertex 73.5 3 2
      vertex 73 3 2.5
      vertex 73.5 3 2.5
    endloop
  endfacet
  facet normal 0 1 0
    outer loop
      vertex 73 3 2.5
      vertex 73.5 3 2
      vertex 73 3 2
    endloop
  endfacet
  facet normal 0 1 -0
    outer loop
      vertex 72.5 3 2
      vertex 72 3 2.5
      vertex 72.5 3 2.5
    endloop
  endfacet
  facet normal 0 1 0
    outer loop
      vertex 72 3 2.5
      vertex 72.5 3 2
      vertex 72 3 2
    endloop
  endfacet
  facet normal 0 1 -0
    outer loop
      vertex 71.5 3 2
      vertex 71 3 2.5
      vertex 71.5 3 2.5
    endloop
  endfacet
  facet normal 0 1 0
    outer loop
      vertex 71 3 2.5
      vertex 71.5 3 2
      vertex 71 3 2
    endloop
  endfacet
  facet normal 0 1 -0
    outer loop
      vertex 70.5 3 2
      vertex 70 3 2.5
      vertex 70.5 3 2.5
    endloop
  endfacet
  facet normal 0 1 0
    outer loop
      vertex 70 3 2.5
      vertex 70.5 3 2
      vertex 70 3 2
    endloop
  endfacet
  facet normal 0 1 -0
    outer loop
      vertex 69.5 3 2
      vertex 69 3 2.5
      vertex 69.5 3 2.5
    endloop
  endfacet
  facet normal 0 1 0
    outer loop
      vertex 69 3 2.5
      vertex 69.5 3 2
      vertex 69 3 2
    endloop
  endfacet
  facet normal 0 1 -0
    outer loop
      vertex 68.5 3 2
      vertex 68 3 2.5
      vertex 68.5 3 2.5
    endloop
  endfacet
  facet normal 0 1 0
    outer loop
      vertex 68 3 2.5
      vertex 68.5 3 2
      vertex 68 3 2
    endloop
  endfacet
  facet normal 0 1 -0
    outer loop
      vertex 67.5 3 2
      vertex 67 3 2.5
      vertex 67.5 3 2.5
    endloop
  endfacet
  facet normal 0 1 0
    outer loop
      vertex 67 3 2.5
      vertex 67.5 3 2
      vertex 67 3 2
    endloop
  endfacet
  facet normal 0 1 -0
    outer loop
      vertex 66.5 3 2
      vertex 66 3 2.5
      vertex 66.5 3 2.5
    endloop
  endfacet
  facet normal 0 1 0
    outer loop
      vertex 66 3 2.5
      vertex 66.5 3 2
      vertex 66 3 2
    endloop
  endfacet
  facet normal 0 1 -0
    outer loop
      vertex 65.5 3 2
      vertex 65 3 2.5
      vertex 65.5 3 2.5
    endloop
  endfacet
  facet normal 0 1 0
    outer loop
      vertex 65 3 2.5
      vertex 65.5 3 2
      vertex 65 3 2
    endloop
  endfacet
  facet normal 0 1 -0
    outer loop
      vertex 64.5 3 2
      vertex 64 3 2.5
      vertex 64.5 3 2.5
    endloop
  endfacet
  facet normal 0 1 0
    outer loop
      vertex 64 3 2.5
      vertex 64.5 3 2
      vertex 64 3 2
    endloop
  endfacet
  facet normal 0 1 -0
    outer loop
      vertex 63.5 3 2
      vertex 63 3 2.5
      vertex 63.5 3 2.5
    endloop
  endfacet
  facet normal 0 1 0
    outer loop
      vertex 63 3 2.5
      vertex 63.5 3 2
      vertex 63 3 2
    endloop
  endfacet
  facet normal 0 1 -0
    outer loop
      vertex 62.5 3 2
      vertex 62 3 2.5
      vertex 62.5 3 2.5
    endloop
  endfacet
  facet normal 0 1 0
    outer loop
      vertex 62 3 2.5
      vertex 62.5 3 2
      vertex 62 3 2
    endloop
  endfacet
  facet normal 0 1 -0
    outer loop
      vertex 61.5 3 2
      vertex 61 3 2.5
      vertex 61.5 3 2.5
    endloop
  endfacet
  facet normal 0 1 0
    outer loop
      vertex 61 3 2.5
      vertex 61.5 3 2
      vertex 61 3 2
    endloop
  endfacet
  facet normal 0 1 -0
    outer loop
      vertex 60.5 3 2
      vertex 60 3 2.5
      vertex 60.5 3 2.5
    endloop
  endfacet
  facet normal 0 1 0
    outer loop
      vertex 60 3 2.5
      vertex 60.5 3 2
      vertex 60 3 2
    endloop
  endfacet
  facet normal 0 1 -0
    outer loop
      vertex 59.5 3 2
      vertex 59 3 2.5
      vertex 59.5 3 2.5
    endloop
  endfacet
  facet normal 0 1 0
    outer loop
      vertex 59 3 2.5
      vertex 59.5 3 2
      vertex 59 3 2
    endloop
  endfacet
  facet normal 0 1 -0
    outer loop
      vertex 58.5 3 2
      vertex 58 3 2.5
      vertex 58.5 3 2.5
    endloop
  endfacet
  facet normal 0 1 0
    outer loop
      vertex 58 3 2.5
      vertex 58.5 3 2
      vertex 58 3 2
    endloop
  endfacet
  facet normal 0 1 -0
    outer loop
      vertex 57.5 3 2
      vertex 57 3 2.5
      vertex 57.5 3 2.5
    endloop
  endfacet
  facet normal 0 1 0
    outer loop
      vertex 57 3 2.5
      vertex 57.5 3 2
      vertex 57 3 2
    endloop
  endfacet
  facet normal 0 1 -0
    outer loop
      vertex 56.5 3 2
      vertex 56 3 2.5
      vertex 56.5 3 2.5
    endloop
  endfacet
  facet normal 0 1 0
    outer loop
      vertex 56 3 2.5
      vertex 56.5 3 2
      vertex 56 3 2
    endloop
  endfacet
  facet normal 0 1 -0
    outer loop
      vertex 55.5 3 2
      vertex 55 3 2.5
      vertex 55.5 3 2.5
    endloop
  endfacet
  facet normal 0 1 0
    outer loop
      vertex 55 3 2.5
      vertex 55.5 3 2
      vertex 55 3 2
    endloop
  endfacet
  facet normal 0 1 -0
    outer loop
      vertex 54.5 3 2
      vertex 54 3 2.5
      vertex 54.5 3 2.5
    endloop
  endfacet
  facet normal 0 1 0
    outer loop
      vertex 54 3 2.5
      vertex 54.5 3 2
      vertex 54 3 2
    endloop
  endfacet
  facet normal 0 1 -0
    outer loop
      vertex 53.5 3 2
      vertex 53 3 2.5
      vertex 53.5 3 2.5
    endloop
  endfacet
  facet normal 0 1 0
    outer loop
      vertex 53 3 2.5
      vertex 53.5 3 2
      vertex 53 3 2
    endloop
  endfacet
  facet normal 0 1 -0
    outer loop
      vertex 52.5 3 2
      vertex 52 3 2.5
      vertex 52.5 3 2.5
    endloop
  endfacet
  facet normal 0 1 0
    outer loop
      vertex 52 3 2.5
      vertex 52.5 3 2
      vertex 52 3 2
    endloop
  endfacet
  facet normal 0 1 -0
    outer loop
      vertex 51.5 3 2
      vertex 51 3 2.5
      vertex 51.5 3 2.5
    endloop
  endfacet
  facet normal 0 1 0
    outer loop
      vertex 51 3 2.5
      vertex 51.5 3 2
      vertex 51 3 2
    endloop
  endfacet
  facet normal 0 1 -0
    outer loop
      vertex 50.5 3 2
      vertex 50 3 2.5
      vertex 50.5 3 2.5
    endloop
  endfacet
  facet normal 0 1 0
    outer loop
      vertex 50 3 2.5
      vertex 50.5 3 2
      vertex 50 3 2
    endloop
  endfacet
  facet normal 0 1 -0
    outer loop
      vertex 49.5 3 2
      vertex 49 3 2.5
      vertex 49.5 3 2.5
    endloop
  endfacet
  facet normal 0 1 0
    outer loop
      vertex 49 3 2.5
      vertex 49.5 3 2
      vertex 49 3 2
    endloop
  endfacet
  facet normal 0 1 -0
    outer loop
      vertex 48.5 3 2
      vertex 48 3 2.5
      vertex 48.5 3 2.5
    endloop
  endfacet
  facet normal 0 1 0
    outer loop
      vertex 48 3 2.5
      vertex 48.5 3 2
      vertex 48 3 2
    endloop
  endfacet
  facet normal 0 1 -0
    outer loop
      vertex 47.5 3 2
      vertex 47 3 2.5
      vertex 47.5 3 2.5
    endloop
  endfacet
  facet normal 0 1 0
    outer loop
      vertex 47 3 2.5
      vertex 47.5 3 2
      vertex 47 3 2
    endloop
  endfacet
  facet normal 0 1 -0
    outer loop
      vertex 46.5 3 2
      vertex 46 3 2.5
      vertex 46.5 3 2.5
    endloop
  endfacet
  facet normal 0 1 0
    outer loop
      vertex 46 3 2.5
      vertex 46.5 3 2
      vertex 46 3 2
    endloop
  endfacet
  facet normal 0 1 -0
    outer loop
      vertex 45.5 3 2
      vertex 45 3 2.5
      vertex 45.5 3 2.5
    endloop
  endfacet
  facet normal 0 1 0
    outer loop
      vertex 45 3 2.5
      vertex 45.5 3 2
      vertex 45 3 2
    endloop
  endfacet
  facet normal 0 1 -0
    outer loop
      vertex 44.5 3 2
      vertex 44 3 2.5
      vertex 44.5 3 2.5
    endloop
  endfacet
  facet normal 0 1 0
    outer loop
      vertex 44 3 2.5
      vertex 44.5 3 2
      vertex 44 3 2
    endloop
  endfacet
  facet normal 0 1 -0
    outer loop
      vertex 43.5 3 2
      vertex 43 3 2.5
      vertex 43.5 3 2.5
    endloop
  endfacet
  facet normal 0 1 0
    outer loop
      vertex 43 3 2.5
      vertex 43.5 3 2
      vertex 43 3 2
    endloop
  endfacet
  facet normal 0 1 -0
    outer loop
      vertex 42.5 3 2
      vertex 42 3 2.5
      vertex 42.5 3 2.5
    endloop
  endfacet
  facet normal 0 1 0
    outer loop
      vertex 42 3 2.5
      vertex 42.5 3 2
      vertex 42 3 2
    endloop
  endfacet
  facet normal 0 1 -0
    outer loop
      vertex 41.5 3 2
      vertex 41 3 2.5
      vertex 41.5 3 2.5
    endloop
  endfacet
  facet normal 0 1 0
    outer loop
      vertex 41 3 2.5
      vertex 41.5 3 2
      vertex 41 3 2
    endloop
  endfacet
  facet normal 0 1 -0
    outer loop
      vertex 40.5 3 2
      vertex 40 3 2.5
      vertex 40.5 3 2.5
    endloop
  endfacet
  facet normal 0 1 0
    outer loop
      vertex 40 3 2.5
      vertex 40.5 3 2
      vertex 40 3 2
    endloop
  endfacet
  facet normal 0 1 -0
    outer loop
      vertex 39.5 3 2
      vertex 39 3 2.5
      vertex 39.5 3 2.5
    endloop
  endfacet
  facet normal 0 1 0
    outer loop
      vertex 39 3 2.5
      vertex 39.5 3 2
      vertex 39 3 2
    endloop
  endfacet
  facet normal 0 1 -0
    outer loop
      vertex 38.5 3 2
      vertex 38 3 2.5
      vertex 38.5 3 2.5
    endloop
  endfacet
  facet normal 0 1 0
    outer loop
      vertex 38 3 2.5
      vertex 38.5 3 2
      vertex 38 3 2
    endloop
  endfacet
  facet normal 0 1 -0
    outer loop
      vertex 37.5 3 2
      vertex 37 3 2.5
      vertex 37.5 3 2.5
    endloop
  endfacet
  facet normal 0 1 0
    outer loop
      vertex 37 3 2.5
      vertex 37.5 3 2
      vertex 37 3 2
    endloop
  endfacet
  facet normal 0 1 -0
    outer loop
      vertex 36.5 3 2
      vertex 36 3 2.5
      vertex 36.5 3 2.5
    endloop
  endfacet
  facet normal 0 1 0
    outer loop
      vertex 36 3 2.5
      vertex 36.5 3 2
      vertex 36 3 2
    endloop
  endfacet
  facet normal 0 1 -0
    outer loop
      vertex 35.5 3 2
      vertex 35 3 2.5
      vertex 35.5 3 2.5
    endloop
  endfacet
  facet normal 0 1 0
    outer loop
      vertex 35 3 2.5
      vertex 35.5 3 2
      vertex 35 3 2
    endloop
  endfacet
  facet normal 0 1 -0
    outer loop
      vertex 34.5 3 2
      vertex 34 3 2.5
      vertex 34.5 3 2.5
    endloop
  endfacet
  facet normal 0 1 0
    outer loop
      vertex 34 3 2.5
      vertex 34.5 3 2
      vertex 34 3 2
    endloop
  endfacet
  facet normal 0 1 -0
    outer loop
      vertex 33.5 3 2
      vertex 33 3 2.5
      vertex 33.5 3 2.5
    endloop
  endfacet
  facet normal 0 1 0
    outer loop
      vertex 33 3 2.5
      vertex 33.5 3 2
      vertex 33 3 2
    endloop
  endfacet
  facet normal 0 1 -0
    outer loop
      vertex 32.5 3 2
      vertex 32 3 2.5
      vertex 32.5 3 2.5
    endloop
  endfacet
  facet normal 0 1 0
    outer loop
      vertex 32 3 2.5
      vertex 32.5 3 2
      vertex 32 3 2
    endloop
  endfacet
  facet normal 0 1 -0
    outer loop
      vertex 31.5 3 2
      vertex 31 3 2.5
      vertex 31.5 3 2.5
    endloop
  endfacet
  facet normal 0 1 0
    outer loop
      vertex 31 3 2.5
      vertex 31.5 3 2
      vertex 31 3 2
    endloop
  endfacet
  facet normal 0 1 -0
    outer loop
      vertex 30.5 3 2
      vertex 30 3 2.5
      vertex 30.5 3 2.5
    endloop
  endfacet
  facet normal 0 1 0
    outer loop
      vertex 30 3 2.5
      vertex 30.5 3 2
      vertex 30 3 2
    endloop
  endfacet
  facet normal 0 1 -0
    outer loop
      vertex 29.5 3 2
      vertex 29 3 2.5
      vertex 29.5 3 2.5
    endloop
  endfacet
  facet normal 0 1 0
    outer loop
      vertex 29 3 2.5
      vertex 29.5 3 2
      vertex 29 3 2
    endloop
  endfacet
  facet normal 0 1 -0
    outer loop
      vertex 28.5 3 2
      vertex 28 3 2.5
      vertex 28.5 3 2.5
    endloop
  endfacet
  facet normal 0 1 0
    outer loop
      vertex 28 3 2.5
      vertex 28.5 3 2
      vertex 28 3 2
    endloop
  endfacet
  facet normal 0 1 -0
    outer loop
      vertex 27.5 3 2
      vertex 27 3 2.5
      vertex 27.5 3 2.5
    endloop
  endfacet
  facet normal 0 1 0
    outer loop
      vertex 27 3 2.5
      vertex 27.5 3 2
      vertex 27 3 2
    endloop
  endfacet
  facet normal 0 1 -0
    outer loop
      vertex 26.5 3 2
      vertex 26 3 2.5
      vertex 26.5 3 2.5
    endloop
  endfacet
  facet normal 0 1 0
    outer loop
      vertex 26 3 2.5
      vertex 26.5 3 2
      vertex 26 3 2
    endloop
  endfacet
  facet normal 0 1 -0
    outer loop
      vertex 25.5 3 2
      vertex 25 3 2.5
      vertex 25.5 3 2.5
    endloop
  endfacet
  facet normal 0 1 0
    outer loop
      vertex 25 3 2.5
      vertex 25.5 3 2
      vertex 25 3 2
    endloop
  endfacet
  facet normal 0 1 -0
    outer loop
      vertex 24.5 3 2
      vertex 24 3 2.5
      vertex 24.5 3 2.5
    endloop
  endfacet
  facet normal 0 1 0
    outer loop
      vertex 24 3 2.5
      vertex 24.5 3 2
      vertex 24 3 2
    endloop
  endfacet
  facet normal 0 1 -0
    outer loop
      vertex 23.5 3 2
      vertex 23 3 2.5
      vertex 23.5 3 2.5
    endloop
  endfacet
  facet normal 0 1 0
    outer loop
      vertex 23 3 2.5
      vertex 23.5 3 2
      vertex 23 3 2
    endloop
  endfacet
  facet normal 0 1 -0
    outer loop
      vertex 22.5 3 2
      vertex 22 3 2.5
      vertex 22.5 3 2.5
    endloop
  endfacet
  facet normal 0 1 0
    outer loop
      vertex 22 3 2.5
      vertex 22.5 3 2
      vertex 22 3 2
    endloop
  endfacet
  facet normal 0 1 -0
    outer loop
      vertex 21.5 3 2
      vertex 21 3 2.5
      vertex 21.5 3 2.5
    endloop
  endfacet
  facet normal 0 1 0
    outer loop
      vertex 21 3 2.5
      vertex 21.5 3 2
      vertex 21 3 2
    endloop
  endfacet
  facet normal 0 1 -0
    outer loop
      vertex 20.5 3 2
      vertex 20 3 2.5
      vertex 20.5 3 2.5
    endloop
  endfacet
  facet normal 0 1 0
    outer loop
      vertex 20 3 2.5
      vertex 20.5 3 2
      vertex 20 3 2
    endloop
  endfacet
  facet normal 0 1 -0
    outer loop
      vertex 19.5 3 2
      vertex 19 3 2.5
      vertex 19.5 3 2.5
    endloop
  endfacet
  facet normal 0 1 0
    outer loop
      vertex 19 3 2.5
      vertex 19.5 3 2
      vertex 19 3 2
    endloop
  endfacet
  facet normal 0 1 -0
    outer loop
      vertex 18.5 3 2
      vertex 18 3 2.5
      vertex 18.5 3 2.5
    endloop
  endfacet
  facet normal 0 1 0
    outer loop
      vertex 18 3 2.5
      vertex 18.5 3 2
      vertex 18 3 2
    endloop
  endfacet
  facet normal 0 1 -0
    outer loop
      vertex 17.5 3 2
      vertex 17 3 2.5
      vertex 17.5 3 2.5
    endloop
  endfacet
  facet normal 0 1 0
    outer loop
      vertex 17 3 2.5
      vertex 17.5 3 2
      vertex 17 3 2
    endloop
  endfacet
  facet normal 0 1 -0
    outer loop
      vertex 16.5 3 2
      vertex 16 3 2.5
      vertex 16.5 3 2.5
    endloop
  endfacet
  facet normal 0 1 0
    outer loop
      vertex 16 3 2.5
      vertex 16.5 3 2
      vertex 16 3 2
    endloop
  endfacet
  facet normal 0 1 -0
    outer loop
      vertex 15.5 3 2
      vertex 15 3 2.5
      vertex 15.5 3 2.5
    endloop
  endfacet
  facet normal 0 1 0
    outer loop
      vertex 15 3 2.5
      vertex 15.5 3 2
      vertex 15 3 2
    endloop
  endfacet
  facet normal 0 1 -0
    outer loop
      vertex 14.5 3 2
      vertex 14 3 2.5
      vertex 14.5 3 2.5
    endloop
  endfacet
  facet normal 0 1 0
    outer loop
      vertex 14 3 2.5
      vertex 14.5 3 2
      vertex 14 3 2
    endloop
  endfacet
  facet normal 0 1 -0
    outer loop
      vertex 13.5 3 2
      vertex 13 3 2.5
      vertex 13.5 3 2.5
    endloop
  endfacet
  facet normal 0 1 0
    outer loop
      vertex 13 3 2.5
      vertex 13.5 3 2
      vertex 13 3 2
    endloop
  endfacet
  facet normal 0 1 -0
    outer loop
      vertex 12.5 3 2
      vertex 12 3 2.5
      vertex 12.5 3 2.5
    endloop
  endfacet
  facet normal 0 1 0
    outer loop
      vertex 12 3 2.5
      vertex 12.5 3 2
      vertex 12 3 2
    endloop
  endfacet
  facet normal 0 1 -0
    outer loop
      vertex 11.5 3 2
      vertex 11 3 2.5
      vertex 11.5 3 2.5
    endloop
  endfacet
  facet normal 0 1 0
    outer loop
      vertex 11 3 2.5
      vertex 11.5 3 2
      vertex 11 3 2
    endloop
  endfacet
  facet normal 0 1 -0
    outer loop
      vertex 10.5 3 2
      vertex 10 3 2.5
      vertex 10.5 3 2.5
    endloop
  endfacet
  facet normal 0 1 0
    outer loop
      vertex 10 3 2.5
      vertex 10.5 3 2
      vertex 10 3 2
    endloop
  endfacet
  facet normal 0 1 -0
    outer loop
      vertex 9.5 3 2
      vertex 9 3 2.5
      vertex 9.5 3 2.5
    endloop
  endfacet
  facet normal 0 1 0
    outer loop
      vertex 9 3 2.5
      vertex 9.5 3 2
      vertex 9 3 2
    endloop
  endfacet
  facet normal 0 1 -0
    outer loop
      vertex 8.5 3 2
      vertex 8 3 2.5
      vertex 8.5 3 2.5
    endloop
  endfacet
  facet normal 0 1 0
    outer loop
      vertex 8 3 2.5
      vertex 8.5 3 2
      vertex 8 3 2
    endloop
  endfacet
  facet normal 0 1 -0
    outer loop
      vertex 7.5 3 2
      vertex 7 3 2.5
      vertex 7.5 3 2.5
    endloop
  endfacet
  facet normal 0 1 0
    outer loop
      vertex 7 3 2.5
      vertex 7.5 3 2
      vertex 7 3 2
    endloop
  endfacet
  facet normal 0 1 -0
    outer loop
      vertex 6.5 3 2
      vertex 6 3 2.5
      vertex 6.5 3 2.5
    endloop
  endfacet
  facet normal 0 1 0
    outer loop
      vertex 6 3 2.5
      vertex 6.5 3 2
      vertex 6 3 2
    endloop
  endfacet
  facet normal 0 1 -0
    outer loop
      vertex 5.5 3 2
      vertex 5 3 2.5
      vertex 5.5 3 2.5
    endloop
  endfacet
  facet normal 0 1 0
    outer loop
      vertex 5 3 2.5
      vertex 5.5 3 2
      vertex 5 3 2
    endloop
  endfacet
  facet normal 0 1 -0
    outer loop
      vertex 4.5 3 2
      vertex 4 3 2.5
      vertex 4.5 3 2.5
    endloop
  endfacet
  facet normal 0 1 0
    outer loop
      vertex 4 3 2.5
      vertex 4.5 3 2
      vertex 4 3 2
    endloop
  endfacet
  facet normal 0 1 -0
    outer loop
      vertex 3.5 3 2
      vertex 3 3 2.5
      vertex 3.5 3 2.5
    endloop
  endfacet
  facet normal 0 1 0
    outer loop
      vertex 3 3 2.5
      vertex 3.5 3 2
      vertex 3 3 2
    endloop
  endfacet
  facet normal 0 1 -0
    outer loop
      vertex 2.5 3 2
      vertex 2 3 2.5
      vertex 2.5 3 2.5
    endloop
  endfacet
  facet normal 0 1 0
    outer loop
      vertex 2 3 2.5
      vertex 2.5 3 2
      vertex 2 3 2
    endloop
  endfacet
  facet normal 0 1 -0
    outer loop
      vertex 1.5 3 2
      vertex 1 3 2.5
      vertex 1.5 3 2.5
    endloop
  endfacet
  facet normal 0 1 0
    outer loop
      vertex 1 3 2.5
      vertex 1.5 3 2
      vertex 1 3 2
    endloop
  endfacet
  facet normal 0 1 -0
    outer loop
      vertex 0.5 3 2
      vertex 0 3 2.5
      vertex 0.5 3 2.5
    endloop
  endfacet
  facet normal 0 1 0
    outer loop
      vertex 1.5 3 2
      vertex 0 3 -0.179405
      vertex 1 3 2
    endloop
  endfacet
  facet normal 0 1 0
    outer loop
      vertex 0 3 -0.179405
      vertex 3 3 0
      vertex 3 3 -0.179405
    endloop
  endfacet
  facet normal 0 1 0
    outer loop
      vertex 0.5 3 2
      vertex 0 3 -0.179405
      vertex 0 3 2.5
    endloop
  endfacet
  facet normal 0 1 0
    outer loop
      vertex 1 3 2
      vertex 0 3 -0.179405
      vertex 0.5 3 2
    endloop
  endfacet
  facet normal 0 -1 0
    outer loop
      vertex 0 0 2.5
      vertex 0.5 0 2
      vertex 0.5 0 2.5
    endloop
  endfacet
  facet normal 0 -1 0
    outer loop
      vertex 0 0 -0.179404
      vertex 1 0 2
      vertex 0.5 0 2
    endloop
  endfacet
  facet normal 0 -1 -0
    outer loop
      vertex 1 0 2
      vertex 0 0 -0.179404
      vertex 1.5 0 2
    endloop
  endfacet
  facet normal -0 -1 0
    outer loop
      vertex 3 0 0
      vertex 1.5 0 2
      vertex 0 0 -0.179404
    endloop
  endfacet
  facet normal 0 -1 0
    outer loop
      vertex 2 0 2
      vertex 3 0 0
      vertex 2.5 0 2
    endloop
  endfacet
  facet normal 0 -1 0
    outer loop
      vertex 2.5 0 2
      vertex 3 0 0
      vertex 3 0 2
    endloop
  endfacet
  facet normal 0 -1 0
    outer loop
      vertex 3 0 2
      vertex 3 0 0
      vertex 3.5 0 2
    endloop
  endfacet
  facet normal 0 -1 -0
    outer loop
      vertex 3.5 0 2
      vertex 3 0 0
      vertex 4 0 2
    endloop
  endfacet
  facet normal 0 -1 -0
    outer loop
      vertex 4 0 2
      vertex 3 0 0
      vertex 4.5 0 2
    endloop
  endfacet
  facet normal 0 -1 -0
    outer loop
      vertex 4.5 0 2
      vertex 3 0 0
      vertex 5 0 2
    endloop
  endfacet
  facet normal 0 -1 -0
    outer loop
      vertex 5 0 2
      vertex 3 0 0
      vertex 5.5 0 2
    endloop
  endfacet
  facet normal 0 -1 -0
    outer loop
      vertex 5.5 0 2
      vertex 3 0 0
      vertex 6 0 2
    endloop
  endfacet
  facet normal 0 -1 -0
    outer loop
      vertex 6 0 2
      vertex 3 0 0
      vertex 6.5 0 2
    endloop
  endfacet
  facet normal 0 -1 -0
    outer loop
      vertex 6.5 0 2
      vertex 3 0 0
      vertex 7 0 2
    endloop
  endfacet
  facet normal 0 -1 -0
    outer loop
      vertex 7 0 2
      vertex 3 0 0
      vertex 7.5 0 2
    endloop
  endfacet
  facet normal 0 -1 -0
    outer loop
      vertex 7.5 0 2
      vertex 3 0 0
      vertex 8 0 2
    endloop
  endfacet
  facet normal 0 -1 -0
    outer loop
      vertex 8 0 2
      vertex 3 0 0
      vertex 8.5 0 2
    endloop
  endfacet
  facet normal 0 -1 -0
    outer loop
      vertex 8.5 0 2
      vertex 3 0 0
      vertex 9 0 2
    endloop
  endfacet
  facet normal 0 -1 -0
    outer loop
      vertex 9 0 2
      vertex 3 0 0
      vertex 9.5 0 2
    endloop
  endfacet
  facet normal 0 -1 -0
    outer loop
      vertex 9.5 0 2
      vertex 3 0 0
      vertex 10 0 2
    endloop
  endfacet
  facet normal 0 -1 -0
    outer loop
      vertex 10 0 2
      vertex 3 0 0
      vertex 10.5 0 2
    endloop
  endfacet
  facet normal 0 -1 -0
    outer loop
      vertex 10.5 0 2
      vertex 3 0 0
      vertex 11 0 2
    endloop
  endfacet
  facet normal 0 -1 -0
    outer loop
      vertex 11 0 2
      vertex 3 0 0
      vertex 11.5 0 2
    endloop
  endfacet
  facet normal 0 -1 -0
    outer loop
      vertex 11.5 0 2
      vertex 3 0 0
      vertex 12 0 2
    endloop
  endfacet
  facet normal 0 -1 -0
    outer loop
      vertex 12 0 2
      vertex 3 0 0
      vertex 12.5 0 2
    endloop
  endfacet
  facet normal 0 -1 -0
    outer loop
      vertex 12.5 0 2
      vertex 3 0 0
      vertex 13 0 2
    endloop
  endfacet
  facet normal 0 -1 -0
    outer loop
      vertex 13 0 2
      vertex 3 0 0
      vertex 13.5 0 2
    endloop
  endfacet
  facet normal 0 -1 -0
    outer loop
      vertex 13.5 0 2
      vertex 3 0 0
      vertex 14 0 2
    endloop
  endfacet
  facet normal 0 -1 -0
    outer loop
      vertex 14 0 2
      vertex 3 0 0
      vertex 14.5 0 2
    endloop
  endfacet
  facet normal 0 -1 -0
    outer loop
      vertex 14.5 0 2
      vertex 3 0 0
      vertex 15 0 2
    endloop
  endfacet
  facet normal 0 -1 -0
    outer loop
      vertex 15 0 2
      vertex 3 0 0
      vertex 15.5 0 2
    endloop
  endfacet
  facet normal 0 -1 -0
    outer loop
      vertex 15.5 0 2
      vertex 3 0 0
      vertex 16 0 2
    endloop
  endfacet
  facet normal 0 -1 -0
    outer loop
      vertex 16 0 2
      vertex 3 0 0
      vertex 16.5 0 2
    endloop
  endfacet
  facet normal 0 -1 -0
    outer loop
      vertex 16.5 0 2
      vertex 3 0 0
      vertex 17 0 2
    endloop
  endfacet
  facet normal 0 -1 -0
    outer loop
      vertex 17 0 2
      vertex 3 0 0
      vertex 17.5 0 2
    endloop
  endfacet
  facet normal 0 -1 -0
    outer loop
      vertex 17.5 0 2
      vertex 3 0 0
      vertex 18 0 2
    endloop
  endfacet
  facet normal 0 -1 -0
    outer loop
      vertex 18 0 2
      vertex 3 0 0
      vertex 18.5 0 2
    endloop
  endfacet
  facet normal 0 -1 -0
    outer loop
      vertex 18.5 0 2
      vertex 3 0 0
      vertex 19 0 2
    endloop
  endfacet
  facet normal 0 -1 -0
    outer loop
      vertex 19 0 2
      vertex 3 0 0
      vertex 19.5 0 2
    endloop
  endfacet
  facet normal 0 -1 -0
    outer loop
      vertex 19.5 0 2
      vertex 3 0 0
      vertex 20 0 2
    endloop
  endfacet
  facet normal 0 -1 -0
    outer loop
      vertex 20 0 2
      vertex 3 0 0
      vertex 20.5 0 2
    endloop
  endfacet
  facet normal 0 -1 -0
    outer loop
      vertex 20.5 0 2
      vertex 3 0 0
      vertex 21 0 2
    endloop
  endfacet
  facet normal 0 -1 -0
    outer loop
      vertex 21 0 2
      vertex 3 0 0
      vertex 21.5 0 2
    endloop
  endfacet
  facet normal 0 -1 -0
    outer loop
      vertex 21.5 0 2
      vertex 3 0 0
      vertex 22 0 2
    endloop
  endfacet
  facet normal 0 -1 -0
    outer loop
      vertex 22 0 2
      vertex 3 0 0
      vertex 22.5 0 2
    endloop
  endfacet
  facet normal 0 -1 -0
    outer loop
      vertex 22.5 0 2
      vertex 3 0 0
      vertex 23 0 2
    endloop
  endfacet
  facet normal 0 -1 -0
    outer loop
      vertex 23 0 2
      vertex 3 0 0
      vertex 23.5 0 2
    endloop
  endfacet
  facet normal 0 -1 -0
    outer loop
      vertex 23.5 0 2
      vertex 3 0 0
      vertex 24 0 2
    endloop
  endfacet
  facet normal 0 -1 -0
    outer loop
      vertex 24 0 2
      vertex 3 0 0
      vertex 24.5 0 2
    endloop
  endfacet
  facet normal 0 -1 -0
    outer loop
      vertex 24.5 0 2
      vertex 3 0 0
      vertex 25 0 2
    endloop
  endfacet
  facet normal 0 -1 -0
    outer loop
      vertex 25 0 2
      vertex 3 0 0
      vertex 25.5 0 2
    endloop
  endfacet
  facet normal 0 -1 -0
    outer loop
      vertex 25.5 0 2
      vertex 3 0 0
      vertex 26 0 2
    endloop
  endfacet
  facet normal 0 -1 -0
    outer loop
      vertex 26 0 2
      vertex 3 0 0
      vertex 26.5 0 2
    endloop
  endfacet
  facet normal 0 -1 -0
    outer loop
      vertex 26.5 0 2
      vertex 3 0 0
      vertex 27 0 2
    endloop
  endfacet
  facet normal 0 -1 -0
    outer loop
      vertex 27 0 2
      vertex 3 0 0
      vertex 27.5 0 2
    endloop
  endfacet
  facet normal 0 -1 -0
    outer loop
      vertex 27.5 0 2
      vertex 3 0 0
      vertex 28 0 2
    endloop
  endfacet
  facet normal 0 -1 -0
    outer loop
      vertex 28 0 2
      vertex 3 0 0
      vertex 28.5 0 2
    endloop
  endfacet
  facet normal 0 -1 -0
    outer loop
      vertex 28.5 0 2
      vertex 3 0 0
      vertex 29 0 2
    endloop
  endfacet
  facet normal 0 -1 -0
    outer loop
      vertex 29 0 2
      vertex 3 0 0
      vertex 29.5 0 2
    endloop
  endfacet
  facet normal 0 -1 -0
    outer loop
      vertex 29.5 0 2
      vertex 3 0 0
      vertex 30 0 2
    endloop
  endfacet
  facet normal 0 -1 -0
    outer loop
      vertex 30 0 2
      vertex 3 0 0
      vertex 30.5 0 2
    endloop
  endfacet
  facet normal 0 -1 -0
    outer loop
      vertex 30.5 0 2
      vertex 3 0 0
      vertex 31 0 2
    endloop
  endfacet
  facet normal 0 -1 -0
    outer loop
      vertex 31 0 2
      vertex 3 0 0
      vertex 31.5 0 2
    endloop
  endfacet
  facet normal 0 -1 -0
    outer loop
      vertex 31.5 0 2
      vertex 3 0 0
      vertex 32 0 2
    endloop
  endfacet
  facet normal 0 -1 -0
    outer loop
      vertex 32 0 2
      vertex 3 0 0
      vertex 32.5 0 2
    endloop
  endfacet
  facet normal 0 -1 -0
    outer loop
      vertex 32.5 0 2
      vertex 3 0 0
      vertex 33 0 2
    endloop
  endfacet
  facet normal 0 -1 -0
    outer loop
      vertex 33 0 2
      vertex 3 0 0
      vertex 33.5 0 2
    endloop
  endfacet
  facet normal 0 -1 -0
    outer loop
      vertex 33.5 0 2
      vertex 3 0 0
      vertex 34 0 2
    endloop
  endfacet
  facet normal 0 -1 -0
    outer loop
      vertex 34 0 2
      vertex 3 0 0
      vertex 34.5 0 2
    endloop
  endfacet
  facet normal 0 -1 -0
    outer loop
      vertex 34.5 0 2
      vertex 3 0 0
      vertex 35 0 2
    endloop
  endfacet
  facet normal 0 -1 -0
    outer loop
      vertex 35 0 2
      vertex 3 0 0
      vertex 35.5 0 2
    endloop
  endfacet
  facet normal 0 -1 -0
    outer loop
      vertex 35.5 0 2
      vertex 3 0 0
      vertex 36 0 2
    endloop
  endfacet
  facet normal 0 -1 -0
    outer loop
      vertex 36 0 2
      vertex 3 0 0
      vertex 36.5 0 2
    endloop
  endfacet
  facet normal 0 -1 -0
    outer loop
      vertex 36.5 0 2
      vertex 3 0 0
      vertex 37 0 2
    endloop
  endfacet
  facet normal 0 -1 -0
    outer loop
      vertex 37 0 2
      vertex 3 0 0
      vertex 37.5 0 2
    endloop
  endfacet
  facet normal 0 -1 -0
    outer loop
      vertex 37.5 0 2
      vertex 3 0 0
      vertex 38 0 2
    endloop
  endfacet
  facet normal 0 -1 -0
    outer loop
      vertex 38 0 2
      vertex 3 0 0
      vertex 38.5 0 2
    endloop
  endfacet
  facet normal 0 -1 -0
    outer loop
      vertex 38.5 0 2
      vertex 3 0 0
      vertex 39 0 2
    endloop
  endfacet
  facet normal 0 -1 -0
    outer loop
      vertex 39 0 2
      vertex 3 0 0
      vertex 39.5 0 2
    endloop
  endfacet
  facet normal 0 -1 -0
    outer loop
      vertex 39.5 0 2
      vertex 3 0 0
      vertex 40 0 2
    endloop
  endfacet
  facet normal 0 -1 -0
    outer loop
      vertex 40 0 2
      vertex 3 0 0
      vertex 40.5 0 2
    endloop
  endfacet
  facet normal 0 -1 -0
    outer loop
      vertex 40.5 0 2
      vertex 3 0 0
      vertex 41 0 2
    endloop
  endfacet
  facet normal 0 -1 -0
    outer loop
      vertex 41 0 2
      vertex 3 0 0
      vertex 41.5 0 2
    endloop
  endfacet
  facet normal 0 -1 -0
    outer loop
      vertex 41.5 0 2
      vertex 3 0 0
      vertex 42 0 2
    endloop
  endfacet
  facet normal 0 -1 -0
    outer loop
      vertex 42 0 2
      vertex 3 0 0
      vertex 42.5 0 2
    endloop
  endfacet
  facet normal 0 -1 -0
    outer loop
      vertex 42.5 0 2
      vertex 3 0 0
      vertex 43 0 2
    endloop
  endfacet
  facet normal 0 -1 -0
    outer loop
      vertex 43 0 2
      vertex 3 0 0
      vertex 43.5 0 2
    endloop
  endfacet
  facet normal 0 -1 -0
    outer loop
      vertex 43.5 0 2
      vertex 3 0 0
      vertex 44 0 2
    endloop
  endfacet
  facet normal 0 -1 -0
    outer loop
      vertex 44 0 2
      vertex 3 0 0
      vertex 44.5 0 2
    endloop
  endfacet
  facet normal 0 -1 -0
    outer loop
      vertex 44.5 0 2
      vertex 3 0 0
      vertex 45 0 2
    endloop
  endfacet
  facet normal 0 -1 -0
    outer loop
      vertex 45 0 2
      vertex 3 0 0
      vertex 45.5 0 2
    endloop
  endfacet
  facet normal 0 -1 -0
    outer loop
      vertex 45.5 0 2
      vertex 3 0 0
      vertex 46 0 2
    endloop
  endfacet
  facet normal 0 -1 -0
    outer loop
      vertex 46 0 2
      vertex 3 0 0
      vertex 46.5 0 2
    endloop
  endfacet
  facet normal 0 -1 -0
    outer loop
      vertex 46.5 0 2
      vertex 3 0 0
      vertex 47 0 2
    endloop
  endfacet
  facet normal 0 -1 -0
    outer loop
      vertex 47 0 2
      vertex 3 0 0
      vertex 47.5 0 2
    endloop
  endfacet
  facet normal 0 -1 -0
    outer loop
      vertex 47.5 0 2
      vertex 3 0 0
      vertex 48 0 2
    endloop
  endfacet
  facet normal 0 -1 -0
    outer loop
      vertex 48 0 2
      vertex 3 0 0
      vertex 48.5 0 2
    endloop
  endfacet
  facet normal 0 -1 -0
    outer loop
      vertex 48.5 0 2
      vertex 3 0 0
      vertex 49 0 2
    endloop
  endfacet
  facet normal 0 -1 -0
    outer loop
      vertex 49 0 2
      vertex 3 0 0
      vertex 49.5 0 2
    endloop
  endfacet
  facet normal 0 -1 -0
    outer loop
      vertex 49.5 0 2
      vertex 3 0 0
      vertex 50 0 2
    endloop
  endfacet
  facet normal 0 -1 -0
    outer loop
      vertex 50 0 2
      vertex 3 0 0
      vertex 50.5 0 2
    endloop
  endfacet
  facet normal 0 -1 -0
    outer loop
      vertex 50.5 0 2
      vertex 3 0 0
      vertex 51 0 2
    endloop
  endfacet
  facet normal 0 -1 -0
    outer loop
      vertex 51 0 2
      vertex 3 0 0
      vertex 51.5 0 2
    endloop
  endfacet
  facet normal 0 -1 -0
    outer loop
      vertex 51.5 0 2
      vertex 3 0 0
      vertex 52 0 2
    endloop
  endfacet
  facet normal 0 -1 -0
    outer loop
      vertex 52 0 2
      vertex 3 0 0
      vertex 52.5 0 2
    endloop
  endfacet
  facet normal 0 -1 -0
    outer loop
      vertex 52.5 0 2
      vertex 3 0 0
      vertex 53 0 2
    endloop
  endfacet
  facet normal 0 -1 -0
    outer loop
      vertex 53 0 2
      vertex 3 0 0
      vertex 53.5 0 2
    endloop
  endfacet
  facet normal 0 -1 -0
    outer loop
      vertex 53.5 0 2
      vertex 3 0 0
      vertex 54 0 2
    endloop
  endfacet
  facet normal 0 -1 -0
    outer loop
      vertex 54 0 2
      vertex 3 0 0
      vertex 54.5 0 2
    endloop
  endfacet
  facet normal 0 -1 -0
    outer loop
      vertex 54.5 0 2
      vertex 3 0 0
      vertex 55 0 2
    endloop
  endfacet
  facet normal 0 -1 -0
    outer loop
      vertex 55 0 2
      vertex 3 0 0
      vertex 55.5 0 2
    endloop
  endfacet
  facet normal 0 -1 -0
    outer loop
      vertex 55.5 0 2
      vertex 3 0 0
      vertex 56 0 2
    endloop
  endfacet
  facet normal 0 -1 -0
    outer loop
      vertex 56 0 2
      vertex 3 0 0
      vertex 56.5 0 2
    endloop
  endfacet
  facet normal 0 -1 -0
    outer loop
      vertex 56.5 0 2
      vertex 3 0 0
      vertex 57 0 2
    endloop
  endfacet
  facet normal 0 -1 -0
    outer loop
      vertex 57 0 2
      vertex 3 0 0
      vertex 57.5 0 2
    endloop
  endfacet
  facet normal 0 -1 -0
    outer loop
      vertex 57.5 0 2
      vertex 3 0 0
      vertex 58 0 2
    endloop
  endfacet
  facet normal 0 -1 -0
    outer loop
      vertex 58 0 2
      vertex 3 0 0
      vertex 58.5 0 2
    endloop
  endfacet
  facet normal 0 -1 -0
    outer loop
      vertex 58.5 0 2
      vertex 3 0 0
      vertex 59 0 2
    endloop
  endfacet
  facet normal 0 -1 -0
    outer loop
      vertex 59 0 2
      vertex 3 0 0
      vertex 59.5 0 2
    endloop
  endfacet
  facet normal 0 -1 -0
    outer loop
      vertex 59.5 0 2
      vertex 3 0 0
      vertex 60 0 2
    endloop
  endfacet
  facet normal 0 -1 -0
    outer loop
      vertex 60 0 2
      vertex 3 0 0
      vertex 60.5 0 2
    endloop
  endfacet
  facet normal 0 -1 -0
    outer loop
      vertex 60.5 0 2
      vertex 3 0 0
      vertex 61 0 2
    endloop
  endfacet
  facet normal 0 -1 -0
    outer loop
      vertex 61 0 2
      vertex 3 0 0
      vertex 61.5 0 2
    endloop
  endfacet
  facet normal 0 -1 -0
    outer loop
      vertex 61.5 0 2
      vertex 3 0 0
      vertex 62 0 2
    endloop
  endfacet
  facet normal 0 -1 -0
    outer loop
      vertex 62 0 2
      vertex 3 0 0
      vertex 62.5 0 2
    endloop
  endfacet
  facet normal 0 -1 -0
    outer loop
      vertex 62.5 0 2
      vertex 3 0 0
      vertex 63 0 2
    endloop
  endfacet
  facet normal 0 -1 -0
    outer loop
      vertex 63 0 2
      vertex 3 0 0
      vertex 63.5 0 2
    endloop
  endfacet
  facet normal 0 -1 -0
    outer loop
      vertex 63.5 0 2
      vertex 3 0 0
      vertex 64 0 2
    endloop
  endfacet
  facet normal 0 -1 -0
    outer loop
      vertex 64 0 2
      vertex 3 0 0
      vertex 64.5 0 2
    endloop
  endfacet
  facet normal 0 -1 -0
    outer loop
      vertex 64.5 0 2
      vertex 3 0 0
      vertex 65 0 2
    endloop
  endfacet
  facet normal 0 -1 -0
    outer loop
      vertex 65 0 2
      vertex 3 0 0
      vertex 65.5 0 2
    endloop
  endfacet
  facet normal 0 -1 -0
    outer loop
      vertex 65.5 0 2
      vertex 3 0 0
      vertex 66 0 2
    endloop
  endfacet
  facet normal 0 -1 -0
    outer loop
      vertex 66 0 2
      vertex 3 0 0
      vertex 66.5 0 2
    endloop
  endfacet
  facet normal 0 -1 -0
    outer loop
      vertex 66.5 0 2
      vertex 3 0 0
      vertex 67 0 2
    endloop
  endfacet
  facet normal 0 -1 -0
    outer loop
      vertex 67 0 2
      vertex 3 0 0
      vertex 67.5 0 2
    endloop
  endfacet
  facet normal 0 -1 -0
    outer loop
      vertex 67.5 0 2
      vertex 3 0 0
      vertex 68 0 2
    endloop
  endfacet
  facet normal 0 -1 -0
    outer loop
      vertex 68 0 2
      vertex 3 0 0
      vertex 68.5 0 2
    endloop
  endfacet
  facet normal 0 -1 -0
    outer loop
      vertex 68.5 0 2
      vertex 3 0 0
      vertex 69 0 2
    endloop
  endfacet
  facet normal 0 -1 -0
    outer loop
      vertex 69 0 2
      vertex 3 0 0
      vertex 69.5 0 2
    endloop
  endfacet
  facet normal 0 -1 -0
    outer loop
      vertex 69.5 0 2
      vertex 3 0 0
      vertex 70 0 2
    endloop
  endfacet
  facet normal 0 -1 -0
    outer loop
      vertex 70 0 2
      vertex 3 0 0
      vertex 70.5 0 2
    endloop
  endfacet
  facet normal 0 -1 -0
    outer loop
      vertex 70.5 0 2
      vertex 3 0 0
      vertex 71 0 2
    endloop
  endfacet
  facet normal 0 -1 -0
    outer loop
      vertex 71 0 2
      vertex 3 0 0
      vertex 71.5 0 2
    endloop
  endfacet
  facet normal 0 -1 -0
    outer loop
      vertex 71.5 0 2
      vertex 3 0 0
      vertex 72 0 2
    endloop
  endfacet
  facet normal 0 -1 -0
    outer loop
      vertex 72 0 2
      vertex 3 0 0
      vertex 72.5 0 2
    endloop
  endfacet
  facet normal 0 -1 -0
    outer loop
      vertex 72.5 0 2
      vertex 3 0 0
      vertex 73 0 2
    endloop
  endfacet
  facet normal 0 -1 -0
    outer loop
      vertex 73 0 2
      vertex 3 0 0
      vertex 73.5 0 2
    endloop
  endfacet
  facet normal 0 -1 -0
    outer loop
      vertex 73.5 0 2
      vertex 3 0 0
      vertex 74 0 2
    endloop
  endfacet
  facet normal 0 -1 -0
    outer loop
      vertex 74 0 2
      vertex 3 0 0
      vertex 74.5 0 2
    endloop
  endfacet
  facet normal 0 -1 -0
    outer loop
      vertex 74.5 0 2
      vertex 3 0 0
      vertex 75 0 2
    endloop
  endfacet
  facet normal 0 -1 -0
    outer loop
      vertex 75 0 2
      vertex 3 0 0
      vertex 75.5 0 2
    endloop
  endfacet
  facet normal 0 -1 -0
    outer loop
      vertex 75.5 0 2
      vertex 3 0 0
      vertex 76 0 2
    endloop
  endfacet
  facet normal 0 -1 -0
    outer loop
      vertex 76 0 2
      vertex 3 0 0
      vertex 76.5 0 2
    endloop
  endfacet
  facet normal 0 -1 -0
    outer loop
      vertex 76.5 0 2
      vertex 3 0 0
      vertex 77 0 2
    endloop
  endfacet
  facet normal 0 -1 -0
    outer loop
      vertex 77 0 2
      vertex 3 0 0
      vertex 77.5 0 2
    endloop
  endfacet
  facet normal 0 -1 -0
    outer loop
      vertex 77.5 0 2
      vertex 3 0 0
      vertex 78 0 2
    endloop
  endfacet
  facet normal 0 -1 -0
    outer loop
      vertex 78 0 2
      vertex 3 0 0
      vertex 78.5 0 2
    endloop
  endfacet
  facet normal 0 -1 -0
    outer loop
      vertex 78.5 0 2
      vertex 3 0 0
      vertex 79 0 2
    endloop
  endfacet
  facet normal 0 -1 0
    outer loop
      vertex 134.16 0 0
      vertex 79 0 2
      vertex 3 0 0
    endloop
  endfacet
  facet normal 0 -1 0
    outer loop
      vertex 79 0 2
      vertex 134.16 0 0
      vertex 79.5 0 2
    endloop
  endfacet
  facet normal 0 -1 0
    outer loop
      vertex 79.5 0 2
      vertex 134.16 0 0
      vertex 80 0 2
    endloop
  endfacet
  facet normal 0 -1 0
    outer loop
      vertex 80 0 2
      vertex 134.16 0 0
      vertex 80.5 0 2
    endloop
  endfacet
  facet normal 0 -1 0
    outer loop
      vertex 80.5 0 2
      vertex 134.16 0 0
      vertex 81 0 2
    endloop
  endfacet
  facet normal 0 -1 0
    outer loop
      vertex 81 0 2
      vertex 134.16 0 0
      vertex 81.5 0 2
    endloop
  endfacet
  facet normal 0 -1 0
    outer loop
      vertex 81.5 0 2
      vertex 134.16 0 0
      vertex 82 0 2
    endloop
  endfacet
  facet normal 0 -1 0
    outer loop
      vertex 82 0 2
      vertex 134.16 0 0
      vertex 82.5 0 2
    endloop
  endfacet
  facet normal 0 -1 0
    outer loop
      vertex 82.5 0 2
      vertex 134.16 0 0
      vertex 83 0 2
    endloop
  endfacet
  facet normal 0 -1 0
    outer loop
      vertex 83 0 2
      vertex 134.16 0 0
      vertex 83.5 0 2
    endloop
  endfacet
  facet normal 0 -1 0
    outer loop
      vertex 83.5 0 2
      vertex 134.16 0 0
      vertex 84 0 2
    endloop
  endfacet
  facet normal 0 -1 0
    outer loop
      vertex 84 0 2
      vertex 134.16 0 0
      vertex 84.5 0 2
    endloop
  endfacet
  facet normal 0 -1 0
    outer loop
      vertex 84.5 0 2
      vertex 134.16 0 0
      vertex 85 0 2
    endloop
  endfacet
  facet normal 0 -1 0
    outer loop
      vertex 85 0 2
      vertex 134.16 0 0
      vertex 85.5 0 2
    endloop
  endfacet
  facet normal 0 -1 0
    outer loop
      vertex 85.5 0 2
      vertex 134.16 0 0
      vertex 86 0 2
    endloop
  endfacet
  facet normal 0 -1 0
    outer loop
      vertex 86 0 2
      vertex 134.16 0 0
      vertex 86.5 0 2
    endloop
  endfacet
  facet normal 0 -1 0
    outer loop
      vertex 86.5 0 2
      vertex 134.16 0 0
      vertex 87 0 2
    endloop
  endfacet
  facet normal 0 -1 0
    outer loop
      vertex 87 0 2
      vertex 134.16 0 0
      vertex 87.5 0 2
    endloop
  endfacet
  facet normal 0 -1 0
    outer loop
      vertex 87.5 0 2
      vertex 134.16 0 0
      vertex 88 0 2
    endloop
  endfacet
  facet normal 0 -1 0
    outer loop
      vertex 88 0 2
      vertex 134.16 0 0
      vertex 88.5 0 2
    endloop
  endfacet
  facet normal 0 -1 0
    outer loop
      vertex 88.5 0 2
      vertex 134.16 0 0
      vertex 89 0 2
    endloop
  endfacet
  facet normal 0 -1 0
    outer loop
      vertex 89 0 2
      vertex 134.16 0 0
      vertex 89.5 0 2
    endloop
  endfacet
  facet normal 0 -1 0
    outer loop
      vertex 89.5 0 2
      vertex 134.16 0 0
      vertex 90 0 2
    endloop
  endfacet
  facet normal 0 -1 0
    outer loop
      vertex 90 0 2
      vertex 134.16 0 0
      vertex 90.5 0 2
    endloop
  endfacet
  facet normal 0 -1 0
    outer loop
      vertex 90.5 0 2
      vertex 134.16 0 0
      vertex 91 0 2
    endloop
  endfacet
  facet normal 0 -1 0
    outer loop
      vertex 91 0 2
      vertex 134.16 0 0
      vertex 91.5 0 2
    endloop
  endfacet
  facet normal 0 -1 0
    outer loop
      vertex 91.5 0 2
      vertex 134.16 0 0
      vertex 92 0 2
    endloop
  endfacet
  facet normal 0 -1 0
    outer loop
      vertex 92 0 2
      vertex 134.16 0 0
      vertex 92.5 0 2
    endloop
  endfacet
  facet normal 0 -1 0
    outer loop
      vertex 92.5 0 2
      vertex 134.16 0 0
      vertex 93 0 2
    endloop
  endfacet
  facet normal 0 -1 0
    outer loop
      vertex 93 0 2
      vertex 134.16 0 0
      vertex 93.5 0 2
    endloop
  endfacet
  facet normal 0 -1 0
    outer loop
      vertex 93.5 0 2
      vertex 134.16 0 0
      vertex 94 0 2
    endloop
  endfacet
  facet normal 0 -1 0
    outer loop
      vertex 94 0 2
      vertex 134.16 0 0
      vertex 94.5 0 2
    endloop
  endfacet
  facet normal 0 -1 0
    outer loop
      vertex 94.5 0 2
      vertex 134.16 0 0
      vertex 95 0 2
    endloop
  endfacet
  facet normal 0 -1 0
    outer loop
      vertex 95 0 2
      vertex 134.16 0 0
      vertex 95.5 0 2
    endloop
  endfacet
  facet normal 0 -1 0
    outer loop
      vertex 95.5 0 2
      vertex 134.16 0 0
      vertex 96 0 2
    endloop
  endfacet
  facet normal 0 -1 0
    outer loop
      vertex 96 0 2
      vertex 134.16 0 0
      vertex 96.5 0 2
    endloop
  endfacet
  facet normal 0 -1 0
    outer loop
      vertex 96.5 0 2
      vertex 134.16 0 0
      vertex 97 0 2
    endloop
  endfacet
  facet normal 0 -1 0
    outer loop
      vertex 97 0 2
      vertex 134.16 0 0
      vertex 97.5 0 2
    endloop
  endfacet
  facet normal 0 -1 0
    outer loop
      vertex 97.5 0 2
      vertex 134.16 0 0
      vertex 98 0 2
    endloop
  endfacet
  facet normal 0 -1 0
    outer loop
      vertex 98 0 2
      vertex 134.16 0 0
      vertex 98.5 0 2
    endloop
  endfacet
  facet normal 0 -1 0
    outer loop
      vertex 98.5 0 2
      vertex 134.16 0 0
      vertex 99 0 2
    endloop
  endfacet
  facet normal 0 -1 0
    outer loop
      vertex 99 0 2
      vertex 134.16 0 0
      vertex 99.5 0 2
    endloop
  endfacet
  facet normal 0 -1 0
    outer loop
      vertex 99.5 0 2
      vertex 134.16 0 0
      vertex 100 0 2
    endloop
  endfacet
  facet normal 0 -1 0
    outer loop
      vertex 100 0 2
      vertex 134.16 0 0
      vertex 100.5 0 2
    endloop
  endfacet
  facet normal 0 -1 0
    outer loop
      vertex 100.5 0 2
      vertex 134.16 0 0
      vertex 101 0 2
    endloop
  endfacet
  facet normal 0 -1 0
    outer loop
      vertex 101 0 2
      vertex 134.16 0 0
      vertex 101.5 0 2
    endloop
  endfacet
  facet normal 0 -1 0
    outer loop
      vertex 101.5 0 2
      vertex 134.16 0 0
      vertex 102 0 2
    endloop
  endfacet
  facet normal 0 -1 0
    outer loop
      vertex 102 0 2
      vertex 134.16 0 0
      vertex 102.5 0 2
    endloop
  endfacet
  facet normal 0 -1 0
    outer loop
      vertex 102.5 0 2
      vertex 134.16 0 0
      vertex 103 0 2
    endloop
  endfacet
  facet normal 0 -1 0
    outer loop
      vertex 103 0 2
      vertex 134.16 0 0
      vertex 103.5 0 2
    endloop
  endfacet
  facet normal 0 -1 0
    outer loop
      vertex 103.5 0 2
      vertex 134.16 0 0
      vertex 104 0 2
    endloop
  endfacet
  facet normal 0 -1 0
    outer loop
      vertex 104 0 2
      vertex 134.16 0 0
      vertex 104.5 0 2
    endloop
  endfacet
  facet normal 0 -1 0
    outer loop
      vertex 104.5 0 2
      vertex 134.16 0 0
      vertex 105 0 2
    endloop
  endfacet
  facet normal 0 -1 0
    outer loop
      vertex 105 0 2
      vertex 134.16 0 0
      vertex 105.5 0 2
    endloop
  endfacet
  facet normal 0 -1 0
    outer loop
      vertex 105.5 0 2
      vertex 134.16 0 0
      vertex 106 0 2
    endloop
  endfacet
  facet normal 0 -1 0
    outer loop
      vertex 106 0 2
      vertex 134.16 0 0
      vertex 106.5 0 2
    endloop
  endfacet
  facet normal 0 -1 0
    outer loop
      vertex 106.5 0 2
      vertex 134.16 0 0
      vertex 107 0 2
    endloop
  endfacet
  facet normal 0 -1 0
    outer loop
      vertex 107 0 2
      vertex 134.16 0 0
      vertex 107.5 0 2
    endloop
  endfacet
  facet normal 0 -1 0
    outer loop
      vertex 107.5 0 2
      vertex 134.16 0 0
      vertex 108 0 2
    endloop
  endfacet
  facet normal 0 -1 0
    outer loop
      vertex 108 0 2
      vertex 134.16 0 0
      vertex 108.5 0 2
    endloop
  endfacet
  facet normal 0 -1 0
    outer loop
      vertex 108.5 0 2
      vertex 134.16 0 0
      vertex 109 0 2
    endloop
  endfacet
  facet normal 0 -1 0
    outer loop
      vertex 109 0 2
      vertex 134.16 0 0
      vertex 109.5 0 2
    endloop
  endfacet
  facet normal 0 -1 0
    outer loop
      vertex 109.5 0 2
      vertex 134.16 0 0
      vertex 110 0 2
    endloop
  endfacet
  facet normal 0 -1 0
    outer loop
      vertex 110 0 2
      vertex 134.16 0 0
      vertex 110.5 0 2
    endloop
  endfacet
  facet normal 0 -1 0
    outer loop
      vertex 110.5 0 2
      vertex 134.16 0 0
      vertex 111 0 2
    endloop
  endfacet
  facet normal 0 -1 0
    outer loop
      vertex 111 0 2
      vertex 134.16 0 0
      vertex 111.5 0 2
    endloop
  endfacet
  facet normal 0 -1 0
    outer loop
      vertex 111.5 0 2
      vertex 134.16 0 0
      vertex 112 0 2
    endloop
  endfacet
  facet normal 0 -1 0
    outer loop
      vertex 112 0 2
      vertex 134.16 0 0
      vertex 112.5 0 2
    endloop
  endfacet
  facet normal 0 -1 0
    outer loop
      vertex 112.5 0 2
      vertex 134.16 0 0
      vertex 113 0 2
    endloop
  endfacet
  facet normal 0 -1 0
    outer loop
      vertex 113 0 2
      vertex 134.16 0 0
      vertex 113.5 0 2
    endloop
  endfacet
  facet normal 0 -1 0
    outer loop
      vertex 113.5 0 2
      vertex 134.16 0 0
      vertex 114 0 2
    endloop
  endfacet
  facet normal 0 -1 0
    outer loop
      vertex 114 0 2
      vertex 134.16 0 0
      vertex 114.5 0 2
    endloop
  endfacet
  facet normal 0 -1 0
    outer loop
      vertex 114.5 0 2
      vertex 134.16 0 0
      vertex 115 0 2
    endloop
  endfacet
  facet normal 0 -1 0
    outer loop
      vertex 115 0 2
      vertex 134.16 0 0
      vertex 115.5 0 2
    endloop
  endfacet
  facet normal 0 -1 0
    outer loop
      vertex 115.5 0 2
      vertex 134.16 0 0
      vertex 116 0 2
    endloop
  endfacet
  facet normal 0 -1 0
    outer loop
      vertex 116 0 2
      vertex 134.16 0 0
      vertex 116.5 0 2
    endloop
  endfacet
  facet normal 0 -1 0
    outer loop
      vertex 116.5 0 2
      vertex 134.16 0 0
      vertex 117 0 2
    endloop
  endfacet
  facet normal 0 -1 0
    outer loop
      vertex 117 0 2
      vertex 134.16 0 0
      vertex 117.5 0 2
    endloop
  endfacet
  facet normal 0 -1 0
    outer loop
      vertex 117.5 0 2
      vertex 134.16 0 0
      vertex 118 0 2
    endloop
  endfacet
  facet normal 0 -1 0
    outer loop
      vertex 118 0 2
      vertex 134.16 0 0
      vertex 118.5 0 2
    endloop
  endfacet
  facet normal 0 -1 0
    outer loop
      vertex 118.5 0 2
      vertex 134.16 0 0
      vertex 119 0 2
    endloop
  endfacet
  facet normal 0 -1 0
    outer loop
      vertex 119 0 2
      vertex 134.16 0 0
      vertex 119.5 0 2
    endloop
  endfacet
  facet normal 0 -1 0
    outer loop
      vertex 119.5 0 2
      vertex 134.16 0 0
      vertex 120 0 2
    endloop
  endfacet
  facet normal 0 -1 0
    outer loop
      vertex 120 0 2
      vertex 134.16 0 0
      vertex 120.5 0 2
    endloop
  endfacet
  facet normal 0 -1 0
    outer loop
      vertex 120.5 0 2
      vertex 134.16 0 0
      vertex 121 0 2
    endloop
  endfacet
  facet normal 0 -1 0
    outer loop
      vertex 121 0 2
      vertex 134.16 0 0
      vertex 121.5 0 2
    endloop
  endfacet
  facet normal 0 -1 0
    outer loop
      vertex 121.5 0 2
      vertex 134.16 0 0
      vertex 122 0 2
    endloop
  endfacet
  facet normal 0 -1 0
    outer loop
      vertex 122 0 2
      vertex 134.16 0 0
      vertex 122.5 0 2
    endloop
  endfacet
  facet normal 0 -1 0
    outer loop
      vertex 122.5 0 2
      vertex 134.16 0 0
      vertex 123 0 2
    endloop
  endfacet
  facet normal 0 -1 0
    outer loop
      vertex 123 0 2
      vertex 134.16 0 0
      vertex 123.5 0 2
    endloop
  endfacet
  facet normal 0 -1 0
    outer loop
      vertex 123.5 0 2
      vertex 134.16 0 0
      vertex 124 0 2
    endloop
  endfacet
  facet normal 0 -1 0
    outer loop
      vertex 124 0 2
      vertex 134.16 0 0
      vertex 124.5 0 2
    endloop
  endfacet
  facet normal 0 -1 0
    outer loop
      vertex 124.5 0 2
      vertex 134.16 0 0
      vertex 125 0 2
    endloop
  endfacet
  facet normal 0 -1 0
    outer loop
      vertex 125 0 2
      vertex 134.16 0 0
      vertex 125.5 0 2
    endloop
  endfacet
  facet normal 0 -1 0
    outer loop
      vertex 125.5 0 2
      vertex 134.16 0 0
      vertex 126 0 2
    endloop
  endfacet
  facet normal 0 -1 0
    outer loop
      vertex 126 0 2
      vertex 134.16 0 0
      vertex 126.5 0 2
    endloop
  endfacet
  facet normal 0 -1 0
    outer loop
      vertex 126.5 0 2
      vertex 134.16 0 0
      vertex 127 0 2
    endloop
  endfacet
  facet normal 0 -1 0
    outer loop
      vertex 127 0 2
      vertex 134.16 0 0
      vertex 127.5 0 2
    endloop
  endfacet
  facet normal 0 -1 0
    outer loop
      vertex 127.5 0 2
      vertex 134.16 0 0
      vertex 128 0 2
    endloop
  endfacet
  facet normal 0 -1 0
    outer loop
      vertex 128 0 2
      vertex 134.16 0 0
      vertex 128.5 0 2
    endloop
  endfacet
  facet normal 0 -1 0
    outer loop
      vertex 128.5 0 2
      vertex 134.16 0 0
      vertex 129 0 2
    endloop
  endfacet
  facet normal 0 -1 0
    outer loop
      vertex 129 0 2
      vertex 134.16 0 0
      vertex 129.5 0 2
    endloop
  endfacet
  facet normal 0 -1 0
    outer loop
      vertex 129.5 0 2
      vertex 134.16 0 0
      vertex 130 0 2
    endloop
  endfacet
  facet normal 0 -1 0
    outer loop
      vertex 130 0 2
      vertex 134.16 0 0
      vertex 130.5 0 2
    endloop
  endfacet
  facet normal 0 -1 0
    outer loop
      vertex 130.5 0 2
      vertex 134.16 0 0
      vertex 131 0 2
    endloop
  endfacet
  facet normal 0 -1 0
    outer loop
      vertex 131 0 2
      vertex 134.16 0 0
      vertex 131.5 0 2
    endloop
  endfacet
  facet normal 0 -1 0
    outer loop
      vertex 131.5 0 2
      vertex 134.16 0 0
      vertex 132 0 2
    endloop
  endfacet
  facet normal 0 -1 0
    outer loop
      vertex 132 0 2
      vertex 134.16 0 0
      vertex 132.5 0 2
    endloop
  endfacet
  facet normal 0 -1 0
    outer loop
      vertex 132.5 0 2
      vertex 134.16 0 0
      vertex 133 0 2
    endloop
  endfacet
  facet normal 0 -1 0
    outer loop
      vertex 133 0 2
      vertex 134.16 0 0
      vertex 133.5 0 2
    endloop
  endfacet
  facet normal 0 -1 0
    outer loop
      vertex 133.5 0 2
      vertex 134.16 0 0
      vertex 134 0 2
    endloop
  endfacet
  facet normal 0 -1 0
    outer loop
      vertex 134 0 2
      vertex 134.16 0 0
      vertex 134.5 0 2
    endloop
  endfacet
  facet normal 0 -1 -0
    outer loop
      vertex 134.5 0 2
      vertex 134.16 0 0
      vertex 135 0 2
    endloop
  endfacet
  facet normal 0 -1 -0
    outer loop
      vertex 135 0 2
      vertex 134.16 0 0
      vertex 135.5 0 2
    endloop
  endfacet
  facet normal 0 -1 0
    outer loop
      vertex 137.16 0 -0.179404
      vertex 135.5 0 2
      vertex 134.16 0 0
    endloop
  endfacet
  facet normal 0 -1 0
    outer loop
      vertex 135.5 0 2
      vertex 137.16 0 -0.179404
      vertex 136 0 2
    endloop
  endfacet
  facet normal 0 -1 0
    outer loop
      vertex 0 0 -0.179404
      vertex 0.5 0 2
      vertex 0 0 2.5
    endloop
  endfacet
  facet normal 0 -1 0
    outer loop
      vertex 1.5 0 2
      vertex 3 0 0
      vertex 2 0 2
    endloop
  endfacet
  facet normal 0 -1 -0
    outer loop
      vertex 3 0 0
      vertex 0 0 -0.179404
      vertex 3 0 -0.179404
    endloop
  endfacet
  facet normal 0 -1 0
    outer loop
      vertex 1 0 2
      vertex 1.5 0 2.5
      vertex 1 0 2.5
    endloop
  endfacet
  facet normal 0 -1 -0
    outer loop
      vertex 1.5 0 2.5
      vertex 1 0 2
      vertex 1.5 0 2
    endloop
  endfacet
  facet normal 0 -1 0
    outer loop
      vertex 2 0 2
      vertex 2.5 0 2.5
      vertex 2 0 2.5
    endloop
  endfacet
  facet normal 0 -1 -0
    outer loop
      vertex 2.5 0 2.5
      vertex 2 0 2
      vertex 2.5 0 2
    endloop
  endfacet
  facet normal 0 -1 0
    outer loop
      vertex 3 0 2
      vertex 3.5 0 2.5
      vertex 3 0 2.5
    endloop
  endfacet
  facet normal 0 -1 -0
    outer loop
      vertex 3.5 0 2.5
      vertex 3 0 2
      vertex 3.5 0 2
    endloop
  endfacet
  facet normal 0 -1 0
    outer loop
      vertex 4 0 2
      vertex 4.5 0 2.5
      vertex 4 0 2.5
    endloop
  endfacet
  facet normal 0 -1 -0
    outer loop
      vertex 4.5 0 2.5
      vertex 4 0 2
      vertex 4.5 0 2
    endloop
  endfacet
  facet normal 0 -1 0
    outer loop
      vertex 5 0 2
      vertex 5.5 0 2.5
      vertex 5 0 2.5
    endloop
  endfacet
  facet normal 0 -1 -0
    outer loop
      vertex 5.5 0 2.5
      vertex 5 0 2
      vertex 5.5 0 2
    endloop
  endfacet
  facet normal 0 -1 0
    outer loop
      vertex 6 0 2
      vertex 6.5 0 2.5
      vertex 6 0 2.5
    endloop
  endfacet
  facet normal 0 -1 -0
    outer loop
      vertex 6.5 0 2.5
      vertex 6 0 2
      vertex 6.5 0 2
    endloop
  endfacet
  facet normal 0 -1 0
    outer loop
      vertex 7 0 2
      vertex 7.5 0 2.5
      vertex 7 0 2.5
    endloop
  endfacet
  facet normal 0 -1 -0
    outer loop
      vertex 7.5 0 2.5
      vertex 7 0 2
      vertex 7.5 0 2
    endloop
  endfacet
  facet normal 0 -1 0
    outer loop
      vertex 8 0 2
      vertex 8.5 0 2.5
      vertex 8 0 2.5
    endloop
  endfacet
  facet normal 0 -1 -0
    outer loop
      vertex 8.5 0 2.5
      vertex 8 0 2
      vertex 8.5 0 2
    endloop
  endfacet
  facet normal 0 -1 0
    outer loop
      vertex 9 0 2
      vertex 9.5 0 2.5
      vertex 9 0 2.5
    endloop
  endfacet
  facet normal 0 -1 -0
    outer loop
      vertex 9.5 0 2.5
      vertex 9 0 2
      vertex 9.5 0 2
    endloop
  endfacet
  facet normal 0 -1 0
    outer loop
      vertex 10 0 2
      vertex 10.5 0 2.5
      vertex 10 0 2.5
    endloop
  endfacet
  facet normal 0 -1 -0
    outer loop
      vertex 10.5 0 2.5
      vertex 10 0 2
      vertex 10.5 0 2
    endloop
  endfacet
  facet normal 0 -1 0
    outer loop
      vertex 11 0 2
      vertex 11.5 0 2.5
      vertex 11 0 2.5
    endloop
  endfacet
  facet normal 0 -1 -0
    outer loop
      vertex 11.5 0 2.5
      vertex 11 0 2
      vertex 11.5 0 2
    endloop
  endfacet
  facet normal 0 -1 0
    outer loop
      vertex 12 0 2
      vertex 12.5 0 2.5
      vertex 12 0 2.5
    endloop
  endfacet
  facet normal 0 -1 -0
    outer loop
      vertex 12.5 0 2.5
      vertex 12 0 2
      vertex 12.5 0 2
    endloop
  endfacet
  facet normal 0 -1 0
    outer loop
      vertex 13 0 2
      vertex 13.5 0 2.5
      vertex 13 0 2.5
    endloop
  endfacet
  facet normal 0 -1 -0
    outer loop
      vertex 13.5 0 2.5
      vertex 13 0 2
      vertex 13.5 0 2
    endloop
  endfacet
  facet normal 0 -1 0
    outer loop
      vertex 14 0 2
      vertex 14.5 0 2.5
      vertex 14 0 2.5
    endloop
  endfacet
  facet normal 0 -1 -0
    outer loop
      vertex 14.5 0 2.5
      vertex 14 0 2
      vertex 14.5 0 2
    endloop
  endfacet
  facet normal 0 -1 0
    outer loop
      vertex 15 0 2
      vertex 15.5 0 2.5
      vertex 15 0 2.5
    endloop
  endfacet
  facet normal 0 -1 -0
    outer loop
      vertex 15.5 0 2.5
      vertex 15 0 2
      vertex 15.5 0 2
    endloop
  endfacet
  facet normal 0 -1 0
    outer loop
      vertex 16 0 2
      vertex 16.5 0 2.5
      vertex 16 0 2.5
    endloop
  endfacet
  facet normal 0 -1 -0
    outer loop
      vertex 16.5 0 2.5
      vertex 16 0 2
      vertex 16.5 0 2
    endloop
  endfacet
  facet normal 0 -1 0
    outer loop
      vertex 17 0 2
      vertex 17.5 0 2.5
      vertex 17 0 2.5
    endloop
  endfacet
  facet normal 0 -1 -0
    outer loop
      vertex 17.5 0 2.5
      vertex 17 0 2
      vertex 17.5 0 2
    endloop
  endfacet
  facet normal 0 -1 0
    outer loop
      vertex 18 0 2
      vertex 18.5 0 2.5
      vertex 18 0 2.5
    endloop
  endfacet
  facet normal 0 -1 -0
    outer loop
      vertex 18.5 0 2.5
      vertex 18 0 2
      vertex 18.5 0 2
    endloop
  endfacet
  facet normal 0 -1 0
    outer loop
      vertex 19 0 2
      vertex 19.5 0 2.5
      vertex 19 0 2.5
    endloop
  endfacet
  facet normal 0 -1 -0
    outer loop
      vertex 19.5 0 2.5
      vertex 19 0 2
      vertex 19.5 0 2
    endloop
  endfacet
  facet normal 0 -1 0
    outer loop
      vertex 20 0 2
      vertex 20.5 0 2.5
      vertex 20 0 2.5
    endloop
  endfacet
  facet normal 0 -1 -0
    outer loop
      vertex 20.5 0 2.5
      vertex 20 0 2
      vertex 20.5 0 2
    endloop
  endfacet
  facet normal 0 -1 0
    outer loop
      vertex 21 0 2
      vertex 21.5 0 2.5
      vertex 21 0 2.5
    endloop
  endfacet
  facet normal 0 -1 -0
    outer loop
      vertex 21.5 0 2.5
      vertex 21 0 2
      vertex 21.5 0 2
    endloop
  endfacet
  facet normal 0 -1 0
    outer loop
      vertex 22 0 2
      vertex 22.5 0 2.5
      vertex 22 0 2.5
    endloop
  endfacet
  facet normal 0 -1 -0
    outer loop
      vertex 22.5 0 2.5
      vertex 22 0 2
      vertex 22.5 0 2
    endloop
  endfacet
  facet normal 0 -1 0
    outer loop
      vertex 23 0 2
      vertex 23.5 0 2.5
      vertex 23 0 2.5
    endloop
  endfacet
  facet normal 0 -1 -0
    outer loop
      vertex 23.5 0 2.5
      vertex 23 0 2
      vertex 23.5 0 2
    endloop
  endfacet
  facet normal 0 -1 0
    outer loop
      vertex 24 0 2
      vertex 24.5 0 2.5
      vertex 24 0 2.5
    endloop
  endfacet
  facet normal 0 -1 -0
    outer loop
      vertex 24.5 0 2.5
      vertex 24 0 2
      vertex 24.5 0 2
    endloop
  endfacet
  facet normal 0 -1 0
    outer loop
      vertex 25 0 2
      vertex 25.5 0 2.5
      vertex 25 0 2.5
    endloop
  endfacet
  facet normal 0 -1 -0
    outer loop
      vertex 25.5 0 2.5
      vertex 25 0 2
      vertex 25.5 0 2
    endloop
  endfacet
  facet normal 0 -1 0
    outer loop
      vertex 26 0 2
      vertex 26.5 0 2.5
      vertex 26 0 2.5
    endloop
  endfacet
  facet normal 0 -1 -0
    outer loop
      vertex 26.5 0 2.5
      vertex 26 0 2
      vertex 26.5 0 2
    endloop
  endfacet
  facet normal 0 -1 0
    outer loop
      vertex 27 0 2
      vertex 27.5 0 2.5
      vertex 27 0 2.5
    endloop
  endfacet
  facet normal 0 -1 -0
    outer loop
      vertex 27.5 0 2.5
      vertex 27 0 2
      vertex 27.5 0 2
    endloop
  endfacet
  facet normal 0 -1 0
    outer loop
      vertex 28 0 2
      vertex 28.5 0 2.5
      vertex 28 0 2.5
    endloop
  endfacet
  facet normal 0 -1 -0
    outer loop
      vertex 28.5 0 2.5
      vertex 28 0 2
      vertex 28.5 0 2
    endloop
  endfacet
  facet normal 0 -1 0
    outer loop
      vertex 29 0 2
      vertex 29.5 0 2.5
      vertex 29 0 2.5
    endloop
  endfacet
  facet normal 0 -1 -0
    outer loop
      vertex 29.5 0 2.5
      vertex 29 0 2
      vertex 29.5 0 2
    endloop
  endfacet
  facet normal 0 -1 0
    outer loop
      vertex 30 0 2
      vertex 30.5 0 2.5
      vertex 30 0 2.5
    endloop
  endfacet
  facet normal 0 -1 -0
    outer loop
      vertex 30.5 0 2.5
      vertex 30 0 2
      vertex 30.5 0 2
    endloop
  endfacet
  facet normal 0 -1 0
    outer loop
      vertex 31 0 2
      vertex 31.5 0 2.5
      vertex 31 0 2.5
    endloop
  endfacet
  facet normal 0 -1 -0
    outer loop
      vertex 31.5 0 2.5
      vertex 31 0 2
      vertex 31.5 0 2
    endloop
  endfacet
  facet normal 0 -1 0
    outer loop
      vertex 32 0 2
      vertex 32.5 0 2.5
      vertex 32 0 2.5
    endloop
  endfacet
  facet normal 0 -1 -0
    outer loop
      vertex 32.5 0 2.5
      vertex 32 0 2
      vertex 32.5 0 2
    endloop
  endfacet
  facet normal 0 -1 0
    outer loop
      vertex 33 0 2
      vertex 33.5 0 2.5
      vertex 33 0 2.5
    endloop
  endfacet
  facet normal 0 -1 -0
    outer loop
      vertex 33.5 0 2.5
      vertex 33 0 2
      vertex 33.5 0 2
    endloop
  endfacet
  facet normal 0 -1 0
    outer loop
      vertex 34 0 2
      vertex 34.5 0 2.5
      vertex 34 0 2.5
    endloop
  endfacet
  facet normal 0 -1 -0
    outer loop
      vertex 34.5 0 2.5
      vertex 34 0 2
      vertex 34.5 0 2
    endloop
  endfacet
  facet normal 0 -1 0
    outer loop
      vertex 35 0 2
      vertex 35.5 0 2.5
      vertex 35 0 2.5
    endloop
  endfacet
  facet normal 0 -1 -0
    outer loop
      vertex 35.5 0 2.5
      vertex 35 0 2
      vertex 35.5 0 2
    endloop
  endfacet
  facet normal 0 -1 0
    outer loop
      vertex 36 0 2
      vertex 36.5 0 2.5
      vertex 36 0 2.5
    endloop
  endfacet
  facet normal 0 -1 -0
    outer loop
      vertex 36.5 0 2.5
      vertex 36 0 2
      vertex 36.5 0 2
    endloop
  endfacet
  facet normal 0 -1 0
    outer loop
      vertex 37 0 2
      vertex 37.5 0 2.5
      vertex 37 0 2.5
    endloop
  endfacet
  facet normal 0 -1 -0
    outer loop
      vertex 37.5 0 2.5
      vertex 37 0 2
      vertex 37.5 0 2
    endloop
  endfacet
  facet normal 0 -1 0
    outer loop
      vertex 38 0 2
      vertex 38.5 0 2.5
      vertex 38 0 2.5
    endloop
  endfacet
  facet normal 0 -1 -0
    outer loop
      vertex 38.5 0 2.5
      vertex 38 0 2
      vertex 38.5 0 2
    endloop
  endfacet
  facet normal 0 -1 0
    outer loop
      vertex 39 0 2
      vertex 39.5 0 2.5
      vertex 39 0 2.5
    endloop
  endfacet
  facet normal 0 -1 -0
    outer loop
      vertex 39.5 0 2.5
      vertex 39 0 2
      vertex 39.5 0 2
    endloop
  endfacet
  facet normal 0 -1 0
    outer loop
      vertex 40 0 2
      vertex 40.5 0 2.5
      vertex 40 0 2.5
    endloop
  endfacet
  facet normal 0 -1 -0
    outer loop
      vertex 40.5 0 2.5
      vertex 40 0 2
      vertex 40.5 0 2
    endloop
  endfacet
  facet normal 0 -1 0
    outer loop
      vertex 41 0 2
      vertex 41.5 0 2.5
      vertex 41 0 2.5
    endloop
  endfacet
  facet normal 0 -1 -0
    outer loop
      vertex 41.5 0 2.5
      vertex 41 0 2
      vertex 41.5 0 2
    endloop
  endfacet
  facet normal 0 -1 0
    outer loop
      vertex 42 0 2
      vertex 42.5 0 2.5
      vertex 42 0 2.5
    endloop
  endfacet
  facet normal 0 -1 -0
    outer loop
      vertex 42.5 0 2.5
      vertex 42 0 2
      vertex 42.5 0 2
    endloop
  endfacet
  facet normal 0 -1 0
    outer loop
      vertex 43 0 2
      vertex 43.5 0 2.5
      vertex 43 0 2.5
    endloop
  endfacet
  facet normal 0 -1 -0
    outer loop
      vertex 43.5 0 2.5
      vertex 43 0 2
      vertex 43.5 0 2
    endloop
  endfacet
  facet normal 0 -1 0
    outer loop
      vertex 44 0 2
      vertex 44.5 0 2.5
      vertex 44 0 2.5
    endloop
  endfacet
  facet normal 0 -1 -0
    outer loop
      vertex 44.5 0 2.5
      vertex 44 0 2
      vertex 44.5 0 2
    endloop
  endfacet
  facet normal 0 -1 0
    outer loop
      vertex 45 0 2
      vertex 45.5 0 2.5
      vertex 45 0 2.5
    endloop
  endfacet
  facet normal 0 -1 -0
    outer loop
      vertex 45.5 0 2.5
      vertex 45 0 2
      vertex 45.5 0 2
    endloop
  endfacet
  facet normal 0 -1 0
    outer loop
      vertex 46 0 2
      vertex 46.5 0 2.5
      vertex 46 0 2.5
    endloop
  endfacet
  facet normal 0 -1 -0
    outer loop
      vertex 46.5 0 2.5
      vertex 46 0 2
      vertex 46.5 0 2
    endloop
  endfacet
  facet normal 0 -1 0
    outer loop
      vertex 47 0 2
      vertex 47.5 0 2.5
      vertex 47 0 2.5
    endloop
  endfacet
  facet normal 0 -1 -0
    outer loop
      vertex 47.5 0 2.5
      vertex 47 0 2
      vertex 47.5 0 2
    endloop
  endfacet
  facet normal 0 -1 0
    outer loop
      vertex 48 0 2
      vertex 48.5 0 2.5
      vertex 48 0 2.5
    endloop
  endfacet
  facet normal 0 -1 -0
    outer loop
      vertex 48.5 0 2.5
      vertex 48 0 2
      vertex 48.5 0 2
    endloop
  endfacet
  facet normal 0 -1 0
    outer loop
      vertex 49 0 2
      vertex 49.5 0 2.5
      vertex 49 0 2.5
    endloop
  endfacet
  facet normal 0 -1 -0
    outer loop
      vertex 49.5 0 2.5
      vertex 49 0 2
      vertex 49.5 0 2
    endloop
  endfacet
  facet normal 0 -1 0
    outer loop
      vertex 50 0 2
      vertex 50.5 0 2.5
      vertex 50 0 2.5
    endloop
  endfacet
  facet normal 0 -1 -0
    outer loop
      vertex 50.5 0 2.5
      vertex 50 0 2
      vertex 50.5 0 2
    endloop
  endfacet
  facet normal 0 -1 0
    outer loop
      vertex 51 0 2
      vertex 51.5 0 2.5
      vertex 51 0 2.5
    endloop
  endfacet
  facet normal 0 -1 -0
    outer loop
      vertex 51.5 0 2.5
      vertex 51 0 2
      vertex 51.5 0 2
    endloop
  endfacet
  facet normal 0 -1 0
    outer loop
      vertex 52 0 2
      vertex 52.5 0 2.5
      vertex 52 0 2.5
    endloop
  endfacet
  facet normal 0 -1 -0
    outer loop
      vertex 52.5 0 2.5
      vertex 52 0 2
      vertex 52.5 0 2
    endloop
  endfacet
  facet normal 0 -1 0
    outer loop
      vertex 53 0 2
      vertex 53.5 0 2.5
      vertex 53 0 2.5
    endloop
  endfacet
  facet normal 0 -1 -0
    outer loop
      vertex 53.5 0 2.5
      vertex 53 0 2
      vertex 53.5 0 2
    endloop
  endfacet
  facet normal 0 -1 0
    outer loop
      vertex 54 0 2
      vertex 54.5 0 2.5
      vertex 54 0 2.5
    endloop
  endfacet
  facet normal 0 -1 -0
    outer loop
      vertex 54.5 0 2.5
      vertex 54 0 2
      vertex 54.5 0 2
    endloop
  endfacet
  facet normal 0 -1 0
    outer loop
      vertex 55 0 2
      vertex 55.5 0 2.5
      vertex 55 0 2.5
    endloop
  endfacet
  facet normal 0 -1 -0
    outer loop
      vertex 55.5 0 2.5
      vertex 55 0 2
      vertex 55.5 0 2
    endloop
  endfacet
  facet normal 0 -1 0
    outer loop
      vertex 56 0 2
      vertex 56.5 0 2.5
      vertex 56 0 2.5
    endloop
  endfacet
  facet normal 0 -1 -0
    outer loop
      vertex 56.5 0 2.5
      vertex 56 0 2
      vertex 56.5 0 2
    endloop
  endfacet
  facet normal 0 -1 0
    outer loop
      vertex 57 0 2
      vertex 57.5 0 2.5
      vertex 57 0 2.5
    endloop
  endfacet
  facet normal 0 -1 -0
    outer loop
      vertex 57.5 0 2.5
      vertex 57 0 2
      vertex 57.5 0 2
    endloop
  endfacet
  facet normal 0 -1 0
    outer loop
      vertex 58 0 2
      vertex 58.5 0 2.5
      vertex 58 0 2.5
    endloop
  endfacet
  facet normal 0 -1 -0
    outer loop
      vertex 58.5 0 2.5
      vertex 58 0 2
      vertex 58.5 0 2
    endloop
  endfacet
  facet normal 0 -1 0
    outer loop
      vertex 59 0 2
      vertex 59.5 0 2.5
      vertex 59 0 2.5
    endloop
  endfacet
  facet normal 0 -1 -0
    outer loop
      vertex 59.5 0 2.5
      vertex 59 0 2
      vertex 59.5 0 2
    endloop
  endfacet
  facet normal 0 -1 0
    outer loop
      vertex 60 0 2
      vertex 60.5 0 2.5
      vertex 60 0 2.5
    endloop
  endfacet
  facet normal 0 -1 -0
    outer loop
      vertex 60.5 0 2.5
      vertex 60 0 2
      vertex 60.5 0 2
    endloop
  endfacet
  facet normal 0 -1 0
    outer loop
      vertex 61 0 2
      vertex 61.5 0 2.5
      vertex 61 0 2.5
    endloop
  endfacet
  facet normal 0 -1 -0
    outer loop
      vertex 61.5 0 2.5
      vertex 61 0 2
      vertex 61.5 0 2
    endloop
  endfacet
  facet normal 0 -1 0
    outer loop
      vertex 62 0 2
      vertex 62.5 0 2.5
      vertex 62 0 2.5
    endloop
  endfacet
  facet normal 0 -1 -0
    outer loop
      vertex 62.5 0 2.5
      vertex 62 0 2
      vertex 62.5 0 2
    endloop
  endfacet
  facet normal 0 -1 0
    outer loop
      vertex 63 0 2
      vertex 63.5 0 2.5
      vertex 63 0 2.5
    endloop
  endfacet
  facet normal 0 -1 -0
    outer loop
      vertex 63.5 0 2.5
      vertex 63 0 2
      vertex 63.5 0 2
    endloop
  endfacet
  facet normal 0 -1 0
    outer loop
      vertex 64 0 2
      vertex 64.5 0 2.5
      vertex 64 0 2.5
    endloop
  endfacet
  facet normal 0 -1 -0
    outer loop
      vertex 64.5 0 2.5
      vertex 64 0 2
      vertex 64.5 0 2
    endloop
  endfacet
  facet normal 0 -1 0
    outer loop
      vertex 65 0 2
      vertex 65.5 0 2.5
      vertex 65 0 2.5
    endloop
  endfacet
  facet normal 0 -1 -0
    outer loop
      vertex 65.5 0 2.5
      vertex 65 0 2
      vertex 65.5 0 2
    endloop
  endfacet
  facet normal 0 -1 0
    outer loop
      vertex 66 0 2
      vertex 66.5 0 2.5
      vertex 66 0 2.5
    endloop
  endfacet
  facet normal 0 -1 -0
    outer loop
      vertex 66.5 0 2.5
      vertex 66 0 2
      vertex 66.5 0 2
    endloop
  endfacet
  facet normal 0 -1 0
    outer loop
      vertex 67 0 2
      vertex 67.5 0 2.5
      vertex 67 0 2.5
    endloop
  endfacet
  facet normal 0 -1 -0
    outer loop
      vertex 67.5 0 2.5
      vertex 67 0 2
      vertex 67.5 0 2
    endloop
  endfacet
  facet normal 0 -1 0
    outer loop
      vertex 68 0 2
      vertex 68.5 0 2.5
      vertex 68 0 2.5
    endloop
  endfacet
  facet normal 0 -1 -0
    outer loop
      vertex 68.5 0 2.5
      vertex 68 0 2
      vertex 68.5 0 2
    endloop
  endfacet
  facet normal 0 -1 0
    outer loop
      vertex 69 0 2
      vertex 69.5 0 2.5
      vertex 69 0 2.5
    endloop
  endfacet
  facet normal 0 -1 -0
    outer loop
      vertex 69.5 0 2.5
      vertex 69 0 2
      vertex 69.5 0 2
    endloop
  endfacet
  facet normal 0 -1 0
    outer loop
      vertex 70 0 2
      vertex 70.5 0 2.5
      vertex 70 0 2.5
    endloop
  endfacet
  facet normal 0 -1 -0
    outer loop
      vertex 70.5 0 2.5
      vertex 70 0 2
      vertex 70.5 0 2
    endloop
  endfacet
  facet normal 0 -1 0
    outer loop
      vertex 71 0 2
      vertex 71.5 0 2.5
      vertex 71 0 2.5
    endloop
  endfacet
  facet normal 0 -1 -0
    outer loop
      vertex 71.5 0 2.5
      vertex 71 0 2
      vertex 71.5 0 2
    endloop
  endfacet
  facet normal 0 -1 0
    outer loop
      vertex 72 0 2
      vertex 72.5 0 2.5
      vertex 72 0 2.5
    endloop
  endfacet
  facet normal 0 -1 -0
    outer loop
      vertex 72.5 0 2.5
      vertex 72 0 2
      vertex 72.5 0 2
    endloop
  endfacet
  facet normal 0 -1 0
    outer loop
      vertex 73 0 2
      vertex 73.5 0 2.5
      vertex 73 0 2.5
    endloop
  endfacet
  facet normal 0 -1 -0
    outer loop
      vertex 73.5 0 2.5
      vertex 73 0 2
      vertex 73.5 0 2
    endloop
  endfacet
  facet normal 0 -1 0
    outer loop
      vertex 74 0 2
      vertex 74.5 0 2.5
      vertex 74 0 2.5
    endloop
  endfacet
  facet normal 0 -1 -0
    outer loop
      vertex 74.5 0 2.5
      vertex 74 0 2
      vertex 74.5 0 2
    endloop
  endfacet
  facet normal 0 -1 0
    outer loop
      vertex 75 0 2
      vertex 75.5 0 2.5
      vertex 75 0 2.5
    endloop
  endfacet
  facet normal 0 -1 -0
    outer loop
      vertex 75.5 0 2.5
      vertex 75 0 2
      vertex 75.5 0 2
    endloop
  endfacet
  facet normal 0 -1 0
    outer loop
      vertex 76 0 2
      vertex 76.5 0 2.5
      vertex 76 0 2.5
    endloop
  endfacet
  facet normal 0 -1 -0
    outer loop
      vertex 76.5 0 2.5
      vertex 76 0 2
      vertex 76.5 0 2
    endloop
  endfacet
  facet normal 0 -1 0
    outer loop
      vertex 77 0 2
      vertex 77.5 0 2.5
      vertex 77 0 2.5
    endloop
  endfacet
  facet normal 0 -1 -0
    outer loop
      vertex 77.5 0 2.5
      vertex 77 0 2
      vertex 77.5 0 2
    endloop
  endfacet
  facet normal 0 -1 0
    outer loop
      vertex 78 0 2
      vertex 78.5 0 2.5
      vertex 78 0 2.5
    endloop
  endfacet
  facet normal 0 -1 -0
    outer loop
      vertex 78.5 0 2.5
      vertex 78 0 2
      vertex 78.5 0 2
    endloop
  endfacet
  facet normal 0 -1 0
    outer loop
      vertex 79 0 2
      vertex 79.5 0 2.5
      vertex 79 0 2.5
    endloop
  endfacet
  facet normal 0 -1 -0
    outer loop
      vertex 79.5 0 2.5
      vertex 79 0 2
      vertex 79.5 0 2
    endloop
  endfacet
  facet normal 0 -1 0
    outer loop
      vertex 80 0 2
      vertex 80.5 0 2.5
      vertex 80 0 2.5
    endloop
  endfacet
  facet normal 0 -1 -0
    outer loop
      vertex 80.5 0 2.5
      vertex 80 0 2
      vertex 80.5 0 2
    endloop
  endfacet
  facet normal 0 -1 0
    outer loop
      vertex 81 0 2
      vertex 81.5 0 2.5
      vertex 81 0 2.5
    endloop
  endfacet
  facet normal 0 -1 -0
    outer loop
      vertex 81.5 0 2.5
      vertex 81 0 2
      vertex 81.5 0 2
    endloop
  endfacet
  facet normal 0 -1 0
    outer loop
      vertex 82 0 2
      vertex 82.5 0 2.5
      vertex 82 0 2.5
    endloop
  endfacet
  facet normal 0 -1 -0
    outer loop
      vertex 82.5 0 2.5
      vertex 82 0 2
      vertex 82.5 0 2
    endloop
  endfacet
  facet normal 0 -1 0
    outer loop
      vertex 83 0 2
      vertex 83.5 0 2.5
      vertex 83 0 2.5
    endloop
  endfacet
  facet normal 0 -1 -0
    outer loop
      vertex 83.5 0 2.5
      vertex 83 0 2
      vertex 83.5 0 2
    endloop
  endfacet
  facet normal 0 -1 0
    outer loop
      vertex 84 0 2
      vertex 84.5 0 2.5
      vertex 84 0 2.5
    endloop
  endfacet
  facet normal 0 -1 -0
    outer loop
      vertex 84.5 0 2.5
      vertex 84 0 2
      vertex 84.5 0 2
    endloop
  endfacet
  facet normal 0 -1 0
    outer loop
      vertex 85 0 2
      vertex 85.5 0 2.5
      vertex 85 0 2.5
    endloop
  endfacet
  facet normal 0 -1 -0
    outer loop
      vertex 85.5 0 2.5
      vertex 85 0 2
      vertex 85.5 0 2
    endloop
  endfacet
  facet normal 0 -1 0
    outer loop
      vertex 86 0 2
      vertex 86.5 0 2.5
      vertex 86 0 2.5
    endloop
  endfacet
  facet normal 0 -1 -0
    outer loop
      vertex 86.5 0 2.5
      vertex 86 0 2
      vertex 86.5 0 2
    endloop
  endfacet
  facet normal 0 -1 0
    outer loop
      vertex 87 0 2
      vertex 87.5 0 2.5
      vertex 87 0 2.5
    endloop
  endfacet
  facet normal 0 -1 -0
    outer loop
      vertex 87.5 0 2.5
      vertex 87 0 2
      vertex 87.5 0 2
    endloop
  endfacet
  facet normal 0 -1 0
    outer loop
      vertex 88 0 2
      vertex 88.5 0 2.5
      vertex 88 0 2.5
    endloop
  endfacet
  facet normal 0 -1 -0
    outer loop
      vertex 88.5 0 2.5
      vertex 88 0 2
      vertex 88.5 0 2
    endloop
  endfacet
  facet normal 0 -1 0
    outer loop
      vertex 89 0 2
      vertex 89.5 0 2.5
      vertex 89 0 2.5
    endloop
  endfacet
  facet normal 0 -1 -0
    outer loop
      vertex 89.5 0 2.5
      vertex 89 0 2
      vertex 89.5 0 2
    endloop
  endfacet
  facet normal 0 -1 0
    outer loop
      vertex 90 0 2
      vertex 90.5 0 2.5
      vertex 90 0 2.5
    endloop
  endfacet
  facet normal 0 -1 -0
    outer loop
      vertex 90.5 0 2.5
      vertex 90 0 2
      vertex 90.5 0 2
    endloop
  endfacet
  facet normal 0 -1 0
    outer loop
      vertex 91 0 2
      vertex 91.5 0 2.5
      vertex 91 0 2.5
    endloop
  endfacet
  facet normal 0 -1 -0
    outer loop
      vertex 91.5 0 2.5
      vertex 91 0 2
      vertex 91.5 0 2
    endloop
  endfacet
  facet normal 0 -1 0
    outer loop
      vertex 92 0 2
      vertex 92.5 0 2.5
      vertex 92 0 2.5
    endloop
  endfacet
  facet normal 0 -1 -0
    outer loop
      vertex 92.5 0 2.5
      vertex 92 0 2
      vertex 92.5 0 2
    endloop
  endfacet
  facet normal 0 -1 0
    outer loop
      vertex 93 0 2
      vertex 93.5 0 2.5
      vertex 93 0 2.5
    endloop
  endfacet
  facet normal 0 -1 -0
    outer loop
      vertex 93.5 0 2.5
      vertex 93 0 2
      vertex 93.5 0 2
    endloop
  endfacet
  facet normal 0 -1 0
    outer loop
      vertex 94 0 2
      vertex 94.5 0 2.5
      vertex 94 0 2.5
    endloop
  endfacet
  facet normal 0 -1 -0
    outer loop
      vertex 94.5 0 2.5
      vertex 94 0 2
      vertex 94.5 0 2
    endloop
  endfacet
  facet normal 0 -1 0
    outer loop
      vertex 95 0 2
      vertex 95.5 0 2.5
      vertex 95 0 2.5
    endloop
  endfacet
  facet normal 0 -1 -0
    outer loop
      vertex 95.5 0 2.5
      vertex 95 0 2
      vertex 95.5 0 2
    endloop
  endfacet
  facet normal 0 -1 0
    outer loop
      vertex 96 0 2
      vertex 96.5 0 2.5
      vertex 96 0 2.5
    endloop
  endfacet
  facet normal 0 -1 -0
    outer loop
      vertex 96.5 0 2.5
      vertex 96 0 2
      vertex 96.5 0 2
    endloop
  endfacet
  facet normal 0 -1 0
    outer loop
      vertex 97 0 2
      vertex 97.5 0 2.5
      vertex 97 0 2.5
    endloop
  endfacet
  facet normal 0 -1 -0
    outer loop
      vertex 97.5 0 2.5
      vertex 97 0 2
      vertex 97.5 0 2
    endloop
  endfacet
  facet normal 0 -1 0
    outer loop
      vertex 98 0 2
      vertex 98.5 0 2.5
      vertex 98 0 2.5
    endloop
  endfacet
  facet normal 0 -1 -0
    outer loop
      vertex 98.5 0 2.5
      vertex 98 0 2
      vertex 98.5 0 2
    endloop
  endfacet
  facet normal 0 -1 0
    outer loop
      vertex 99 0 2
      vertex 99.5 0 2.5
      vertex 99 0 2.5
    endloop
  endfacet
  facet normal 0 -1 -0
    outer loop
      vertex 99.5 0 2.5
      vertex 99 0 2
      vertex 99.5 0 2
    endloop
  endfacet
  facet normal 0 -1 0
    outer loop
      vertex 100 0 2
      vertex 100.5 0 2.5
      vertex 100 0 2.5
    endloop
  endfacet
  facet normal 0 -1 -0
    outer loop
      vertex 100.5 0 2.5
      vertex 100 0 2
      vertex 100.5 0 2
    endloop
  endfacet
  facet normal 0 -1 0
    outer loop
      vertex 101 0 2
      vertex 101.5 0 2.5
      vertex 101 0 2.5
    endloop
  endfacet
  facet normal 0 -1 -0
    outer loop
      vertex 101.5 0 2.5
      vertex 101 0 2
      vertex 101.5 0 2
    endloop
  endfacet
  facet normal 0 -1 0
    outer loop
      vertex 102 0 2
      vertex 102.5 0 2.5
      vertex 102 0 2.5
    endloop
  endfacet
  facet normal 0 -1 -0
    outer loop
      vertex 102.5 0 2.5
      vertex 102 0 2
      vertex 102.5 0 2
    endloop
  endfacet
  facet normal 0 -1 0
    outer loop
      vertex 103 0 2
      vertex 103.5 0 2.5
      vertex 103 0 2.5
    endloop
  endfacet
  facet normal 0 -1 -0
    outer loop
      vertex 103.5 0 2.5
      vertex 103 0 2
      vertex 103.5 0 2
    endloop
  endfacet
  facet normal 0 -1 0
    outer loop
      vertex 104 0 2
      vertex 104.5 0 2.5
      vertex 104 0 2.5
    endloop
  endfacet
  facet normal 0 -1 -0
    outer loop
      vertex 104.5 0 2.5
      vertex 104 0 2
      vertex 104.5 0 2
    endloop
  endfacet
  facet normal 0 -1 0
    outer loop
      vertex 105 0 2
      vertex 105.5 0 2.5
      vertex 105 0 2.5
    endloop
  endfacet
  facet normal 0 -1 -0
    outer loop
      vertex 105.5 0 2.5
      vertex 105 0 2
      vertex 105.5 0 2
    endloop
  endfacet
  facet normal 0 -1 0
    outer loop
      vertex 106 0 2
      vertex 106.5 0 2.5
      vertex 106 0 2.5
    endloop
  endfacet
  facet normal 0 -1 -0
    outer loop
      vertex 106.5 0 2.5
      vertex 106 0 2
      vertex 106.5 0 2
    endloop
  endfacet
  facet normal 0 -1 0
    outer loop
      vertex 107 0 2
      vertex 107.5 0 2.5
      vertex 107 0 2.5
    endloop
  endfacet
  facet normal 0 -1 -0
    outer loop
      vertex 107.5 0 2.5
      vertex 107 0 2
      vertex 107.5 0 2
    endloop
  endfacet
  facet normal 0 -1 0
    outer loop
      vertex 108 0 2
      vertex 108.5 0 2.5
      vertex 108 0 2.5
    endloop
  endfacet
  facet normal 0 -1 -0
    outer loop
      vertex 108.5 0 2.5
      vertex 108 0 2
      vertex 108.5 0 2
    endloop
  endfacet
  facet normal 0 -1 0
    outer loop
      vertex 109 0 2
      vertex 109.5 0 2.5
      vertex 109 0 2.5
    endloop
  endfacet
  facet normal 0 -1 -0
    outer loop
      vertex 109.5 0 2.5
      vertex 109 0 2
      vertex 109.5 0 2
    endloop
  endfacet
  facet normal 0 -1 0
    outer loop
      vertex 110 0 2
      vertex 110.5 0 2.5
      vertex 110 0 2.5
    endloop
  endfacet
  facet normal 0 -1 -0
    outer loop
      vertex 110.5 0 2.5
      vertex 110 0 2
      vertex 110.5 0 2
    endloop
  endfacet
  facet normal 0 -1 0
    outer loop
      vertex 111 0 2
      vertex 111.5 0 2.5
      vertex 111 0 2.5
    endloop
  endfacet
  facet normal 0 -1 -0
    outer loop
      vertex 111.5 0 2.5
      vertex 111 0 2
      vertex 111.5 0 2
    endloop
  endfacet
  facet normal 0 -1 0
    outer loop
      vertex 112 0 2
      vertex 112.5 0 2.5
      vertex 112 0 2.5
    endloop
  endfacet
  facet normal 0 -1 -0
    outer loop
      vertex 112.5 0 2.5
      vertex 112 0 2
      vertex 112.5 0 2
    endloop
  endfacet
  facet normal 0 -1 0
    outer loop
      vertex 113 0 2
      vertex 113.5 0 2.5
      vertex 113 0 2.5
    endloop
  endfacet
  facet normal 0 -1 -0
    outer loop
      vertex 113.5 0 2.5
      vertex 113 0 2
      vertex 113.5 0 2
    endloop
  endfacet
  facet normal 0 -1 0
    outer loop
      vertex 114 0 2
      vertex 114.5 0 2.5
      vertex 114 0 2.5
    endloop
  endfacet
  facet normal 0 -1 -0
    outer loop
      vertex 114.5 0 2.5
      vertex 114 0 2
      vertex 114.5 0 2
    endloop
  endfacet
  facet normal 0 -1 0
    outer loop
      vertex 115 0 2
      vertex 115.5 0 2.5
      vertex 115 0 2.5
    endloop
  endfacet
  facet normal 0 -1 -0
    outer loop
      vertex 115.5 0 2.5
      vertex 115 0 2
      vertex 115.5 0 2
    endloop
  endfacet
  facet normal 0 -1 0
    outer loop
      vertex 116 0 2
      vertex 116.5 0 2.5
      vertex 116 0 2.5
    endloop
  endfacet
  facet normal 0 -1 -0
    outer loop
      vertex 116.5 0 2.5
      vertex 116 0 2
      vertex 116.5 0 2
    endloop
  endfacet
  facet normal 0 -1 0
    outer loop
      vertex 117 0 2
      vertex 117.5 0 2.5
      vertex 117 0 2.5
    endloop
  endfacet
  facet normal 0 -1 -0
    outer loop
      vertex 117.5 0 2.5
      vertex 117 0 2
      vertex 117.5 0 2
    endloop
  endfacet
  facet normal 0 -1 0
    outer loop
      vertex 118 0 2
      vertex 118.5 0 2.5
      vertex 118 0 2.5
    endloop
  endfacet
  facet normal 0 -1 -0
    outer loop
      vertex 118.5 0 2.5
      vertex 118 0 2
      vertex 118.5 0 2
    endloop
  endfacet
  facet normal 0 -1 0
    outer loop
      vertex 119 0 2
      vertex 119.5 0 2.5
      vertex 119 0 2.5
    endloop
  endfacet
  facet normal 0 -1 -0
    outer loop
      vertex 119.5 0 2.5
      vertex 119 0 2
      vertex 119.5 0 2
    endloop
  endfacet
  facet normal 0 -1 0
    outer loop
      vertex 120 0 2
      vertex 120.5 0 2.5
      vertex 120 0 2.5
    endloop
  endfacet
  facet normal 0 -1 -0
    outer loop
      vertex 120.5 0 2.5
      vertex 120 0 2
      vertex 120.5 0 2
    endloop
  endfacet
  facet normal 0 -1 0
    outer loop
      vertex 121 0 2
      vertex 121.5 0 2.5
      vertex 121 0 2.5
    endloop
  endfacet
  facet normal 0 -1 -0
    outer loop
      vertex 121.5 0 2.5
      vertex 121 0 2
      vertex 121.5 0 2
    endloop
  endfacet
  facet normal 0 -1 0
    outer loop
      vertex 122 0 2
      vertex 122.5 0 2.5
      vertex 122 0 2.5
    endloop
  endfacet
  facet normal 0 -1 -0
    outer loop
      vertex 122.5 0 2.5
      vertex 122 0 2
      vertex 122.5 0 2
    endloop
  endfacet
  facet normal 0 -1 0
    outer loop
      vertex 123 0 2
      vertex 123.5 0 2.5
      vertex 123 0 2.5
    endloop
  endfacet
  facet normal 0 -1 -0
    outer loop
      vertex 123.5 0 2.5
      vertex 123 0 2
      vertex 123.5 0 2
    endloop
  endfacet
  facet normal 0 -1 0
    outer loop
      vertex 124 0 2
      vertex 124.5 0 2.5
      vertex 124 0 2.5
    endloop
  endfacet
  facet normal 0 -1 -0
    outer loop
      vertex 124.5 0 2.5
      vertex 124 0 2
      vertex 124.5 0 2
    endloop
  endfacet
  facet normal 0 -1 0
    outer loop
      vertex 125 0 2
      vertex 125.5 0 2.5
      vertex 125 0 2.5
    endloop
  endfacet
  facet normal 0 -1 -0
    outer loop
      vertex 125.5 0 2.5
      vertex 125 0 2
      vertex 125.5 0 2
    endloop
  endfacet
  facet normal 0 -1 0
    outer loop
      vertex 126 0 2
      vertex 126.5 0 2.5
      vertex 126 0 2.5
    endloop
  endfacet
  facet normal 0 -1 -0
    outer loop
      vertex 126.5 0 2.5
      vertex 126 0 2
      vertex 126.5 0 2
    endloop
  endfacet
  facet normal 0 -1 0
    outer loop
      vertex 127 0 2
      vertex 127.5 0 2.5
      vertex 127 0 2.5
    endloop
  endfacet
  facet normal 0 -1 -0
    outer loop
      vertex 127.5 0 2.5
      vertex 127 0 2
      vertex 127.5 0 2
    endloop
  endfacet
  facet normal 0 -1 0
    outer loop
      vertex 128 0 2
      vertex 128.5 0 2.5
      vertex 128 0 2.5
    endloop
  endfacet
  facet normal 0 -1 -0
    outer loop
      vertex 128.5 0 2.5
      vertex 128 0 2
      vertex 128.5 0 2
    endloop
  endfacet
  facet normal 0 -1 0
    outer loop
      vertex 129 0 2
      vertex 129.5 0 2.5
      vertex 129 0 2.5
    endloop
  endfacet
  facet normal 0 -1 -0
    outer loop
      vertex 129.5 0 2.5
      vertex 129 0 2
      vertex 129.5 0 2
    endloop
  endfacet
  facet normal 0 -1 0
    outer loop
      vertex 130 0 2
      vertex 130.5 0 2.5
      vertex 130 0 2.5
    endloop
  endfacet
  facet normal 0 -1 -0
    outer loop
      vertex 130.5 0 2.5
      vertex 130 0 2
      vertex 130.5 0 2
    endloop
  endfacet
  facet normal 0 -1 0
    outer loop
      vertex 131 0 2
      vertex 131.5 0 2.5
      vertex 131 0 2.5
    endloop
  endfacet
  facet normal 0 -1 -0
    outer loop
      vertex 131.5 0 2.5
      vertex 131 0 2
      vertex 131.5 0 2
    endloop
  endfacet
  facet normal 0 -1 0
    outer loop
      vertex 132 0 2
      vertex 132.5 0 2.5
      vertex 132 0 2.5
    endloop
  endfacet
  facet normal 0 -1 -0
    outer loop
      vertex 132.5 0 2.5
      vertex 132 0 2
      vertex 132.5 0 2
    endloop
  endfacet
  facet normal 0 -1 0
    outer loop
      vertex 133 0 2
      vertex 133.5 0 2.5
      vertex 133 0 2.5
    endloop
  endfacet
  facet normal 0 -1 -0
    outer loop
      vertex 133.5 0 2.5
      vertex 133 0 2
      vertex 133.5 0 2
    endloop
  endfacet
  facet normal 0 -1 0
    outer loop
      vertex 134 0 2
      vertex 134.5 0 2.5
      vertex 134 0 2.5
    endloop
  endfacet
  facet normal 0 -1 -0
    outer loop
      vertex 134.5 0 2.5
      vertex 134 0 2
      vertex 134.5 0 2
    endloop
  endfacet
  facet normal 0 -1 0
    outer loop
      vertex 135 0 2
      vertex 135.5 0 2.5
      vertex 135 0 2.5
    endloop
  endfacet
  facet normal 0 -1 -0
    outer loop
      vertex 135.5 0 2.5
      vertex 135 0 2
      vertex 135.5 0 2
    endloop
  endfacet
  facet normal 0 -1 0
    outer loop
      vertex 136 0 2
      vertex 136.5 0 2.5
      vertex 136 0 2.5
    endloop
  endfacet
  facet normal 0 -1 -0
    outer loop
      vertex 136.5 0 2.5
      vertex 136 0 2
      vertex 136.5 0 2
    endloop
  endfacet
  facet normal 0 -1 0
    outer loop
      vertex 136 0 2
      vertex 137.16 0 -0.179404
      vertex 136.5 0 2
    endloop
  endfacet
  facet normal 0 -1 0
    outer loop
      vertex 137.16 0 -0.179404
      vertex 134.16 0 0
      vertex 134.16 0 -0.179404
    endloop
  endfacet
  facet normal 0 -1 0
    outer loop
      vertex 136.5 0 2
      vertex 137.16 0 -0.179404
      vertex 137.16 0 2
    endloop
  endfacet
  facet normal 1 -0 0
    outer loop
      vertex 1.5 0 2.5
      vertex 1.5 3 2
      vertex 1.5 3 2.5
    endloop
  endfacet
  facet normal 1 0 0
    outer loop
      vertex 1.5 3 2
      vertex 1.5 0 2.5
      vertex 1.5 0 2
    endloop
  endfacet
  facet normal -0 0 1
    outer loop
      vertex 1 3 2.5
      vertex 1.5 0 2.5
      vertex 1.5 3 2.5
    endloop
  endfacet
  facet normal 0 0 1
    outer loop
      vertex 1.5 0 2.5
      vertex 1 3 2.5
      vertex 1 0 2.5
    endloop
  endfacet
  facet normal -1 0 0
    outer loop
      vertex 1 0 2
      vertex 1 3 2.5
      vertex 1 3 2
    endloop
  endfacet
  facet normal -1 -0 0
    outer loop
      vertex 1 3 2.5
      vertex 1 0 2
      vertex 1 0 2.5
    endloop
  endfacet
  facet normal 1 -0 0
    outer loop
      vertex 2.5 0 2.5
      vertex 2.5 3 2
      vertex 2.5 3 2.5
    endloop
  endfacet
  facet normal 1 0 0
    outer loop
      vertex 2.5 3 2
      vertex 2.5 0 2.5
      vertex 2.5 0 2
    endloop
  endfacet
  facet normal -0 0 1
    outer loop
      vertex 2 3 2.5
      vertex 2.5 0 2.5
      vertex 2.5 3 2.5
    endloop
  endfacet
  facet normal 0 0 1
    outer loop
      vertex 2.5 0 2.5
      vertex 2 3 2.5
      vertex 2 0 2.5
    endloop
  endfacet
  facet normal -1 0 0
    outer loop
      vertex 2 0 2
      vertex 2 3 2.5
      vertex 2 3 2
    endloop
  endfacet
  facet normal -1 -0 0
    outer loop
      vertex 2 3 2.5
      vertex 2 0 2
      vertex 2 0 2.5
    endloop
  endfacet
  facet normal 1 -0 0
    outer loop
      vertex 3.5 0 2.5
      vertex 3.5 3 2
      vertex 3.5 3 2.5
    endloop
  endfacet
  facet normal 1 0 0
    outer loop
      vertex 3.5 3 2
      vertex 3.5 0 2.5
      vertex 3.5 0 2
    endloop
  endfacet
  facet normal -0 0 1
    outer loop
      vertex 3 3 2.5
      vertex 3.5 0 2.5
      vertex 3.5 3 2.5
    endloop
  endfacet
  facet normal 0 0 1
    outer loop
      vertex 3.5 0 2.5
      vertex 3 3 2.5
      vertex 3 0 2.5
    endloop
  endfacet
  facet normal -1 0 0
    outer loop
      vertex 3 0 2
      vertex 3 3 2.5
      vertex 3 3 2
    endloop
  endfacet
  facet normal -1 -0 0
    outer loop
      vertex 3 3 2.5
      vertex 3 0 2
      vertex 3 0 2.5
    endloop
  endfacet
  facet normal 1 -0 0
    outer loop
      vertex 4.5 0 2.5
      vertex 4.5 3 2
      vertex 4.5 3 2.5
    endloop
  endfacet
  facet normal 1 0 0
    outer loop
      vertex 4.5 3 2
      vertex 4.5 0 2.5
      vertex 4.5 0 2
    endloop
  endfacet
  facet normal -0 0 1
    outer loop
      vertex 4 3 2.5
      vertex 4.5 0 2.5
      vertex 4.5 3 2.5
    endloop
  endfacet
  facet normal 0 0 1
    outer loop
      vertex 4.5 0 2.5
      vertex 4 3 2.5
      vertex 4 0 2.5
    endloop
  endfacet
  facet normal -1 0 0
    outer loop
      vertex 4 0 2
      vertex 4 3 2.5
      vertex 4 3 2
    endloop
  endfacet
  facet normal -1 -0 0
    outer loop
      vertex 4 3 2.5
      vertex 4 0 2
      vertex 4 0 2.5
    endloop
  endfacet
  facet normal 1 -0 0
    outer loop
      vertex 5.5 0 2.5
      vertex 5.5 3 2
      vertex 5.5 3 2.5
    endloop
  endfacet
  facet normal 1 0 0
    outer loop
      vertex 5.5 3 2
      vertex 5.5 0 2.5
      vertex 5.5 0 2
    endloop
  endfacet
  facet normal -0 0 1
    outer loop
      vertex 5 3 2.5
      vertex 5.5 0 2.5
      vertex 5.5 3 2.5
    endloop
  endfacet
  facet normal 0 0 1
    outer loop
      vertex 5.5 0 2.5
      vertex 5 3 2.5
      vertex 5 0 2.5
    endloop
  endfacet
  facet normal -1 0 0
    outer loop
      vertex 5 0 2
      vertex 5 3 2.5
      vertex 5 3 2
    endloop
  endfacet
  facet normal -1 -0 0
    outer loop
      vertex 5 3 2.5
      vertex 5 0 2
      vertex 5 0 2.5
    endloop
  endfacet
  facet normal 1 -0 0
    outer loop
      vertex 6.5 0 2.5
      vertex 6.5 3 2
      vertex 6.5 3 2.5
    endloop
  endfacet
  facet normal 1 0 0
    outer loop
      vertex 6.5 3 2
      vertex 6.5 0 2.5
      vertex 6.5 0 2
    endloop
  endfacet
  facet normal -0 0 1
    outer loop
      vertex 6 3 2.5
      vertex 6.5 0 2.5
      vertex 6.5 3 2.5
    endloop
  endfacet
  facet normal 0 0 1
    outer loop
      vertex 6.5 0 2.5
      vertex 6 3 2.5
      vertex 6 0 2.5
    endloop
  endfacet
  facet normal -1 0 0
    outer loop
      vertex 6 0 2
      vertex 6 3 2.5
      vertex 6 3 2
    endloop
  endfacet
  facet normal -1 -0 0
    outer loop
      vertex 6 3 2.5
      vertex 6 0 2
      vertex 6 0 2.5
    endloop
  endfacet
  facet normal 1 -0 0
    outer loop
      vertex 7.5 0 2.5
      vertex 7.5 3 2
      vertex 7.5 3 2.5
    endloop
  endfacet
  facet normal 1 0 0
    outer loop
      vertex 7.5 3 2
      vertex 7.5 0 2.5
      vertex 7.5 0 2
    endloop
  endfacet
  facet normal -0 0 1
    outer loop
      vertex 7 3 2.5
      vertex 7.5 0 2.5
      vertex 7.5 3 2.5
    endloop
  endfacet
  facet normal 0 0 1
    outer loop
      vertex 7.5 0 2.5
      vertex 7 3 2.5
      vertex 7 0 2.5
    endloop
  endfacet
  facet normal -1 0 0
    outer loop
      vertex 7 0 2
      vertex 7 3 2.5
      vertex 7 3 2
    endloop
  endfacet
  facet normal -1 -0 0
    outer loop
      vertex 7 3 2.5
      vertex 7 0 2
      vertex 7 0 2.5
    endloop
  endfacet
  facet normal 1 -0 0
    outer loop
      vertex 8.5 0 2.5
      vertex 8.5 3 2
      vertex 8.5 3 2.5
    endloop
  endfacet
  facet normal 1 0 0
    outer loop
      vertex 8.5 3 2
      vertex 8.5 0 2.5
      vertex 8.5 0 2
    endloop
  endfacet
  facet normal -0 0 1
    outer loop
      vertex 8 3 2.5
      vertex 8.5 0 2.5
      vertex 8.5 3 2.5
    endloop
  endfacet
  facet normal 0 0 1
    outer loop
      vertex 8.5 0 2.5
      vertex 8 3 2.5
      vertex 8 0 2.5
    endloop
  endfacet
  facet normal -1 0 0
    outer loop
      vertex 8 0 2
      vertex 8 3 2.5
      vertex 8 3 2
    endloop
  endfacet
  facet normal -1 -0 0
    outer loop
      vertex 8 3 2.5
      vertex 8 0 2
      vertex 8 0 2.5
    endloop
  endfacet
  facet normal 1 -0 0
    outer loop
      vertex 9.5 0 2.5
      vertex 9.5 3 2
      vertex 9.5 3 2.5
    endloop
  endfacet
  facet normal 1 0 0
    outer loop
      vertex 9.5 3 2
      vertex 9.5 0 2.5
      vertex 9.5 0 2
    endloop
  endfacet
  facet normal -0 0 1
    outer loop
      vertex 9 3 2.5
      vertex 9.5 0 2.5
      vertex 9.5 3 2.5
    endloop
  endfacet
  facet normal 0 0 1
    outer loop
      vertex 9.5 0 2.5
      vertex 9 3 2.5
      vertex 9 0 2.5
    endloop
  endfacet
  facet normal -1 0 0
    outer loop
      vertex 9 0 2
      vertex 9 3 2.5
      vertex 9 3 2
    endloop
  endfacet
  facet normal -1 -0 0
    outer loop
      vertex 9 3 2.5
      vertex 9 0 2
      vertex 9 0 2.5
    endloop
  endfacet
  facet normal 1 -0 0
    outer loop
      vertex 10.5 0 2.5
      vertex 10.5 3 2
      vertex 10.5 3 2.5
    endloop
  endfacet
  facet normal 1 0 0
    outer loop
      vertex 10.5 3 2
      vertex 10.5 0 2.5
      vertex 10.5 0 2
    endloop
  endfacet
  facet normal -0 0 1
    outer loop
      vertex 10 3 2.5
      vertex 10.5 0 2.5
      vertex 10.5 3 2.5
    endloop
  endfacet
  facet normal 0 0 1
    outer loop
      vertex 10.5 0 2.5
      vertex 10 3 2.5
      vertex 10 0 2.5
    endloop
  endfacet
  facet normal -1 0 0
    outer loop
      vertex 10 0 2
      vertex 10 3 2.5
      vertex 10 3 2
    endloop
  endfacet
  facet normal -1 -0 0
    outer loop
      vertex 10 3 2.5
      vertex 10 0 2
      vertex 10 0 2.5
    endloop
  endfacet
  facet normal 1 -0 0
    outer loop
      vertex 11.5 0 2.5
      vertex 11.5 3 2
      vertex 11.5 3 2.5
    endloop
  endfacet
  facet normal 1 0 0
    outer loop
      vertex 11.5 3 2
      vertex 11.5 0 2.5
      vertex 11.5 0 2
    endloop
  endfacet
  facet normal -0 0 1
    outer loop
      vertex 11 3 2.5
      vertex 11.5 0 2.5
      vertex 11.5 3 2.5
    endloop
  endfacet
  facet normal 0 0 1
    outer loop
      vertex 11.5 0 2.5
      vertex 11 3 2.5
      vertex 11 0 2.5
    endloop
  endfacet
  facet normal -1 0 0
    outer loop
      vertex 11 0 2
      vertex 11 3 2.5
      vertex 11 3 2
    endloop
  endfacet
  facet normal -1 -0 0
    outer loop
      vertex 11 3 2.5
      vertex 11 0 2
      vertex 11 0 2.5
    endloop
  endfacet
  facet normal 1 -0 0
    outer loop
      vertex 12.5 0 2.5
      vertex 12.5 3 2
      vertex 12.5 3 2.5
    endloop
  endfacet
  facet normal 1 0 0
    outer loop
      vertex 12.5 3 2
      vertex 12.5 0 2.5
      vertex 12.5 0 2
    endloop
  endfacet
  facet normal -0 0 1
    outer loop
      vertex 12 3 2.5
      vertex 12.5 0 2.5
      vertex 12.5 3 2.5
    endloop
  endfacet
  facet normal 0 0 1
    outer loop
      vertex 12.5 0 2.5
      vertex 12 3 2.5
      vertex 12 0 2.5
    endloop
  endfacet
  facet normal -1 0 0
    outer loop
      vertex 12 0 2
      vertex 12 3 2.5
      vertex 12 3 2
    endloop
  endfacet
  facet normal -1 -0 0
    outer loop
      vertex 12 3 2.5
      vertex 12 0 2
      vertex 12 0 2.5
    endloop
  endfacet
  facet normal 1 -0 0
    outer loop
      vertex 13.5 0 2.5
      vertex 13.5 3 2
      vertex 13.5 3 2.5
    endloop
  endfacet
  facet normal 1 0 0
    outer loop
      vertex 13.5 3 2
      vertex 13.5 0 2.5
      vertex 13.5 0 2
    endloop
  endfacet
  facet normal -0 0 1
    outer loop
      vertex 13 3 2.5
      vertex 13.5 0 2.5
      vertex 13.5 3 2.5
    endloop
  endfacet
  facet normal 0 0 1
    outer loop
      vertex 13.5 0 2.5
      vertex 13 3 2.5
      vertex 13 0 2.5
    endloop
  endfacet
  facet normal -1 0 0
    outer loop
      vertex 13 0 2
      vertex 13 3 2.5
      vertex 13 3 2
    endloop
  endfacet
  facet normal -1 -0 0
    outer loop
      vertex 13 3 2.5
      vertex 13 0 2
      vertex 13 0 2.5
    endloop
  endfacet
  facet normal 1 -0 0
    outer loop
      vertex 14.5 0 2.5
      vertex 14.5 3 2
      vertex 14.5 3 2.5
    endloop
  endfacet
  facet normal 1 0 0
    outer loop
      vertex 14.5 3 2
      vertex 14.5 0 2.5
      vertex 14.5 0 2
    endloop
  endfacet
  facet normal -0 0 1
    outer loop
      vertex 14 3 2.5
      vertex 14.5 0 2.5
      vertex 14.5 3 2.5
    endloop
  endfacet
  facet normal 0 0 1
    outer loop
      vertex 14.5 0 2.5
      vertex 14 3 2.5
      vertex 14 0 2.5
    endloop
  endfacet
  facet normal -1 0 0
    outer loop
      vertex 14 0 2
      vertex 14 3 2.5
      vertex 14 3 2
    endloop
  endfacet
  facet normal -1 -0 0
    outer loop
      vertex 14 3 2.5
      vertex 14 0 2
      vertex 14 0 2.5
    endloop
  endfacet
  facet normal 1 -0 0
    outer loop
      vertex 15.5 0 2.5
      vertex 15.5 3 2
      vertex 15.5 3 2.5
    endloop
  endfacet
  facet normal 1 0 0
    outer loop
      vertex 15.5 3 2
      vertex 15.5 0 2.5
      vertex 15.5 0 2
    endloop
  endfacet
  facet normal -0 0 1
    outer loop
      vertex 15 3 2.5
      vertex 15.5 0 2.5
      vertex 15.5 3 2.5
    endloop
  endfacet
  facet normal 0 0 1
    outer loop
      vertex 15.5 0 2.5
      vertex 15 3 2.5
      vertex 15 0 2.5
    endloop
  endfacet
  facet normal -1 0 0
    outer loop
      vertex 15 0 2
      vertex 15 3 2.5
      vertex 15 3 2
    endloop
  endfacet
  facet normal -1 -0 0
    outer loop
      vertex 15 3 2.5
      vertex 15 0 2
      vertex 15 0 2.5
    endloop
  endfacet
  facet normal 1 -0 0
    outer loop
      vertex 16.5 0 2.5
      vertex 16.5 3 2
      vertex 16.5 3 2.5
    endloop
  endfacet
  facet normal 1 0 0
    outer loop
      vertex 16.5 3 2
      vertex 16.5 0 2.5
      vertex 16.5 0 2
    endloop
  endfacet
  facet normal -0 0 1
    outer loop
      vertex 16 3 2.5
      vertex 16.5 0 2.5
      vertex 16.5 3 2.5
    endloop
  endfacet
  facet normal 0 0 1
    outer loop
      vertex 16.5 0 2.5
      vertex 16 3 2.5
      vertex 16 0 2.5
    endloop
  endfacet
  facet normal -1 0 0
    outer loop
      vertex 16 0 2
      vertex 16 3 2.5
      vertex 16 3 2
    endloop
  endfacet
  facet normal -1 -0 0
    outer loop
      vertex 16 3 2.5
      vertex 16 0 2
      vertex 16 0 2.5
    endloop
  endfacet
  facet normal 1 -0 0
    outer loop
      vertex 17.5 0 2.5
      vertex 17.5 3 2
      vertex 17.5 3 2.5
    endloop
  endfacet
  facet normal 1 0 0
    outer loop
      vertex 17.5 3 2
      vertex 17.5 0 2.5
      vertex 17.5 0 2
    endloop
  endfacet
  facet normal -0 0 1
    outer loop
      vertex 17 3 2.5
      vertex 17.5 0 2.5
      vertex 17.5 3 2.5
    endloop
  endfacet
  facet normal 0 0 1
    outer loop
      vertex 17.5 0 2.5
      vertex 17 3 2.5
      vertex 17 0 2.5
    endloop
  endfacet
  facet normal -1 0 0
    outer loop
      vertex 17 0 2
      vertex 17 3 2.5
      vertex 17 3 2
    endloop
  endfacet
  facet normal -1 -0 0
    outer loop
      vertex 17 3 2.5
      vertex 17 0 2
      vertex 17 0 2.5
    endloop
  endfacet
  facet normal 1 -0 0
    outer loop
      vertex 18.5 0 2.5
      vertex 18.5 3 2
      vertex 18.5 3 2.5
    endloop
  endfacet
  facet normal 1 0 0
    outer loop
      vertex 18.5 3 2
      vertex 18.5 0 2.5
      vertex 18.5 0 2
    endloop
  endfacet
  facet normal -0 0 1
    outer loop
      vertex 18 3 2.5
      vertex 18.5 0 2.5
      vertex 18.5 3 2.5
    endloop
  endfacet
  facet normal 0 0 1
    outer loop
      vertex 18.5 0 2.5
      vertex 18 3 2.5
      vertex 18 0 2.5
    endloop
  endfacet
  facet normal -1 0 0
    outer loop
      vertex 18 0 2
      vertex 18 3 2.5
      vertex 18 3 2
    endloop
  endfacet
  facet normal -1 -0 0
    outer loop
      vertex 18 3 2.5
      vertex 18 0 2
      vertex 18 0 2.5
    endloop
  endfacet
  facet normal 1 -0 0
    outer loop
      vertex 19.5 0 2.5
      vertex 19.5 3 2
      vertex 19.5 3 2.5
    endloop
  endfacet
  facet normal 1 0 0
    outer loop
      vertex 19.5 3 2
      vertex 19.5 0 2.5
      vertex 19.5 0 2
    endloop
  endfacet
  facet normal -0 0 1
    outer loop
      vertex 19 3 2.5
      vertex 19.5 0 2.5
      vertex 19.5 3 2.5
    endloop
  endfacet
  facet normal 0 0 1
    outer loop
      vertex 19.5 0 2.5
      vertex 19 3 2.5
      vertex 19 0 2.5
    endloop
  endfacet
  facet normal -1 0 0
    outer loop
      vertex 19 0 2
      vertex 19 3 2.5
      vertex 19 3 2
    endloop
  endfacet
  facet normal -1 -0 0
    outer loop
      vertex 19 3 2.5
      vertex 19 0 2
      vertex 19 0 2.5
    endloop
  endfacet
  facet normal 1 -0 0
    outer loop
      vertex 20.5 0 2.5
      vertex 20.5 3 2
      vertex 20.5 3 2.5
    endloop
  endfacet
  facet normal 1 0 0
    outer loop
      vertex 20.5 3 2
      vertex 20.5 0 2.5
      vertex 20.5 0 2
    endloop
  endfacet
  facet normal -0 0 1
    outer loop
      vertex 20 3 2.5
      vertex 20.5 0 2.5
      vertex 20.5 3 2.5
    endloop
  endfacet
  facet normal 0 0 1
    outer loop
      vertex 20.5 0 2.5
      vertex 20 3 2.5
      vertex 20 0 2.5
    endloop
  endfacet
  facet normal -1 0 0
    outer loop
      vertex 20 0 2
      vertex 20 3 2.5
      vertex 20 3 2
    endloop
  endfacet
  facet normal -1 -0 0
    outer loop
      vertex 20 3 2.5
      vertex 20 0 2
      vertex 20 0 2.5
    endloop
  endfacet
  facet normal 1 -0 0
    outer loop
      vertex 21.5 0 2.5
      vertex 21.5 3 2
      vertex 21.5 3 2.5
    endloop
  endfacet
  facet normal 1 0 0
    outer loop
      vertex 21.5 3 2
      vertex 21.5 0 2.5
      vertex 21.5 0 2
    endloop
  endfacet
  facet normal -0 0 1
    outer loop
      vertex 21 3 2.5
      vertex 21.5 0 2.5
      vertex 21.5 3 2.5
    endloop
  endfacet
  facet normal 0 0 1
    outer loop
      vertex 21.5 0 2.5
      vertex 21 3 2.5
      vertex 21 0 2.5
    endloop
  endfacet
  facet normal -1 0 0
    outer loop
      vertex 21 0 2
      vertex 21 3 2.5
      vertex 21 3 2
    endloop
  endfacet
  facet normal -1 -0 0
    outer loop
      vertex 21 3 2.5
      vertex 21 0 2
      vertex 21 0 2.5
    endloop
  endfacet
  facet normal 1 -0 0
    outer loop
      vertex 22.5 0 2.5
      vertex 22.5 3 2
      vertex 22.5 3 2.5
    endloop
  endfacet
  facet normal 1 0 0
    outer loop
      vertex 22.5 3 2
      vertex 22.5 0 2.5
      vertex 22.5 0 2
    endloop
  endfacet
  facet normal -0 0 1
    outer loop
      vertex 22 3 2.5
      vertex 22.5 0 2.5
      vertex 22.5 3 2.5
    endloop
  endfacet
  facet normal 0 0 1
    outer loop
      vertex 22.5 0 2.5
      vertex 22 3 2.5
      vertex 22 0 2.5
    endloop
  endfacet
  facet normal -1 0 0
    outer loop
      vertex 22 0 2
      vertex 22 3 2.5
      vertex 22 3 2
    endloop
  endfacet
  facet normal -1 -0 0
    outer loop
      vertex 22 3 2.5
      vertex 22 0 2
      vertex 22 0 2.5
    endloop
  endfacet
  facet normal 1 -0 0
    outer loop
      vertex 23.5 0 2.5
      vertex 23.5 3 2
      vertex 23.5 3 2.5
    endloop
  endfacet
  facet normal 1 0 0
    outer loop
      vertex 23.5 3 2
      vertex 23.5 0 2.5
      vertex 23.5 0 2
    endloop
  endfacet
  facet normal -0 0 1
    outer loop
      vertex 23 3 2.5
      vertex 23.5 0 2.5
      vertex 23.5 3 2.5
    endloop
  endfacet
  facet normal 0 0 1
    outer loop
      vertex 23.5 0 2.5
      vertex 23 3 2.5
      vertex 23 0 2.5
    endloop
  endfacet
  facet normal -1 0 0
    outer loop
      vertex 23 0 2
      vertex 23 3 2.5
      vertex 23 3 2
    endloop
  endfacet
  facet normal -1 -0 0
    outer loop
      vertex 23 3 2.5
      vertex 23 0 2
      vertex 23 0 2.5
    endloop
  endfacet
  facet normal 1 -0 0
    outer loop
      vertex 24.5 0 2.5
      vertex 24.5 3 2
      vertex 24.5 3 2.5
    endloop
  endfacet
  facet normal 1 0 0
    outer loop
      vertex 24.5 3 2
      vertex 24.5 0 2.5
      vertex 24.5 0 2
    endloop
  endfacet
  facet normal -0 0 1
    outer loop
      vertex 24 3 2.5
      vertex 24.5 0 2.5
      vertex 24.5 3 2.5
    endloop
  endfacet
  facet normal 0 0 1
    outer loop
      vertex 24.5 0 2.5
      vertex 24 3 2.5
      vertex 24 0 2.5
    endloop
  endfacet
  facet normal -1 0 0
    outer loop
      vertex 24 0 2
      vertex 24 3 2.5
      vertex 24 3 2
    endloop
  endfacet
  facet normal -1 -0 0
    outer loop
      vertex 24 3 2.5
      vertex 24 0 2
      vertex 24 0 2.5
    endloop
  endfacet
  facet normal 1 -0 0
    outer loop
      vertex 25.5 0 2.5
      vertex 25.5 3 2
      vertex 25.5 3 2.5
    endloop
  endfacet
  facet normal 1 0 0
    outer loop
      vertex 25.5 3 2
      vertex 25.5 0 2.5
      vertex 25.5 0 2
    endloop
  endfacet
  facet normal -0 0 1
    outer loop
      vertex 25 3 2.5
      vertex 25.5 0 2.5
      vertex 25.5 3 2.5
    endloop
  endfacet
  facet normal 0 0 1
    outer loop
      vertex 25.5 0 2.5
      vertex 25 3 2.5
      vertex 25 0 2.5
    endloop
  endfacet
  facet normal -1 0 0
    outer loop
      vertex 25 0 2
      vertex 25 3 2.5
      vertex 25 3 2
    endloop
  endfacet
  facet normal -1 -0 0
    outer loop
      vertex 25 3 2.5
      vertex 25 0 2
      vertex 25 0 2.5
    endloop
  endfacet
  facet normal 1 -0 0
    outer loop
      vertex 26.5 0 2.5
      vertex 26.5 3 2
      vertex 26.5 3 2.5
    endloop
  endfacet
  facet normal 1 0 0
    outer loop
      vertex 26.5 3 2
      vertex 26.5 0 2.5
      vertex 26.5 0 2
    endloop
  endfacet
  facet normal -0 0 1
    outer loop
      vertex 26 3 2.5
      vertex 26.5 0 2.5
      vertex 26.5 3 2.5
    endloop
  endfacet
  facet normal 0 0 1
    outer loop
      vertex 26.5 0 2.5
      vertex 26 3 2.5
      vertex 26 0 2.5
    endloop
  endfacet
  facet normal -1 0 0
    outer loop
      vertex 26 0 2
      vertex 26 3 2.5
      vertex 26 3 2
    endloop
  endfacet
  facet normal -1 -0 0
    outer loop
      vertex 26 3 2.5
      vertex 26 0 2
      vertex 26 0 2.5
    endloop
  endfacet
  facet normal 1 -0 0
    outer loop
      vertex 27.5 0 2.5
      vertex 27.5 3 2
      vertex 27.5 3 2.5
    endloop
  endfacet
  facet normal 1 0 0
    outer loop
      vertex 27.5 3 2
      vertex 27.5 0 2.5
      vertex 27.5 0 2
    endloop
  endfacet
  facet normal -0 0 1
    outer loop
      vertex 27 3 2.5
      vertex 27.5 0 2.5
      vertex 27.5 3 2.5
    endloop
  endfacet
  facet normal 0 0 1
    outer loop
      vertex 27.5 0 2.5
      vertex 27 3 2.5
      vertex 27 0 2.5
    endloop
  endfacet
  facet normal -1 0 0
    outer loop
      vertex 27 0 2
      vertex 27 3 2.5
      vertex 27 3 2
    endloop
  endfacet
  facet normal -1 -0 0
    outer loop
      vertex 27 3 2.5
      vertex 27 0 2
      vertex 27 0 2.5
    endloop
  endfacet
  facet normal 1 -0 0
    outer loop
      vertex 28.5 0 2.5
      vertex 28.5 3 2
      vertex 28.5 3 2.5
    endloop
  endfacet
  facet normal 1 0 0
    outer loop
      vertex 28.5 3 2
      vertex 28.5 0 2.5
      vertex 28.5 0 2
    endloop
  endfacet
  facet normal -0 0 1
    outer loop
      vertex 28 3 2.5
      vertex 28.5 0 2.5
      vertex 28.5 3 2.5
    endloop
  endfacet
  facet normal 0 0 1
    outer loop
      vertex 28.5 0 2.5
      vertex 28 3 2.5
      vertex 28 0 2.5
    endloop
  endfacet
  facet normal -1 0 0
    outer loop
      vertex 28 0 2
      vertex 28 3 2.5
      vertex 28 3 2
    endloop
  endfacet
  facet normal -1 -0 0
    outer loop
      vertex 28 3 2.5
      vertex 28 0 2
      vertex 28 0 2.5
    endloop
  endfacet
  facet normal 1 -0 0
    outer loop
      vertex 29.5 0 2.5
      vertex 29.5 3 2
      vertex 29.5 3 2.5
    endloop
  endfacet
  facet normal 1 0 0
    outer loop
      vertex 29.5 3 2
      vertex 29.5 0 2.5
      vertex 29.5 0 2
    endloop
  endfacet
  facet normal -0 0 1
    outer loop
      vertex 29 3 2.5
      vertex 29.5 0 2.5
      vertex 29.5 3 2.5
    endloop
  endfacet
  facet normal 0 0 1
    outer loop
      vertex 29.5 0 2.5
      vertex 29 3 2.5
      vertex 29 0 2.5
    endloop
  endfacet
  facet normal -1 0 0
    outer loop
      vertex 29 0 2
      vertex 29 3 2.5
      vertex 29 3 2
    endloop
  endfacet
  facet normal -1 -0 0
    outer loop
      vertex 29 3 2.5
      vertex 29 0 2
      vertex 29 0 2.5
    endloop
  endfacet
  facet normal 1 -0 0
    outer loop
      vertex 30.5 0 2.5
      vertex 30.5 3 2
      vertex 30.5 3 2.5
    endloop
  endfacet
  facet normal 1 0 0
    outer loop
      vertex 30.5 3 2
      vertex 30.5 0 2.5
      vertex 30.5 0 2
    endloop
  endfacet
  facet normal -0 0 1
    outer loop
      vertex 30 3 2.5
      vertex 30.5 0 2.5
      vertex 30.5 3 2.5
    endloop
  endfacet
  facet normal 0 0 1
    outer loop
      vertex 30.5 0 2.5
      vertex 30 3 2.5
      vertex 30 0 2.5
    endloop
  endfacet
  facet normal -1 0 0
    outer loop
      vertex 30 0 2
      vertex 30 3 2.5
      vertex 30 3 2
    endloop
  endfacet
  facet normal -1 -0 0
    outer loop
      vertex 30 3 2.5
      vertex 30 0 2
      vertex 30 0 2.5
    endloop
  endfacet
  facet normal 1 -0 0
    outer loop
      vertex 31.5 0 2.5
      vertex 31.5 3 2
      vertex 31.5 3 2.5
    endloop
  endfacet
  facet normal 1 0 0
    outer loop
      vertex 31.5 3 2
      vertex 31.5 0 2.5
      vertex 31.5 0 2
    endloop
  endfacet
  facet normal -0 0 1
    outer loop
      vertex 31 3 2.5
      vertex 31.5 0 2.5
      vertex 31.5 3 2.5
    endloop
  endfacet
  facet normal 0 0 1
    outer loop
      vertex 31.5 0 2.5
      vertex 31 3 2.5
      vertex 31 0 2.5
    endloop
  endfacet
  facet normal -1 0 0
    outer loop
      vertex 31 0 2
      vertex 31 3 2.5
      vertex 31 3 2
    endloop
  endfacet
  facet normal -1 -0 0
    outer loop
      vertex 31 3 2.5
      vertex 31 0 2
      vertex 31 0 2.5
    endloop
  endfacet
  facet normal 1 -0 0
    outer loop
      vertex 32.5 0 2.5
      vertex 32.5 3 2
      vertex 32.5 3 2.5
    endloop
  endfacet
  facet normal 1 0 0
    outer loop
      vertex 32.5 3 2
      vertex 32.5 0 2.5
      vertex 32.5 0 2
    endloop
  endfacet
  facet normal -0 0 1
    outer loop
      vertex 32 3 2.5
      vertex 32.5 0 2.5
      vertex 32.5 3 2.5
    endloop
  endfacet
  facet normal 0 0 1
    outer loop
      vertex 32.5 0 2.5
      vertex 32 3 2.5
      vertex 32 0 2.5
    endloop
  endfacet
  facet normal -1 0 0
    outer loop
      vertex 32 0 2
      vertex 32 3 2.5
      vertex 32 3 2
    endloop
  endfacet
  facet normal -1 -0 0
    outer loop
      vertex 32 3 2.5
      vertex 32 0 2
      vertex 32 0 2.5
    endloop
  endfacet
  facet normal 1 -0 0
    outer loop
      vertex 33.5 0 2.5
      vertex 33.5 3 2
      vertex 33.5 3 2.5
    endloop
  endfacet
  facet normal 1 0 0
    outer loop
      vertex 33.5 3 2
      vertex 33.5 0 2.5
      vertex 33.5 0 2
    endloop
  endfacet
  facet normal -0 0 1
    outer loop
      vertex 33 3 2.5
      vertex 33.5 0 2.5
      vertex 33.5 3 2.5
    endloop
  endfacet
  facet normal 0 0 1
    outer loop
      vertex 33.5 0 2.5
      vertex 33 3 2.5
      vertex 33 0 2.5
    endloop
  endfacet
  facet normal -1 0 0
    outer loop
      vertex 33 0 2
      vertex 33 3 2.5
      vertex 33 3 2
    endloop
  endfacet
  facet normal -1 -0 0
    outer loop
      vertex 33 3 2.5
      vertex 33 0 2
      vertex 33 0 2.5
    endloop
  endfacet
  facet normal 1 -0 0
    outer loop
      vertex 34.5 0 2.5
      vertex 34.5 3 2
      vertex 34.5 3 2.5
    endloop
  endfacet
  facet normal 1 0 0
    outer loop
      vertex 34.5 3 2
      vertex 34.5 0 2.5
      vertex 34.5 0 2
    endloop
  endfacet
  facet normal -0 0 1
    outer loop
      vertex 34 3 2.5
      vertex 34.5 0 2.5
      vertex 34.5 3 2.5
    endloop
  endfacet
  facet normal 0 0 1
    outer loop
      vertex 34.5 0 2.5
      vertex 34 3 2.5
      vertex 34 0 2.5
    endloop
  endfacet
  facet normal -1 0 0
    outer loop
      vertex 34 0 2
      vertex 34 3 2.5
      vertex 34 3 2
    endloop
  endfacet
  facet normal -1 -0 0
    outer loop
      vertex 34 3 2.5
      vertex 34 0 2
      vertex 34 0 2.5
    endloop
  endfacet
  facet normal 1 -0 0
    outer loop
      vertex 35.5 0 2.5
      vertex 35.5 3 2
      vertex 35.5 3 2.5
    endloop
  endfacet
  facet normal 1 0 0
    outer loop
      vertex 35.5 3 2
      vertex 35.5 0 2.5
      vertex 35.5 0 2
    endloop
  endfacet
  facet normal -0 0 1
    outer loop
      vertex 35 3 2.5
      vertex 35.5 0 2.5
      vertex 35.5 3 2.5
    endloop
  endfacet
  facet normal 0 0 1
    outer loop
      vertex 35.5 0 2.5
      vertex 35 3 2.5
      vertex 35 0 2.5
    endloop
  endfacet
  facet normal -1 0 0
    outer loop
      vertex 35 0 2
      vertex 35 3 2.5
      vertex 35 3 2
    endloop
  endfacet
  facet normal -1 -0 0
    outer loop
      vertex 35 3 2.5
      vertex 35 0 2
      vertex 35 0 2.5
    endloop
  endfacet
  facet normal 1 -0 0
    outer loop
      vertex 36.5 0 2.5
      vertex 36.5 3 2
      vertex 36.5 3 2.5
    endloop
  endfacet
  facet normal 1 0 0
    outer loop
      vertex 36.5 3 2
      vertex 36.5 0 2.5
      vertex 36.5 0 2
    endloop
  endfacet
  facet normal -0 0 1
    outer loop
      vertex 36 3 2.5
      vertex 36.5 0 2.5
      vertex 36.5 3 2.5
    endloop
  endfacet
  facet normal 0 0 1
    outer loop
      vertex 36.5 0 2.5
      vertex 36 3 2.5
      vertex 36 0 2.5
    endloop
  endfacet
  facet normal -1 0 0
    outer loop
      vertex 36 0 2
      vertex 36 3 2.5
      vertex 36 3 2
    endloop
  endfacet
  facet normal -1 -0 0
    outer loop
      vertex 36 3 2.5
      vertex 36 0 2
      vertex 36 0 2.5
    endloop
  endfacet
  facet normal 1 -0 0
    outer loop
      vertex 37.5 0 2.5
      vertex 37.5 3 2
      vertex 37.5 3 2.5
    endloop
  endfacet
  facet normal 1 0 0
    outer loop
      vertex 37.5 3 2
      vertex 37.5 0 2.5
      vertex 37.5 0 2
    endloop
  endfacet
  facet normal -0 0 1
    outer loop
      vertex 37 3 2.5
      vertex 37.5 0 2.5
      vertex 37.5 3 2.5
    endloop
  endfacet
  facet normal 0 0 1
    outer loop
      vertex 37.5 0 2.5
      vertex 37 3 2.5
      vertex 37 0 2.5
    endloop
  endfacet
  facet normal -1 0 0
    outer loop
      vertex 37 0 2
      vertex 37 3 2.5
      vertex 37 3 2
    endloop
  endfacet
  facet normal -1 -0 0
    outer loop
      vertex 37 3 2.5
      vertex 37 0 2
      vertex 37 0 2.5
    endloop
  endfacet
  facet normal 1 -0 0
    outer loop
      vertex 38.5 0 2.5
      vertex 38.5 3 2
      vertex 38.5 3 2.5
    endloop
  endfacet
  facet normal 1 0 0
    outer loop
      vertex 38.5 3 2
      vertex 38.5 0 2.5
      vertex 38.5 0 2
    endloop
  endfacet
  facet normal -0 0 1
    outer loop
      vertex 38 3 2.5
      vertex 38.5 0 2.5
      vertex 38.5 3 2.5
    endloop
  endfacet
  facet normal 0 0 1
    outer loop
      vertex 38.5 0 2.5
      vertex 38 3 2.5
      vertex 38 0 2.5
    endloop
  endfacet
  facet normal -1 0 0
    outer loop
      vertex 38 0 2
      vertex 38 3 2.5
      vertex 38 3 2
    endloop
  endfacet
  facet normal -1 -0 0
    outer loop
      vertex 38 3 2.5
      vertex 38 0 2
      vertex 38 0 2.5
    endloop
  endfacet
  facet normal 1 -0 0
    outer loop
      vertex 39.5 0 2.5
      vertex 39.5 3 2
      vertex 39.5 3 2.5
    endloop
  endfacet
  facet normal 1 0 0
    outer loop
      vertex 39.5 3 2
      vertex 39.5 0 2.5
      vertex 39.5 0 2
    endloop
  endfacet
  facet normal -0 0 1
    outer loop
      vertex 39 3 2.5
      vertex 39.5 0 2.5
      vertex 39.5 3 2.5
    endloop
  endfacet
  facet normal 0 0 1
    outer loop
      vertex 39.5 0 2.5
      vertex 39 3 2.5
      vertex 39 0 2.5
    endloop
  endfacet
  facet normal -1 0 0
    outer loop
      vertex 39 0 2
      vertex 39 3 2.5
      vertex 39 3 2
    endloop
  endfacet
  facet normal -1 -0 0
    outer loop
      vertex 39 3 2.5
      vertex 39 0 2
      vertex 39 0 2.5
    endloop
  endfacet
  facet normal 1 -0 0
    outer loop
      vertex 40.5 0 2.5
      vertex 40.5 3 2
      vertex 40.5 3 2.5
    endloop
  endfacet
  facet normal 1 0 0
    outer loop
      vertex 40.5 3 2
      vertex 40.5 0 2.5
      vertex 40.5 0 2
    endloop
  endfacet
  facet normal -0 0 1
    outer loop
      vertex 40 3 2.5
      vertex 40.5 0 2.5
      vertex 40.5 3 2.5
    endloop
  endfacet
  facet normal 0 0 1
    outer loop
      vertex 40.5 0 2.5
      vertex 40 3 2.5
      vertex 40 0 2.5
    endloop
  endfacet
  facet normal -1 0 0
    outer loop
      vertex 40 0 2
      vertex 40 3 2.5
      vertex 40 3 2
    endloop
  endfacet
  facet normal -1 -0 0
    outer loop
      vertex 40 3 2.5
      vertex 40 0 2
      vertex 40 0 2.5
    endloop
  endfacet
  facet normal 1 -0 0
    outer loop
      vertex 41.5 0 2.5
      vertex 41.5 3 2
      vertex 41.5 3 2.5
    endloop
  endfacet
  facet normal 1 0 0
    outer loop
      vertex 41.5 3 2
      vertex 41.5 0 2.5
      vertex 41.5 0 2
    endloop
  endfacet
  facet normal -0 0 1
    outer loop
      vertex 41 3 2.5
      vertex 41.5 0 2.5
      vertex 41.5 3 2.5
    endloop
  endfacet
  facet normal 0 0 1
    outer loop
      vertex 41.5 0 2.5
      vertex 41 3 2.5
      vertex 41 0 2.5
    endloop
  endfacet
  facet normal -1 0 0
    outer loop
      vertex 41 0 2
      vertex 41 3 2.5
      vertex 41 3 2
    endloop
  endfacet
  facet normal -1 -0 0
    outer loop
      vertex 41 3 2.5
      vertex 41 0 2
      vertex 41 0 2.5
    endloop
  endfacet
  facet normal 1 -0 0
    outer loop
      vertex 42.5 0 2.5
      vertex 42.5 3 2
      vertex 42.5 3 2.5
    endloop
  endfacet
  facet normal 1 0 0
    outer loop
      vertex 42.5 3 2
      vertex 42.5 0 2.5
      vertex 42.5 0 2
    endloop
  endfacet
  facet normal -0 0 1
    outer loop
      vertex 42 3 2.5
      vertex 42.5 0 2.5
      vertex 42.5 3 2.5
    endloop
  endfacet
  facet normal 0 0 1
    outer loop
      vertex 42.5 0 2.5
      vertex 42 3 2.5
      vertex 42 0 2.5
    endloop
  endfacet
  facet normal -1 0 0
    outer loop
      vertex 42 0 2
      vertex 42 3 2.5
      vertex 42 3 2
    endloop
  endfacet
  facet normal -1 -0 0
    outer loop
      vertex 42 3 2.5
      vertex 42 0 2
      vertex 42 0 2.5
    endloop
  endfacet
  facet normal 1 -0 0
    outer loop
      vertex 43.5 0 2.5
      vertex 43.5 3 2
      vertex 43.5 3 2.5
    endloop
  endfacet
  facet normal 1 0 0
    outer loop
      vertex 43.5 3 2
      vertex 43.5 0 2.5
      vertex 43.5 0 2
    endloop
  endfacet
  facet normal -0 0 1
    outer loop
      vertex 43 3 2.5
      vertex 43.5 0 2.5
      vertex 43.5 3 2.5
    endloop
  endfacet
  facet normal 0 0 1
    outer loop
      vertex 43.5 0 2.5
      vertex 43 3 2.5
      vertex 43 0 2.5
    endloop
  endfacet
  facet normal -1 0 0
    outer loop
      vertex 43 0 2
      vertex 43 3 2.5
      vertex 43 3 2
    endloop
  endfacet
  facet normal -1 -0 0
    outer loop
      vertex 43 3 2.5
      vertex 43 0 2
      vertex 43 0 2.5
    endloop
  endfacet
  facet normal 1 -0 0
    outer loop
      vertex 44.5 0 2.5
      vertex 44.5 3 2
      vertex 44.5 3 2.5
    endloop
  endfacet
  facet normal 1 0 0
    outer loop
      vertex 44.5 3 2
      vertex 44.5 0 2.5
      vertex 44.5 0 2
    endloop
  endfacet
  facet normal -0 0 1
    outer loop
      vertex 44 3 2.5
      vertex 44.5 0 2.5
      vertex 44.5 3 2.5
    endloop
  endfacet
  facet normal 0 0 1
    outer loop
      vertex 44.5 0 2.5
      vertex 44 3 2.5
      vertex 44 0 2.5
    endloop
  endfacet
  facet normal -1 0 0
    outer loop
      vertex 44 0 2
      vertex 44 3 2.5
      vertex 44 3 2
    endloop
  endfacet
  facet normal -1 -0 0
    outer loop
      vertex 44 3 2.5
      vertex 44 0 2
      vertex 44 0 2.5
    endloop
  endfacet
  facet normal 1 -0 0
    outer loop
      vertex 45.5 0 2.5
      vertex 45.5 3 2
      vertex 45.5 3 2.5
    endloop
  endfacet
  facet normal 1 0 0
    outer loop
      vertex 45.5 3 2
      vertex 45.5 0 2.5
      vertex 45.5 0 2
    endloop
  endfacet
  facet normal -0 0 1
    outer loop
      vertex 45 3 2.5
      vertex 45.5 0 2.5
      vertex 45.5 3 2.5
    endloop
  endfacet
  facet normal 0 0 1
    outer loop
      vertex 45.5 0 2.5
      vertex 45 3 2.5
      vertex 45 0 2.5
    endloop
  endfacet
  facet normal -1 0 0
    outer loop
      vertex 45 0 2
      vertex 45 3 2.5
      vertex 45 3 2
    endloop
  endfacet
  facet normal -1 -0 0
    outer loop
      vertex 45 3 2.5
      vertex 45 0 2
      vertex 45 0 2.5
    endloop
  endfacet
  facet normal 1 -0 0
    outer loop
      vertex 46.5 0 2.5
      vertex 46.5 3 2
      vertex 46.5 3 2.5
    endloop
  endfacet
  facet normal 1 0 0
    outer loop
      vertex 46.5 3 2
      vertex 46.5 0 2.5
      vertex 46.5 0 2
    endloop
  endfacet
  facet normal -0 0 1
    outer loop
      vertex 46 3 2.5
      vertex 46.5 0 2.5
      vertex 46.5 3 2.5
    endloop
  endfacet
  facet normal 0 0 1
    outer loop
      vertex 46.5 0 2.5
      vertex 46 3 2.5
      vertex 46 0 2.5
    endloop
  endfacet
  facet normal -1 0 0
    outer loop
      vertex 46 0 2
      vertex 46 3 2.5
      vertex 46 3 2
    endloop
  endfacet
  facet normal -1 -0 0
    outer loop
      vertex 46 3 2.5
      vertex 46 0 2
      vertex 46 0 2.5
    endloop
  endfacet
  facet normal 1 -0 0
    outer loop
      vertex 47.5 0 2.5
      vertex 47.5 3 2
      vertex 47.5 3 2.5
    endloop
  endfacet
  facet normal 1 0 0
    outer loop
      vertex 47.5 3 2
      vertex 47.5 0 2.5
      vertex 47.5 0 2
    endloop
  endfacet
  facet normal -0 0 1
    outer loop
      vertex 47 3 2.5
      vertex 47.5 0 2.5
      vertex 47.5 3 2.5
    endloop
  endfacet
  facet normal 0 0 1
    outer loop
      vertex 47.5 0 2.5
      vertex 47 3 2.5
      vertex 47 0 2.5
    endloop
  endfacet
  facet normal -1 0 0
    outer loop
      vertex 47 0 2
      vertex 47 3 2.5
      vertex 47 3 2
    endloop
  endfacet
  facet normal -1 -0 0
    outer loop
      vertex 47 3 2.5
      vertex 47 0 2
      vertex 47 0 2.5
    endloop
  endfacet
  facet normal 1 -0 0
    outer loop
      vertex 48.5 0 2.5
      vertex 48.5 3 2
      vertex 48.5 3 2.5
    endloop
  endfacet
  facet normal 1 0 0
    outer loop
      vertex 48.5 3 2
      vertex 48.5 0 2.5
      vertex 48.5 0 2
    endloop
  endfacet
  facet normal -0 0 1
    outer loop
      vertex 48 3 2.5
      vertex 48.5 0 2.5
      vertex 48.5 3 2.5
    endloop
  endfacet
  facet normal 0 0 1
    outer loop
      vertex 48.5 0 2.5
      vertex 48 3 2.5
      vertex 48 0 2.5
    endloop
  endfacet
  facet normal -1 0 0
    outer loop
      vertex 48 0 2
      vertex 48 3 2.5
      vertex 48 3 2
    endloop
  endfacet
  facet normal -1 -0 0
    outer loop
      vertex 48 3 2.5
      vertex 48 0 2
      vertex 48 0 2.5
    endloop
  endfacet
  facet normal 1 -0 0
    outer loop
      vertex 49.5 0 2.5
      vertex 49.5 3 2
      vertex 49.5 3 2.5
    endloop
  endfacet
  facet normal 1 0 0
    outer loop
      vertex 49.5 3 2
      vertex 49.5 0 2.5
      vertex 49.5 0 2
    endloop
  endfacet
  facet normal -0 0 1
    outer loop
      vertex 49 3 2.5
      vertex 49.5 0 2.5
      vertex 49.5 3 2.5
    endloop
  endfacet
  facet normal 0 0 1
    outer loop
      vertex 49.5 0 2.5
      vertex 49 3 2.5
      vertex 49 0 2.5
    endloop
  endfacet
  facet normal -1 0 0
    outer loop
      vertex 49 0 2
      vertex 49 3 2.5
      vertex 49 3 2
    endloop
  endfacet
  facet normal -1 -0 0
    outer loop
      vertex 49 3 2.5
      vertex 49 0 2
      vertex 49 0 2.5
    endloop
  endfacet
  facet normal 1 -0 0
    outer loop
      vertex 50.5 0 2.5
      vertex 50.5 3 2
      vertex 50.5 3 2.5
    endloop
  endfacet
  facet normal 1 0 0
    outer loop
      vertex 50.5 3 2
      vertex 50.5 0 2.5
      vertex 50.5 0 2
    endloop
  endfacet
  facet normal -0 0 1
    outer loop
      vertex 50 3 2.5
      vertex 50.5 0 2.5
      vertex 50.5 3 2.5
    endloop
  endfacet
  facet normal 0 0 1
    outer loop
      vertex 50.5 0 2.5
      vertex 50 3 2.5
      vertex 50 0 2.5
    endloop
  endfacet
  facet normal -1 0 0
    outer loop
      vertex 50 0 2
      vertex 50 3 2.5
      vertex 50 3 2
    endloop
  endfacet
  facet normal -1 -0 0
    outer loop
      vertex 50 3 2.5
      vertex 50 0 2
      vertex 50 0 2.5
    endloop
  endfacet
  facet normal 1 -0 0
    outer loop
      vertex 51.5 0 2.5
      vertex 51.5 3 2
      vertex 51.5 3 2.5
    endloop
  endfacet
  facet normal 1 0 0
    outer loop
      vertex 51.5 3 2
      vertex 51.5 0 2.5
      vertex 51.5 0 2
    endloop
  endfacet
  facet normal -0 0 1
    outer loop
      vertex 51 3 2.5
      vertex 51.5 0 2.5
      vertex 51.5 3 2.5
    endloop
  endfacet
  facet normal 0 0 1
    outer loop
      vertex 51.5 0 2.5
      vertex 51 3 2.5
      vertex 51 0 2.5
    endloop
  endfacet
  facet normal -1 0 0
    outer loop
      vertex 51 0 2
      vertex 51 3 2.5
      vertex 51 3 2
    endloop
  endfacet
  facet normal -1 -0 0
    outer loop
      vertex 51 3 2.5
      vertex 51 0 2
      vertex 51 0 2.5
    endloop
  endfacet
  facet normal 1 -0 0
    outer loop
      vertex 52.5 0 2.5
      vertex 52.5 3 2
      vertex 52.5 3 2.5
    endloop
  endfacet
  facet normal 1 0 0
    outer loop
      vertex 52.5 3 2
      vertex 52.5 0 2.5
      vertex 52.5 0 2
    endloop
  endfacet
  facet normal -0 0 1
    outer loop
      vertex 52 3 2.5
      vertex 52.5 0 2.5
      vertex 52.5 3 2.5
    endloop
  endfacet
  facet normal 0 0 1
    outer loop
      vertex 52.5 0 2.5
      vertex 52 3 2.5
      vertex 52 0 2.5
    endloop
  endfacet
  facet normal -1 0 0
    outer loop
      vertex 52 0 2
      vertex 52 3 2.5
      vertex 52 3 2
    endloop
  endfacet
  facet normal -1 -0 0
    outer loop
      vertex 52 3 2.5
      vertex 52 0 2
      vertex 52 0 2.5
    endloop
  endfacet
  facet normal 1 -0 0
    outer loop
      vertex 53.5 0 2.5
      vertex 53.5 3 2
      vertex 53.5 3 2.5
    endloop
  endfacet
  facet normal 1 0 0
    outer loop
      vertex 53.5 3 2
      vertex 53.5 0 2.5
      vertex 53.5 0 2
    endloop
  endfacet
  facet normal -0 0 1
    outer loop
      vertex 53 3 2.5
      vertex 53.5 0 2.5
      vertex 53.5 3 2.5
    endloop
  endfacet
  facet normal 0 0 1
    outer loop
      vertex 53.5 0 2.5
      vertex 53 3 2.5
      vertex 53 0 2.5
    endloop
  endfacet
  facet normal -1 0 0
    outer loop
      vertex 53 0 2
      vertex 53 3 2.5
      vertex 53 3 2
    endloop
  endfacet
  facet normal -1 -0 0
    outer loop
      vertex 53 3 2.5
      vertex 53 0 2
      vertex 53 0 2.5
    endloop
  endfacet
  facet normal 1 -0 0
    outer loop
      vertex 54.5 0 2.5
      vertex 54.5 3 2
      vertex 54.5 3 2.5
    endloop
  endfacet
  facet normal 1 0 0
    outer loop
      vertex 54.5 3 2
      vertex 54.5 0 2.5
      vertex 54.5 0 2
    endloop
  endfacet
  facet normal -0 0 1
    outer loop
      vertex 54 3 2.5
      vertex 54.5 0 2.5
      vertex 54.5 3 2.5
    endloop
  endfacet
  facet normal 0 0 1
    outer loop
      vertex 54.5 0 2.5
      vertex 54 3 2.5
      vertex 54 0 2.5
    endloop
  endfacet
  facet normal -1 0 0
    outer loop
      vertex 54 0 2
      vertex 54 3 2.5
      vertex 54 3 2
    endloop
  endfacet
  facet normal -1 -0 0
    outer loop
      vertex 54 3 2.5
      vertex 54 0 2
      vertex 54 0 2.5
    endloop
  endfacet
  facet normal 1 -0 0
    outer loop
      vertex 55.5 0 2.5
      vertex 55.5 3 2
      vertex 55.5 3 2.5
    endloop
  endfacet
  facet normal 1 0 0
    outer loop
      vertex 55.5 3 2
      vertex 55.5 0 2.5
      vertex 55.5 0 2
    endloop
  endfacet
  facet normal -0 0 1
    outer loop
      vertex 55 3 2.5
      vertex 55.5 0 2.5
      vertex 55.5 3 2.5
    endloop
  endfacet
  facet normal 0 0 1
    outer loop
      vertex 55.5 0 2.5
      vertex 55 3 2.5
      vertex 55 0 2.5
    endloop
  endfacet
  facet normal -1 0 0
    outer loop
      vertex 55 0 2
      vertex 55 3 2.5
      vertex 55 3 2
    endloop
  endfacet
  facet normal -1 -0 0
    outer loop
      vertex 55 3 2.5
      vertex 55 0 2
      vertex 55 0 2.5
    endloop
  endfacet
  facet normal 1 -0 0
    outer loop
      vertex 56.5 0 2.5
      vertex 56.5 3 2
      vertex 56.5 3 2.5
    endloop
  endfacet
  facet normal 1 0 0
    outer loop
      vertex 56.5 3 2
      vertex 56.5 0 2.5
      vertex 56.5 0 2
    endloop
  endfacet
  facet normal -0 0 1
    outer loop
      vertex 56 3 2.5
      vertex 56.5 0 2.5
      vertex 56.5 3 2.5
    endloop
  endfacet
  facet normal 0 0 1
    outer loop
      vertex 56.5 0 2.5
      vertex 56 3 2.5
      vertex 56 0 2.5
    endloop
  endfacet
  facet normal -1 0 0
    outer loop
      vertex 56 0 2
      vertex 56 3 2.5
      vertex 56 3 2
    endloop
  endfacet
  facet normal -1 -0 0
    outer loop
      vertex 56 3 2.5
      vertex 56 0 2
      vertex 56 0 2.5
    endloop
  endfacet
  facet normal 1 -0 0
    outer loop
      vertex 57.5 0 2.5
      vertex 57.5 3 2
      vertex 57.5 3 2.5
    endloop
  endfacet
  facet normal 1 0 0
    outer loop
      vertex 57.5 3 2
      vertex 57.5 0 2.5
      vertex 57.5 0 2
    endloop
  endfacet
  facet normal -0 0 1
    outer loop
      vertex 57 3 2.5
      vertex 57.5 0 2.5
      vertex 57.5 3 2.5
    endloop
  endfacet
  facet normal 0 0 1
    outer loop
      vertex 57.5 0 2.5
      vertex 57 3 2.5
      vertex 57 0 2.5
    endloop
  endfacet
  facet normal -1 0 0
    outer loop
      vertex 57 0 2
      vertex 57 3 2.5
      vertex 57 3 2
    endloop
  endfacet
  facet normal -1 -0 0
    outer loop
      vertex 57 3 2.5
      vertex 57 0 2
      vertex 57 0 2.5
    endloop
  endfacet
  facet normal 1 -0 0
    outer loop
      vertex 58.5 0 2.5
      vertex 58.5 3 2
      vertex 58.5 3 2.5
    endloop
  endfacet
  facet normal 1 0 0
    outer loop
      vertex 58.5 3 2
      vertex 58.5 0 2.5
      vertex 58.5 0 2
    endloop
  endfacet
  facet normal -0 0 1
    outer loop
      vertex 58 3 2.5
      vertex 58.5 0 2.5
      vertex 58.5 3 2.5
    endloop
  endfacet
  facet normal 0 0 1
    outer loop
      vertex 58.5 0 2.5
      vertex 58 3 2.5
      vertex 58 0 2.5
    endloop
  endfacet
  facet normal -1 0 0
    outer loop
      vertex 58 0 2
      vertex 58 3 2.5
      vertex 58 3 2
    endloop
  endfacet
  facet normal -1 -0 0
    outer loop
      vertex 58 3 2.5
      vertex 58 0 2
      vertex 58 0 2.5
    endloop
  endfacet
  facet normal 1 -0 0
    outer loop
      vertex 59.5 0 2.5
      vertex 59.5 3 2
      vertex 59.5 3 2.5
    endloop
  endfacet
  facet normal 1 0 0
    outer loop
      vertex 59.5 3 2
      vertex 59.5 0 2.5
      vertex 59.5 0 2
    endloop
  endfacet
  facet normal -0 0 1
    outer loop
      vertex 59 3 2.5
      vertex 59.5 0 2.5
      vertex 59.5 3 2.5
    endloop
  endfacet
  facet normal 0 0 1
    outer loop
      vertex 59.5 0 2.5
      vertex 59 3 2.5
      vertex 59 0 2.5
    endloop
  endfacet
  facet normal -1 0 0
    outer loop
      vertex 59 0 2
      vertex 59 3 2.5
      vertex 59 3 2
    endloop
  endfacet
  facet normal -1 -0 0
    outer loop
      vertex 59 3 2.5
      vertex 59 0 2
      vertex 59 0 2.5
    endloop
  endfacet
  facet normal 1 -0 0
    outer loop
      vertex 60.5 0 2.5
      vertex 60.5 3 2
      vertex 60.5 3 2.5
    endloop
  endfacet
  facet normal 1 0 0
    outer loop
      vertex 60.5 3 2
      vertex 60.5 0 2.5
      vertex 60.5 0 2
    endloop
  endfacet
  facet normal -0 0 1
    outer loop
      vertex 60 3 2.5
      vertex 60.5 0 2.5
      vertex 60.5 3 2.5
    endloop
  endfacet
  facet normal 0 0 1
    outer loop
      vertex 60.5 0 2.5
      vertex 60 3 2.5
      vertex 60 0 2.5
    endloop
  endfacet
  facet normal -1 0 0
    outer loop
      vertex 60 0 2
      vertex 60 3 2.5
      vertex 60 3 2
    endloop
  endfacet
  facet normal -1 -0 0
    outer loop
      vertex 60 3 2.5
      vertex 60 0 2
      vertex 60 0 2.5
    endloop
  endfacet
  facet normal 1 -0 0
    outer loop
      vertex 61.5 0 2.5
      vertex 61.5 3 2
      vertex 61.5 3 2.5
    endloop
  endfacet
  facet normal 1 0 0
    outer loop
      vertex 61.5 3 2
      vertex 61.5 0 2.5
      vertex 61.5 0 2
    endloop
  endfacet
  facet normal -0 0 1
    outer loop
      vertex 61 3 2.5
      vertex 61.5 0 2.5
      vertex 61.5 3 2.5
    endloop
  endfacet
  facet normal 0 0 1
    outer loop
      vertex 61.5 0 2.5
      vertex 61 3 2.5
      vertex 61 0 2.5
    endloop
  endfacet
  facet normal -1 0 0
    outer loop
      vertex 61 0 2
      vertex 61 3 2.5
      vertex 61 3 2
    endloop
  endfacet
  facet normal -1 -0 0
    outer loop
      vertex 61 3 2.5
      vertex 61 0 2
      vertex 61 0 2.5
    endloop
  endfacet
  facet normal 1 -0 0
    outer loop
      vertex 62.5 0 2.5
      vertex 62.5 3 2
      vertex 62.5 3 2.5
    endloop
  endfacet
  facet normal 1 0 0
    outer loop
      vertex 62.5 3 2
      vertex 62.5 0 2.5
      vertex 62.5 0 2
    endloop
  endfacet
  facet normal -0 0 1
    outer loop
      vertex 62 3 2.5
      vertex 62.5 0 2.5
      vertex 62.5 3 2.5
    endloop
  endfacet
  facet normal 0 0 1
    outer loop
      vertex 62.5 0 2.5
      vertex 62 3 2.5
      vertex 62 0 2.5
    endloop
  endfacet
  facet normal -1 0 0
    outer loop
      vertex 62 0 2
      vertex 62 3 2.5
      vertex 62 3 2
    endloop
  endfacet
  facet normal -1 -0 0
    outer loop
      vertex 62 3 2.5
      vertex 62 0 2
      vertex 62 0 2.5
    endloop
  endfacet
  facet normal 1 -0 0
    outer loop
      vertex 63.5 0 2.5
      vertex 63.5 3 2
      vertex 63.5 3 2.5
    endloop
  endfacet
  facet normal 1 0 0
    outer loop
      vertex 63.5 3 2
      vertex 63.5 0 2.5
      vertex 63.5 0 2
    endloop
  endfacet
  facet normal -0 0 1
    outer loop
      vertex 63 3 2.5
      vertex 63.5 0 2.5
      vertex 63.5 3 2.5
    endloop
  endfacet
  facet normal 0 0 1
    outer loop
      vertex 63.5 0 2.5
      vertex 63 3 2.5
      vertex 63 0 2.5
    endloop
  endfacet
  facet normal -1 0 0
    outer loop
      vertex 63 0 2
      vertex 63 3 2.5
      vertex 63 3 2
    endloop
  endfacet
  facet normal -1 -0 0
    outer loop
      vertex 63 3 2.5
      vertex 63 0 2
      vertex 63 0 2.5
    endloop
  endfacet
  facet normal 1 -0 0
    outer loop
      vertex 64.5 0 2.5
      vertex 64.5 3 2
      vertex 64.5 3 2.5
    endloop
  endfacet
  facet normal 1 0 0
    outer loop
      vertex 64.5 3 2
      vertex 64.5 0 2.5
      vertex 64.5 0 2
    endloop
  endfacet
  facet normal -0 0 1
    outer loop
      vertex 64 3 2.5
      vertex 64.5 0 2.5
      vertex 64.5 3 2.5
    endloop
  endfacet
  facet normal 0 0 1
    outer loop
      vertex 64.5 0 2.5
      vertex 64 3 2.5
      vertex 64 0 2.5
    endloop
  endfacet
  facet normal -1 0 0
    outer loop
      vertex 64 0 2
      vertex 64 3 2.5
      vertex 64 3 2
    endloop
  endfacet
  facet normal -1 -0 0
    outer loop
      vertex 64 3 2.5
      vertex 64 0 2
      vertex 64 0 2.5
    endloop
  endfacet
  facet normal 1 -0 0
    outer loop
      vertex 65.5 0 2.5
      vertex 65.5 3 2
      vertex 65.5 3 2.5
    endloop
  endfacet
  facet normal 1 0 0
    outer loop
      vertex 65.5 3 2
      vertex 65.5 0 2.5
      vertex 65.5 0 2
    endloop
  endfacet
  facet normal -0 0 1
    outer loop
      vertex 65 3 2.5
      vertex 65.5 0 2.5
      vertex 65.5 3 2.5
    endloop
  endfacet
  facet normal 0 0 1
    outer loop
      vertex 65.5 0 2.5
      vertex 65 3 2.5
      vertex 65 0 2.5
    endloop
  endfacet
  facet normal -1 0 0
    outer loop
      vertex 65 0 2
      vertex 65 3 2.5
      vertex 65 3 2
    endloop
  endfacet
  facet normal -1 -0 0
    outer loop
      vertex 65 3 2.5
      vertex 65 0 2
      vertex 65 0 2.5
    endloop
  endfacet
  facet normal 1 -0 0
    outer loop
      vertex 66.5 0 2.5
      vertex 66.5 3 2
      vertex 66.5 3 2.5
    endloop
  endfacet
  facet normal 1 0 0
    outer loop
      vertex 66.5 3 2
      vertex 66.5 0 2.5
      vertex 66.5 0 2
    endloop
  endfacet
  facet normal -0 0 1
    outer loop
      vertex 66 3 2.5
      vertex 66.5 0 2.5
      vertex 66.5 3 2.5
    endloop
  endfacet
  facet normal 0 0 1
    outer loop
      vertex 66.5 0 2.5
      vertex 66 3 2.5
      vertex 66 0 2.5
    endloop
  endfacet
  facet normal -1 0 0
    outer loop
      vertex 66 0 2
      vertex 66 3 2.5
      vertex 66 3 2
    endloop
  endfacet
  facet normal -1 -0 0
    outer loop
      vertex 66 3 2.5
      vertex 66 0 2
      vertex 66 0 2.5
    endloop
  endfacet
  facet normal 1 -0 0
    outer loop
      vertex 67.5 0 2.5
      vertex 67.5 3 2
      vertex 67.5 3 2.5
    endloop
  endfacet
  facet normal 1 0 0
    outer loop
      vertex 67.5 3 2
      vertex 67.5 0 2.5
      vertex 67.5 0 2
    endloop
  endfacet
  facet normal -0 0 1
    outer loop
      vertex 67 3 2.5
      vertex 67.5 0 2.5
      vertex 67.5 3 2.5
    endloop
  endfacet
  facet normal 0 0 1
    outer loop
      vertex 67.5 0 2.5
      vertex 67 3 2.5
      vertex 67 0 2.5
    endloop
  endfacet
  facet normal -1 0 0
    outer loop
      vertex 67 0 2
      vertex 67 3 2.5
      vertex 67 3 2
    endloop
  endfacet
  facet normal -1 -0 0
    outer loop
      vertex 67 3 2.5
      vertex 67 0 2
      vertex 67 0 2.5
    endloop
  endfacet
  facet normal 1 -0 0
    outer loop
      vertex 68.5 0 2.5
      vertex 68.5 3 2
      vertex 68.5 3 2.5
    endloop
  endfacet
  facet normal 1 0 0
    outer loop
      vertex 68.5 3 2
      vertex 68.5 0 2.5
      vertex 68.5 0 2
    endloop
  endfacet
  facet normal -0 0 1
    outer loop
      vertex 68 3 2.5
      vertex 68.5 0 2.5
      vertex 68.5 3 2.5
    endloop
  endfacet
  facet normal 0 0 1
    outer loop
      vertex 68.5 0 2.5
      vertex 68 3 2.5
      vertex 68 0 2.5
    endloop
  endfacet
  facet normal -1 0 0
    outer loop
      vertex 68 0 2
      vertex 68 3 2.5
      vertex 68 3 2
    endloop
  endfacet
  facet normal -1 -0 0
    outer loop
      vertex 68 3 2.5
      vertex 68 0 2
      vertex 68 0 2.5
    endloop
  endfacet
  facet normal 1 -0 0
    outer loop
      vertex 69.5 0 2.5
      vertex 69.5 3 2
      vertex 69.5 3 2.5
    endloop
  endfacet
  facet normal 1 0 0
    outer loop
      vertex 69.5 3 2
      vertex 69.5 0 2.5
      vertex 69.5 0 2
    endloop
  endfacet
  facet normal -0 0 1
    outer loop
      vertex 69 3 2.5
      vertex 69.5 0 2.5
      vertex 69.5 3 2.5
    endloop
  endfacet
  facet normal 0 0 1
    outer loop
      vertex 69.5 0 2.5
      vertex 69 3 2.5
      vertex 69 0 2.5
    endloop
  endfacet
  facet normal -1 0 0
    outer loop
      vertex 69 0 2
      vertex 69 3 2.5
      vertex 69 3 2
    endloop
  endfacet
  facet normal -1 -0 0
    outer loop
      vertex 69 3 2.5
      vertex 69 0 2
      vertex 69 0 2.5
    endloop
  endfacet
  facet normal 1 -0 0
    outer loop
      vertex 70.5 0 2.5
      vertex 70.5 3 2
      vertex 70.5 3 2.5
    endloop
  endfacet
  facet normal 1 0 0
    outer loop
      vertex 70.5 3 2
      vertex 70.5 0 2.5
      vertex 70.5 0 2
    endloop
  endfacet
  facet normal -0 0 1
    outer loop
      vertex 70 3 2.5
      vertex 70.5 0 2.5
      vertex 70.5 3 2.5
    endloop
  endfacet
  facet normal 0 0 1
    outer loop
      vertex 70.5 0 2.5
      vertex 70 3 2.5
      vertex 70 0 2.5
    endloop
  endfacet
  facet normal -1 0 0
    outer loop
      vertex 70 0 2
      vertex 70 3 2.5
      vertex 70 3 2
    endloop
  endfacet
  facet normal -1 -0 0
    outer loop
      vertex 70 3 2.5
      vertex 70 0 2
      vertex 70 0 2.5
    endloop
  endfacet
  facet normal 1 -0 0
    outer loop
      vertex 71.5 0 2.5
      vertex 71.5 3 2
      vertex 71.5 3 2.5
    endloop
  endfacet
  facet normal 1 0 0
    outer loop
      vertex 71.5 3 2
      vertex 71.5 0 2.5
      vertex 71.5 0 2
    endloop
  endfacet
  facet normal -0 0 1
    outer loop
      vertex 71 3 2.5
      vertex 71.5 0 2.5
      vertex 71.5 3 2.5
    endloop
  endfacet
  facet normal 0 0 1
    outer loop
      vertex 71.5 0 2.5
      vertex 71 3 2.5
      vertex 71 0 2.5
    endloop
  endfacet
  facet normal -1 0 0
    outer loop
      vertex 71 0 2
      vertex 71 3 2.5
      vertex 71 3 2
    endloop
  endfacet
  facet normal -1 -0 0
    outer loop
      vertex 71 3 2.5
      vertex 71 0 2
      vertex 71 0 2.5
    endloop
  endfacet
  facet normal 1 -0 0
    outer loop
      vertex 72.5 0 2.5
      vertex 72.5 3 2
      vertex 72.5 3 2.5
    endloop
  endfacet
  facet normal 1 0 0
    outer loop
      vertex 72.5 3 2
      vertex 72.5 0 2.5
      vertex 72.5 0 2
    endloop
  endfacet
  facet normal -0 0 1
    outer loop
      vertex 72 3 2.5
      vertex 72.5 0 2.5
      vertex 72.5 3 2.5
    endloop
  endfacet
  facet normal 0 0 1
    outer loop
      vertex 72.5 0 2.5
      vertex 72 3 2.5
      vertex 72 0 2.5
    endloop
  endfacet
  facet normal -1 0 0
    outer loop
      vertex 72 0 2
      vertex 72 3 2.5
      vertex 72 3 2
    endloop
  endfacet
  facet normal -1 -0 0
    outer loop
      vertex 72 3 2.5
      vertex 72 0 2
      vertex 72 0 2.5
    endloop
  endfacet
  facet normal 1 -0 0
    outer loop
      vertex 73.5 0 2.5
      vertex 73.5 3 2
      vertex 73.5 3 2.5
    endloop
  endfacet
  facet normal 1 0 0
    outer loop
      vertex 73.5 3 2
      vertex 73.5 0 2.5
      vertex 73.5 0 2
    endloop
  endfacet
  facet normal -0 0 1
    outer loop
      vertex 73 3 2.5
      vertex 73.5 0 2.5
      vertex 73.5 3 2.5
    endloop
  endfacet
  facet normal 0 0 1
    outer loop
      vertex 73.5 0 2.5
      vertex 73 3 2.5
      vertex 73 0 2.5
    endloop
  endfacet
  facet normal -1 0 0
    outer loop
      vertex 73 0 2
      vertex 73 3 2.5
      vertex 73 3 2
    endloop
  endfacet
  facet normal -1 -0 0
    outer loop
      vertex 73 3 2.5
      vertex 73 0 2
      vertex 73 0 2.5
    endloop
  endfacet
  facet normal 1 -0 0
    outer loop
      vertex 74.5 0 2.5
      vertex 74.5 3 2
      vertex 74.5 3 2.5
    endloop
  endfacet
  facet normal 1 0 0
    outer loop
      vertex 74.5 3 2
      vertex 74.5 0 2.5
      vertex 74.5 0 2
    endloop
  endfacet
  facet normal -0 0 1
    outer loop
      vertex 74 3 2.5
      vertex 74.5 0 2.5
      vertex 74.5 3 2.5
    endloop
  endfacet
  facet normal 0 0 1
    outer loop
      vertex 74.5 0 2.5
      vertex 74 3 2.5
      vertex 74 0 2.5
    endloop
  endfacet
  facet normal -1 0 0
    outer loop
      vertex 74 0 2
      vertex 74 3 2.5
      vertex 74 3 2
    endloop
  endfacet
  facet normal -1 -0 0
    outer loop
      vertex 74 3 2.5
      vertex 74 0 2
      vertex 74 0 2.5
    endloop
  endfacet
  facet normal 1 -0 0
    outer loop
      vertex 75.5 0 2.5
      vertex 75.5 3 2
      vertex 75.5 3 2.5
    endloop
  endfacet
  facet normal 1 0 0
    outer loop
      vertex 75.5 3 2
      vertex 75.5 0 2.5
      vertex 75.5 0 2
    endloop
  endfacet
  facet normal -0 0 1
    outer loop
      vertex 75 3 2.5
      vertex 75.5 0 2.5
      vertex 75.5 3 2.5
    endloop
  endfacet
  facet normal 0 0 1
    outer loop
      vertex 75.5 0 2.5
      vertex 75 3 2.5
      vertex 75 0 2.5
    endloop
  endfacet
  facet normal -1 0 0
    outer loop
      vertex 75 0 2
      vertex 75 3 2.5
      vertex 75 3 2
    endloop
  endfacet
  facet normal -1 -0 0
    outer loop
      vertex 75 3 2.5
      vertex 75 0 2
      vertex 75 0 2.5
    endloop
  endfacet
  facet normal 1 -0 0
    outer loop
      vertex 76.5 0 2.5
      vertex 76.5 3 2
      vertex 76.5 3 2.5
    endloop
  endfacet
  facet normal 1 0 0
    outer loop
      vertex 76.5 3 2
      vertex 76.5 0 2.5
      vertex 76.5 0 2
    endloop
  endfacet
  facet normal -0 0 1
    outer loop
      vertex 76 3 2.5
      vertex 76.5 0 2.5
      vertex 76.5 3 2.5
    endloop
  endfacet
  facet normal 0 0 1
    outer loop
      vertex 76.5 0 2.5
      vertex 76 3 2.5
      vertex 76 0 2.5
    endloop
  endfacet
  facet normal -1 0 0
    outer loop
      vertex 76 0 2
      vertex 76 3 2.5
      vertex 76 3 2
    endloop
  endfacet
  facet normal -1 -0 0
    outer loop
      vertex 76 3 2.5
      vertex 76 0 2
      vertex 76 0 2.5
    endloop
  endfacet
  facet normal 1 -0 0
    outer loop
      vertex 77.5 0 2.5
      vertex 77.5 3 2
      vertex 77.5 3 2.5
    endloop
  endfacet
  facet normal 1 0 0
    outer loop
      vertex 77.5 3 2
      vertex 77.5 0 2.5
      vertex 77.5 0 2
    endloop
  endfacet
  facet normal -0 0 1
    outer loop
      vertex 77 3 2.5
      vertex 77.5 0 2.5
      vertex 77.5 3 2.5
    endloop
  endfacet
  facet normal 0 0 1
    outer loop
      vertex 77.5 0 2.5
      vertex 77 3 2.5
      vertex 77 0 2.5
    endloop
  endfacet
  facet normal -1 0 0
    outer loop
      vertex 77 0 2
      vertex 77 3 2.5
      vertex 77 3 2
    endloop
  endfacet
  facet normal -1 -0 0
    outer loop
      vertex 77 3 2.5
      vertex 77 0 2
      vertex 77 0 2.5
    endloop
  endfacet
  facet normal 1 -0 0
    outer loop
      vertex 78.5 0 2.5
      vertex 78.5 3 2
      vertex 78.5 3 2.5
    endloop
  endfacet
  facet normal 1 0 0
    outer loop
      vertex 78.5 3 2
      vertex 78.5 0 2.5
      vertex 78.5 0 2
    endloop
  endfacet
  facet normal -0 0 1
    outer loop
      vertex 78 3 2.5
      vertex 78.5 0 2.5
      vertex 78.5 3 2.5
    endloop
  endfacet
  facet normal 0 0 1
    outer loop
      vertex 78.5 0 2.5
      vertex 78 3 2.5
      vertex 78 0 2.5
    endloop
  endfacet
  facet normal -1 0 0
    outer loop
      vertex 78 0 2
      vertex 78 3 2.5
      vertex 78 3 2
    endloop
  endfacet
  facet normal -1 -0 0
    outer loop
      vertex 78 3 2.5
      vertex 78 0 2
      vertex 78 0 2.5
    endloop
  endfacet
  facet normal 1 -0 0
    outer loop
      vertex 79.5 0 2.5
      vertex 79.5 3 2
      vertex 79.5 3 2.5
    endloop
  endfacet
  facet normal 1 0 0
    outer loop
      vertex 79.5 3 2
      vertex 79.5 0 2.5
      vertex 79.5 0 2
    endloop
  endfacet
  facet normal -0 0 1
    outer loop
      vertex 79 3 2.5
      vertex 79.5 0 2.5
      vertex 79.5 3 2.5
    endloop
  endfacet
  facet normal 0 0 1
    outer loop
      vertex 79.5 0 2.5
      vertex 79 3 2.5
      vertex 79 0 2.5
    endloop
  endfacet
  facet normal -1 0 0
    outer loop
      vertex 79 0 2
      vertex 79 3 2.5
      vertex 79 3 2
    endloop
  endfacet
  facet normal -1 -0 0
    outer loop
      vertex 79 3 2.5
      vertex 79 0 2
      vertex 79 0 2.5
    endloop
  endfacet
  facet normal 1 -0 0
    outer loop
      vertex 80.5 0 2.5
      vertex 80.5 3 2
      vertex 80.5 3 2.5
    endloop
  endfacet
  facet normal 1 0 0
    outer loop
      vertex 80.5 3 2
      vertex 80.5 0 2.5
      vertex 80.5 0 2
    endloop
  endfacet
  facet normal -0 0 1
    outer loop
      vertex 80 3 2.5
      vertex 80.5 0 2.5
      vertex 80.5 3 2.5
    endloop
  endfacet
  facet normal 0 0 1
    outer loop
      vertex 80.5 0 2.5
      vertex 80 3 2.5
      vertex 80 0 2.5
    endloop
  endfacet
  facet normal -1 0 0
    outer loop
      vertex 80 0 2
      vertex 80 3 2.5
      vertex 80 3 2
    endloop
  endfacet
  facet normal -1 -0 0
    outer loop
      vertex 80 3 2.5
      vertex 80 0 2
      vertex 80 0 2.5
    endloop
  endfacet
  facet normal 1 -0 0
    outer loop
      vertex 81.5 0 2.5
      vertex 81.5 3 2
      vertex 81.5 3 2.5
    endloop
  endfacet
  facet normal 1 0 0
    outer loop
      vertex 81.5 3 2
      vertex 81.5 0 2.5
      vertex 81.5 0 2
    endloop
  endfacet
  facet normal -0 0 1
    outer loop
      vertex 81 3 2.5
      vertex 81.5 0 2.5
      vertex 81.5 3 2.5
    endloop
  endfacet
  facet normal 0 0 1
    outer loop
      vertex 81.5 0 2.5
      vertex 81 3 2.5
      vertex 81 0 2.5
    endloop
  endfacet
  facet normal -1 0 0
    outer loop
      vertex 81 0 2
      vertex 81 3 2.5
      vertex 81 3 2
    endloop
  endfacet
  facet normal -1 -0 0
    outer loop
      vertex 81 3 2.5
      vertex 81 0 2
      vertex 81 0 2.5
    endloop
  endfacet
  facet normal 1 -0 0
    outer loop
      vertex 82.5 0 2.5
      vertex 82.5 3 2
      vertex 82.5 3 2.5
    endloop
  endfacet
  facet normal 1 0 0
    outer loop
      vertex 82.5 3 2
      vertex 82.5 0 2.5
      vertex 82.5 0 2
    endloop
  endfacet
  facet normal -0 0 1
    outer loop
      vertex 82 3 2.5
      vertex 82.5 0 2.5
      vertex 82.5 3 2.5
    endloop
  endfacet
  facet normal 0 0 1
    outer loop
      vertex 82.5 0 2.5
      vertex 82 3 2.5
      vertex 82 0 2.5
    endloop
  endfacet
  facet normal -1 0 0
    outer loop
      vertex 82 0 2
      vertex 82 3 2.5
      vertex 82 3 2
    endloop
  endfacet
  facet normal -1 -0 0
    outer loop
      vertex 82 3 2.5
      vertex 82 0 2
      vertex 82 0 2.5
    endloop
  endfacet
  facet normal 1 -0 0
    outer loop
      vertex 83.5 0 2.5
      vertex 83.5 3 2
      vertex 83.5 3 2.5
    endloop
  endfacet
  facet normal 1 0 0
    outer loop
      vertex 83.5 3 2
      vertex 83.5 0 2.5
      vertex 83.5 0 2
    endloop
  endfacet
  facet normal -0 0 1
    outer loop
      vertex 83 3 2.5
      vertex 83.5 0 2.5
      vertex 83.5 3 2.5
    endloop
  endfacet
  facet normal 0 0 1
    outer loop
      vertex 83.5 0 2.5
      vertex 83 3 2.5
      vertex 83 0 2.5
    endloop
  endfacet
  facet normal -1 0 0
    outer loop
      vertex 83 0 2
      vertex 83 3 2.5
      vertex 83 3 2
    endloop
  endfacet
  facet normal -1 -0 0
    outer loop
      vertex 83 3 2.5
      vertex 83 0 2
      vertex 83 0 2.5
    endloop
  endfacet
  facet normal 1 -0 0
    outer loop
      vertex 84.5 0 2.5
      vertex 84.5 3 2
      vertex 84.5 3 2.5
    endloop
  endfacet
  facet normal 1 0 0
    outer loop
      vertex 84.5 3 2
      vertex 84.5 0 2.5
      vertex 84.5 0 2
    endloop
  endfacet
  facet normal -0 0 1
    outer loop
      vertex 84 3 2.5
      vertex 84.5 0 2.5
      vertex 84.5 3 2.5
    endloop
  endfacet
  facet normal 0 0 1
    outer loop
      vertex 84.5 0 2.5
      vertex 84 3 2.5
      vertex 84 0 2.5
    endloop
  endfacet
  facet normal -1 0 0
    outer loop
      vertex 84 0 2
      vertex 84 3 2.5
      vertex 84 3 2
    endloop
  endfacet
  facet normal -1 -0 0
    outer loop
      vertex 84 3 2.5
      vertex 84 0 2
      vertex 84 0 2.5
    endloop
  endfacet
  facet normal 1 -0 0
    outer loop
      vertex 85.5 0 2.5
      vertex 85.5 3 2
      vertex 85.5 3 2.5
    endloop
  endfacet
  facet normal 1 0 0
    outer loop
      vertex 85.5 3 2
      vertex 85.5 0 2.5
      vertex 85.5 0 2
    endloop
  endfacet
  facet normal -0 0 1
    outer loop
      vertex 85 3 2.5
      vertex 85.5 0 2.5
      vertex 85.5 3 2.5
    endloop
  endfacet
  facet normal 0 0 1
    outer loop
      vertex 85.5 0 2.5
      vertex 85 3 2.5
      vertex 85 0 2.5
    endloop
  endfacet
  facet normal -1 0 0
    outer loop
      vertex 85 0 2
      vertex 85 3 2.5
      vertex 85 3 2
    endloop
  endfacet
  facet normal -1 -0 0
    outer loop
      vertex 85 3 2.5
      vertex 85 0 2
      vertex 85 0 2.5
    endloop
  endfacet
  facet normal 1 -0 0
    outer loop
      vertex 86.5 0 2.5
      vertex 86.5 3 2
      vertex 86.5 3 2.5
    endloop
  endfacet
  facet normal 1 0 0
    outer loop
      vertex 86.5 3 2
      vertex 86.5 0 2.5
      vertex 86.5 0 2
    endloop
  endfacet
  facet normal -0 0 1
    outer loop
      vertex 86 3 2.5
      vertex 86.5 0 2.5
      vertex 86.5 3 2.5
    endloop
  endfacet
  facet normal 0 0 1
    outer loop
      vertex 86.5 0 2.5
      vertex 86 3 2.5
      vertex 86 0 2.5
    endloop
  endfacet
  facet normal -1 0 0
    outer loop
      vertex 86 0 2
      vertex 86 3 2.5
      vertex 86 3 2
    endloop
  endfacet
  facet normal -1 -0 0
    outer loop
      vertex 86 3 2.5
      vertex 86 0 2
      vertex 86 0 2.5
    endloop
  endfacet
  facet normal 1 -0 0
    outer loop
      vertex 87.5 0 2.5
      vertex 87.5 3 2
      vertex 87.5 3 2.5
    endloop
  endfacet
  facet normal 1 0 0
    outer loop
      vertex 87.5 3 2
      vertex 87.5 0 2.5
      vertex 87.5 0 2
    endloop
  endfacet
  facet normal -0 0 1
    outer loop
      vertex 87 3 2.5
      vertex 87.5 0 2.5
      vertex 87.5 3 2.5
    endloop
  endfacet
  facet normal 0 0 1
    outer loop
      vertex 87.5 0 2.5
      vertex 87 3 2.5
      vertex 87 0 2.5
    endloop
  endfacet
  facet normal -1 0 0
    outer loop
      vertex 87 0 2
      vertex 87 3 2.5
      vertex 87 3 2
    endloop
  endfacet
  facet normal -1 -0 0
    outer loop
      vertex 87 3 2.5
      vertex 87 0 2
      vertex 87 0 2.5
    endloop
  endfacet
  facet normal 1 -0 0
    outer loop
      vertex 88.5 0 2.5
      vertex 88.5 3 2
      vertex 88.5 3 2.5
    endloop
  endfacet
  facet normal 1 0 0
    outer loop
      vertex 88.5 3 2
      vertex 88.5 0 2.5
      vertex 88.5 0 2
    endloop
  endfacet
  facet normal -0 0 1
    outer loop
      vertex 88 3 2.5
      vertex 88.5 0 2.5
      vertex 88.5 3 2.5
    endloop
  endfacet
  facet normal 0 0 1
    outer loop
      vertex 88.5 0 2.5
      vertex 88 3 2.5
      vertex 88 0 2.5
    endloop
  endfacet
  facet normal -1 0 0
    outer loop
      vertex 88 0 2
      vertex 88 3 2.5
      vertex 88 3 2
    endloop
  endfacet
  facet normal -1 -0 0
    outer loop
      vertex 88 3 2.5
      vertex 88 0 2
      vertex 88 0 2.5
    endloop
  endfacet
  facet normal 1 -0 0
    outer loop
      vertex 89.5 0 2.5
      vertex 89.5 3 2
      vertex 89.5 3 2.5
    endloop
  endfacet
  facet normal 1 0 0
    outer loop
      vertex 89.5 3 2
      vertex 89.5 0 2.5
      vertex 89.5 0 2
    endloop
  endfacet
  facet normal -0 0 1
    outer loop
      vertex 89 3 2.5
      vertex 89.5 0 2.5
      vertex 89.5 3 2.5
    endloop
  endfacet
  facet normal 0 0 1
    outer loop
      vertex 89.5 0 2.5
      vertex 89 3 2.5
      vertex 89 0 2.5
    endloop
  endfacet
  facet normal -1 0 0
    outer loop
      vertex 89 0 2
      vertex 89 3 2.5
      vertex 89 3 2
    endloop
  endfacet
  facet normal -1 -0 0
    outer loop
      vertex 89 3 2.5
      vertex 89 0 2
      vertex 89 0 2.5
    endloop
  endfacet
  facet normal 1 -0 0
    outer loop
      vertex 90.5 0 2.5
      vertex 90.5 3 2
      vertex 90.5 3 2.5
    endloop
  endfacet
  facet normal 1 0 0
    outer loop
      vertex 90.5 3 2
      vertex 90.5 0 2.5
      vertex 90.5 0 2
    endloop
  endfacet
  facet normal -0 0 1
    outer loop
      vertex 90 3 2.5
      vertex 90.5 0 2.5
      vertex 90.5 3 2.5
    endloop
  endfacet
  facet normal 0 0 1
    outer loop
      vertex 90.5 0 2.5
      vertex 90 3 2.5
      vertex 90 0 2.5
    endloop
  endfacet
  facet normal -1 0 0
    outer loop
      vertex 90 0 2
      vertex 90 3 2.5
      vertex 90 3 2
    endloop
  endfacet
  facet normal -1 -0 0
    outer loop
      vertex 90 3 2.5
      vertex 90 0 2
      vertex 90 0 2.5
    endloop
  endfacet
  facet normal 1 -0 0
    outer loop
      vertex 91.5 0 2.5
      vertex 91.5 3 2
      vertex 91.5 3 2.5
    endloop
  endfacet
  facet normal 1 0 0
    outer loop
      vertex 91.5 3 2
      vertex 91.5 0 2.5
      vertex 91.5 0 2
    endloop
  endfacet
  facet normal -0 0 1
    outer loop
      vertex 91 3 2.5
      vertex 91.5 0 2.5
      vertex 91.5 3 2.5
    endloop
  endfacet
  facet normal 0 0 1
    outer loop
      vertex 91.5 0 2.5
      vertex 91 3 2.5
      vertex 91 0 2.5
    endloop
  endfacet
  facet normal -1 0 0
    outer loop
      vertex 91 0 2
      vertex 91 3 2.5
      vertex 91 3 2
    endloop
  endfacet
  facet normal -1 -0 0
    outer loop
      vertex 91 3 2.5
      vertex 91 0 2
      vertex 91 0 2.5
    endloop
  endfacet
  facet normal 1 -0 0
    outer loop
      vertex 92.5 0 2.5
      vertex 92.5 3 2
      vertex 92.5 3 2.5
    endloop
  endfacet
  facet normal 1 0 0
    outer loop
      vertex 92.5 3 2
      vertex 92.5 0 2.5
      vertex 92.5 0 2
    endloop
  endfacet
  facet normal -0 0 1
    outer loop
      vertex 92 3 2.5
      vertex 92.5 0 2.5
      vertex 92.5 3 2.5
    endloop
  endfacet
  facet normal 0 0 1
    outer loop
      vertex 92.5 0 2.5
      vertex 92 3 2.5
      vertex 92 0 2.5
    endloop
  endfacet
  facet normal -1 0 0
    outer loop
      vertex 92 0 2
      vertex 92 3 2.5
      vertex 92 3 2
    endloop
  endfacet
  facet normal -1 -0 0
    outer loop
      vertex 92 3 2.5
      vertex 92 0 2
      vertex 92 0 2.5
    endloop
  endfacet
  facet normal 1 -0 0
    outer loop
      vertex 93.5 0 2.5
      vertex 93.5 3 2
      vertex 93.5 3 2.5
    endloop
  endfacet
  facet normal 1 0 0
    outer loop
      vertex 93.5 3 2
      vertex 93.5 0 2.5
      vertex 93.5 0 2
    endloop
  endfacet
  facet normal -0 0 1
    outer loop
      vertex 93 3 2.5
      vertex 93.5 0 2.5
      vertex 93.5 3 2.5
    endloop
  endfacet
  facet normal 0 0 1
    outer loop
      vertex 93.5 0 2.5
      vertex 93 3 2.5
      vertex 93 0 2.5
    endloop
  endfacet
  facet normal -1 0 0
    outer loop
      vertex 93 0 2
      vertex 93 3 2.5
      vertex 93 3 2
    endloop
  endfacet
  facet normal -1 -0 0
    outer loop
      vertex 93 3 2.5
      vertex 93 0 2
      vertex 93 0 2.5
    endloop
  endfacet
  facet normal 1 -0 0
    outer loop
      vertex 94.5 0 2.5
      vertex 94.5 3 2
      vertex 94.5 3 2.5
    endloop
  endfacet
  facet normal 1 0 0
    outer loop
      vertex 94.5 3 2
      vertex 94.5 0 2.5
      vertex 94.5 0 2
    endloop
  endfacet
  facet normal -0 0 1
    outer loop
      vertex 94 3 2.5
      vertex 94.5 0 2.5
      vertex 94.5 3 2.5
    endloop
  endfacet
  facet normal 0 0 1
    outer loop
      vertex 94.5 0 2.5
      vertex 94 3 2.5
      vertex 94 0 2.5
    endloop
  endfacet
  facet normal -1 0 0
    outer loop
      vertex 94 0 2
      vertex 94 3 2.5
      vertex 94 3 2
    endloop
  endfacet
  facet normal -1 -0 0
    outer loop
      vertex 94 3 2.5
      vertex 94 0 2
      vertex 94 0 2.5
    endloop
  endfacet
  facet normal 1 -0 0
    outer loop
      vertex 95.5 0 2.5
      vertex 95.5 3 2
      vertex 95.5 3 2.5
    endloop
  endfacet
  facet normal 1 0 0
    outer loop
      vertex 95.5 3 2
      vertex 95.5 0 2.5
      vertex 95.5 0 2
    endloop
  endfacet
  facet normal -0 0 1
    outer loop
      vertex 95 3 2.5
      vertex 95.5 0 2.5
      vertex 95.5 3 2.5
    endloop
  endfacet
  facet normal 0 0 1
    outer loop
      vertex 95.5 0 2.5
      vertex 95 3 2.5
      vertex 95 0 2.5
    endloop
  endfacet
  facet normal -1 0 0
    outer loop
      vertex 95 0 2
      vertex 95 3 2.5
      vertex 95 3 2
    endloop
  endfacet
  facet normal -1 -0 0
    outer loop
      vertex 95 3 2.5
      vertex 95 0 2
      vertex 95 0 2.5
    endloop
  endfacet
  facet normal 1 -0 0
    outer loop
      vertex 96.5 0 2.5
      vertex 96.5 3 2
      vertex 96.5 3 2.5
    endloop
  endfacet
  facet normal 1 0 0
    outer loop
      vertex 96.5 3 2
      vertex 96.5 0 2.5
      vertex 96.5 0 2
    endloop
  endfacet
  facet normal -0 0 1
    outer loop
      vertex 96 3 2.5
      vertex 96.5 0 2.5
      vertex 96.5 3 2.5
    endloop
  endfacet
  facet normal 0 0 1
    outer loop
      vertex 96.5 0 2.5
      vertex 96 3 2.5
      vertex 96 0 2.5
    endloop
  endfacet
  facet normal -1 0 0
    outer loop
      vertex 96 0 2
      vertex 96 3 2.5
      vertex 96 3 2
    endloop
  endfacet
  facet normal -1 -0 0
    outer loop
      vertex 96 3 2.5
      vertex 96 0 2
      vertex 96 0 2.5
    endloop
  endfacet
  facet normal 1 -0 0
    outer loop
      vertex 97.5 0 2.5
      vertex 97.5 3 2
      vertex 97.5 3 2.5
    endloop
  endfacet
  facet normal 1 0 0
    outer loop
      vertex 97.5 3 2
      vertex 97.5 0 2.5
      vertex 97.5 0 2
    endloop
  endfacet
  facet normal -0 0 1
    outer loop
      vertex 97 3 2.5
      vertex 97.5 0 2.5
      vertex 97.5 3 2.5
    endloop
  endfacet
  facet normal 0 0 1
    outer loop
      vertex 97.5 0 2.5
      vertex 97 3 2.5
      vertex 97 0 2.5
    endloop
  endfacet
  facet normal -1 0 0
    outer loop
      vertex 97 0 2
      vertex 97 3 2.5
      vertex 97 3 2
    endloop
  endfacet
  facet normal -1 -0 0
    outer loop
      vertex 97 3 2.5
      vertex 97 0 2
      vertex 97 0 2.5
    endloop
  endfacet
  facet normal 1 -0 0
    outer loop
      vertex 98.5 0 2.5
      vertex 98.5 3 2
      vertex 98.5 3 2.5
    endloop
  endfacet
  facet normal 1 0 0
    outer loop
      vertex 98.5 3 2
      vertex 98.5 0 2.5
      vertex 98.5 0 2
    endloop
  endfacet
  facet normal -0 0 1
    outer loop
      vertex 98 3 2.5
      vertex 98.5 0 2.5
      vertex 98.5 3 2.5
    endloop
  endfacet
  facet normal 0 0 1
    outer loop
      vertex 98.5 0 2.5
      vertex 98 3 2.5
      vertex 98 0 2.5
    endloop
  endfacet
  facet normal -1 0 0
    outer loop
      vertex 98 0 2
      vertex 98 3 2.5
      vertex 98 3 2
    endloop
  endfacet
  facet normal -1 -0 0
    outer loop
      vertex 98 3 2.5
      vertex 98 0 2
      vertex 98 0 2.5
    endloop
  endfacet
  facet normal 1 -0 0
    outer loop
      vertex 99.5 0 2.5
      vertex 99.5 3 2
      vertex 99.5 3 2.5
    endloop
  endfacet
  facet normal 1 0 0
    outer loop
      vertex 99.5 3 2
      vertex 99.5 0 2.5
      vertex 99.5 0 2
    endloop
  endfacet
  facet normal -0 0 1
    outer loop
      vertex 99 3 2.5
      vertex 99.5 0 2.5
      vertex 99.5 3 2.5
    endloop
  endfacet
  facet normal 0 0 1
    outer loop
      vertex 99.5 0 2.5
      vertex 99 3 2.5
      vertex 99 0 2.5
    endloop
  endfacet
  facet normal -1 0 0
    outer loop
      vertex 99 0 2
      vertex 99 3 2.5
      vertex 99 3 2
    endloop
  endfacet
  facet normal -1 -0 0
    outer loop
      vertex 99 3 2.5
      vertex 99 0 2
      vertex 99 0 2.5
    endloop
  endfacet
  facet normal 1 -0 0
    outer loop
      vertex 100.5 0 2.5
      vertex 100.5 3 2
      vertex 100.5 3 2.5
    endloop
  endfacet
  facet normal 1 0 0
    outer loop
      vertex 100.5 3 2
      vertex 100.5 0 2.5
      vertex 100.5 0 2
    endloop
  endfacet
  facet normal -0 0 1
    outer loop
      vertex 100 3 2.5
      vertex 100.5 0 2.5
      vertex 100.5 3 2.5
    endloop
  endfacet
  facet normal 0 0 1
    outer loop
      vertex 100.5 0 2.5
      vertex 100 3 2.5
      vertex 100 0 2.5
    endloop
  endfacet
  facet normal -1 0 0
    outer loop
      vertex 100 0 2
      vertex 100 3 2.5
      vertex 100 3 2
    endloop
  endfacet
  facet normal -1 -0 0
    outer loop
      vertex 100 3 2.5
      vertex 100 0 2
      vertex 100 0 2.5
    endloop
  endfacet
  facet normal 1 -0 0
    outer loop
      vertex 101.5 0 2.5
      vertex 101.5 3 2
      vertex 101.5 3 2.5
    endloop
  endfacet
  facet normal 1 0 0
    outer loop
      vertex 101.5 3 2
      vertex 101.5 0 2.5
      vertex 101.5 0 2
    endloop
  endfacet
  facet normal -0 0 1
    outer loop
      vertex 101 3 2.5
      vertex 101.5 0 2.5
      vertex 101.5 3 2.5
    endloop
  endfacet
  facet normal 0 0 1
    outer loop
      vertex 101.5 0 2.5
      vertex 101 3 2.5
      vertex 101 0 2.5
    endloop
  endfacet
  facet normal -1 0 0
    outer loop
      vertex 101 0 2
      vertex 101 3 2.5
      vertex 101 3 2
    endloop
  endfacet
  facet normal -1 -0 0
    outer loop
      vertex 101 3 2.5
      vertex 101 0 2
      vertex 101 0 2.5
    endloop
  endfacet
  facet normal 1 -0 0
    outer loop
      vertex 102.5 0 2.5
      vertex 102.5 3 2
      vertex 102.5 3 2.5
    endloop
  endfacet
  facet normal 1 0 0
    outer loop
      vertex 102.5 3 2
      vertex 102.5 0 2.5
      vertex 102.5 0 2
    endloop
  endfacet
  facet normal -0 0 1
    outer loop
      vertex 102 3 2.5
      vertex 102.5 0 2.5
      vertex 102.5 3 2.5
    endloop
  endfacet
  facet normal 0 0 1
    outer loop
      vertex 102.5 0 2.5
      vertex 102 3 2.5
      vertex 102 0 2.5
    endloop
  endfacet
  facet normal -1 0 0
    outer loop
      vertex 102 0 2
      vertex 102 3 2.5
      vertex 102 3 2
    endloop
  endfacet
  facet normal -1 -0 0
    outer loop
      vertex 102 3 2.5
      vertex 102 0 2
      vertex 102 0 2.5
    endloop
  endfacet
  facet normal 1 -0 0
    outer loop
      vertex 103.5 0 2.5
      vertex 103.5 3 2
      vertex 103.5 3 2.5
    endloop
  endfacet
  facet normal 1 0 0
    outer loop
      vertex 103.5 3 2
      vertex 103.5 0 2.5
      vertex 103.5 0 2
    endloop
  endfacet
  facet normal -0 0 1
    outer loop
      vertex 103 3 2.5
      vertex 103.5 0 2.5
      vertex 103.5 3 2.5
    endloop
  endfacet
  facet normal 0 0 1
    outer loop
      vertex 103.5 0 2.5
      vertex 103 3 2.5
      vertex 103 0 2.5
    endloop
  endfacet
  facet normal -1 0 0
    outer loop
      vertex 103 0 2
      vertex 103 3 2.5
      vertex 103 3 2
    endloop
  endfacet
  facet normal -1 -0 0
    outer loop
      vertex 103 3 2.5
      vertex 103 0 2
      vertex 103 0 2.5
    endloop
  endfacet
  facet normal 1 -0 0
    outer loop
      vertex 104.5 0 2.5
      vertex 104.5 3 2
      vertex 104.5 3 2.5
    endloop
  endfacet
  facet normal 1 0 0
    outer loop
      vertex 104.5 3 2
      vertex 104.5 0 2.5
      vertex 104.5 0 2
    endloop
  endfacet
  facet normal -0 0 1
    outer loop
      vertex 104 3 2.5
      vertex 104.5 0 2.5
      vertex 104.5 3 2.5
    endloop
  endfacet
  facet normal 0 0 1
    outer loop
      vertex 104.5 0 2.5
      vertex 104 3 2.5
      vertex 104 0 2.5
    endloop
  endfacet
  facet normal -1 0 0
    outer loop
      vertex 104 0 2
      vertex 104 3 2.5
      vertex 104 3 2
    endloop
  endfacet
  facet normal -1 -0 0
    outer loop
      vertex 104 3 2.5
      vertex 104 0 2
      vertex 104 0 2.5
    endloop
  endfacet
  facet normal 1 -0 0
    outer loop
      vertex 105.5 0 2.5
      vertex 105.5 3 2
      vertex 105.5 3 2.5
    endloop
  endfacet
  facet normal 1 0 0
    outer loop
      vertex 105.5 3 2
      vertex 105.5 0 2.5
      vertex 105.5 0 2
    endloop
  endfacet
  facet normal -0 0 1
    outer loop
      vertex 105 3 2.5
      vertex 105.5 0 2.5
      vertex 105.5 3 2.5
    endloop
  endfacet
  facet normal 0 0 1
    outer loop
      vertex 105.5 0 2.5
      vertex 105 3 2.5
      vertex 105 0 2.5
    endloop
  endfacet
  facet normal -1 0 0
    outer loop
      vertex 105 0 2
      vertex 105 3 2.5
      vertex 105 3 2
    endloop
  endfacet
  facet normal -1 -0 0
    outer loop
      vertex 105 3 2.5
      vertex 105 0 2
      vertex 105 0 2.5
    endloop
  endfacet
  facet normal 1 -0 0
    outer loop
      vertex 106.5 0 2.5
      vertex 106.5 3 2
      vertex 106.5 3 2.5
    endloop
  endfacet
  facet normal 1 0 0
    outer loop
      vertex 106.5 3 2
      vertex 106.5 0 2.5
      vertex 106.5 0 2
    endloop
  endfacet
  facet normal -0 0 1
    outer loop
      vertex 106 3 2.5
      vertex 106.5 0 2.5
      vertex 106.5 3 2.5
    endloop
  endfacet
  facet normal 0 0 1
    outer loop
      vertex 106.5 0 2.5
      vertex 106 3 2.5
      vertex 106 0 2.5
    endloop
  endfacet
  facet normal -1 0 0
    outer loop
      vertex 106 0 2
      vertex 106 3 2.5
      vertex 106 3 2
    endloop
  endfacet
  facet normal -1 -0 0
    outer loop
      vertex 106 3 2.5
      vertex 106 0 2
      vertex 106 0 2.5
    endloop
  endfacet
  facet normal 1 -0 0
    outer loop
      vertex 107.5 0 2.5
      vertex 107.5 3 2
      vertex 107.5 3 2.5
    endloop
  endfacet
  facet normal 1 0 0
    outer loop
      vertex 107.5 3 2
      vertex 107.5 0 2.5
      vertex 107.5 0 2
    endloop
  endfacet
  facet normal -0 0 1
    outer loop
      vertex 107 3 2.5
      vertex 107.5 0 2.5
      vertex 107.5 3 2.5
    endloop
  endfacet
  facet normal 0 0 1
    outer loop
      vertex 107.5 0 2.5
      vertex 107 3 2.5
      vertex 107 0 2.5
    endloop
  endfacet
  facet normal -1 0 0
    outer loop
      vertex 107 0 2
      vertex 107 3 2.5
      vertex 107 3 2
    endloop
  endfacet
  facet normal -1 -0 0
    outer loop
      vertex 107 3 2.5
      vertex 107 0 2
      vertex 107 0 2.5
    endloop
  endfacet
  facet normal 1 -0 0
    outer loop
      vertex 108.5 0 2.5
      vertex 108.5 3 2
      vertex 108.5 3 2.5
    endloop
  endfacet
  facet normal 1 0 0
    outer loop
      vertex 108.5 3 2
      vertex 108.5 0 2.5
      vertex 108.5 0 2
    endloop
  endfacet
  facet normal -0 0 1
    outer loop
      vertex 108 3 2.5
      vertex 108.5 0 2.5
      vertex 108.5 3 2.5
    endloop
  endfacet
  facet normal 0 0 1
    outer loop
      vertex 108.5 0 2.5
      vertex 108 3 2.5
      vertex 108 0 2.5
    endloop
  endfacet
  facet normal -1 0 0
    outer loop
      vertex 108 0 2
      vertex 108 3 2.5
      vertex 108 3 2
    endloop
  endfacet
  facet normal -1 -0 0
    outer loop
      vertex 108 3 2.5
      vertex 108 0 2
      vertex 108 0 2.5
    endloop
  endfacet
  facet normal 1 -0 0
    outer loop
      vertex 109.5 0 2.5
      vertex 109.5 3 2
      vertex 109.5 3 2.5
    endloop
  endfacet
  facet normal 1 0 0
    outer loop
      vertex 109.5 3 2
      vertex 109.5 0 2.5
      vertex 109.5 0 2
    endloop
  endfacet
  facet normal -0 0 1
    outer loop
      vertex 109 3 2.5
      vertex 109.5 0 2.5
      vertex 109.5 3 2.5
    endloop
  endfacet
  facet normal 0 0 1
    outer loop
      vertex 109.5 0 2.5
      vertex 109 3 2.5
      vertex 109 0 2.5
    endloop
  endfacet
  facet normal -1 0 0
    outer loop
      vertex 109 0 2
      vertex 109 3 2.5
      vertex 109 3 2
    endloop
  endfacet
  facet normal -1 -0 0
    outer loop
      vertex 109 3 2.5
      vertex 109 0 2
      vertex 109 0 2.5
    endloop
  endfacet
  facet normal 1 -0 0
    outer loop
      vertex 110.5 0 2.5
      vertex 110.5 3 2
      vertex 110.5 3 2.5
    endloop
  endfacet
  facet normal 1 0 0
    outer loop
      vertex 110.5 3 2
      vertex 110.5 0 2.5
      vertex 110.5 0 2
    endloop
  endfacet
  facet normal -0 0 1
    outer loop
      vertex 110 3 2.5
      vertex 110.5 0 2.5
      vertex 110.5 3 2.5
    endloop
  endfacet
  facet normal 0 0 1
    outer loop
      vertex 110.5 0 2.5
      vertex 110 3 2.5
      vertex 110 0 2.5
    endloop
  endfacet
  facet normal -1 0 0
    outer loop
      vertex 110 0 2
      vertex 110 3 2.5
      vertex 110 3 2
    endloop
  endfacet
  facet normal -1 -0 0
    outer loop
      vertex 110 3 2.5
      vertex 110 0 2
      vertex 110 0 2.5
    endloop
  endfacet
  facet normal 1 -0 0
    outer loop
      vertex 111.5 0 2.5
      vertex 111.5 3 2
      vertex 111.5 3 2.5
    endloop
  endfacet
  facet normal 1 0 0
    outer loop
      vertex 111.5 3 2
      vertex 111.5 0 2.5
      vertex 111.5 0 2
    endloop
  endfacet
  facet normal -0 0 1
    outer loop
      vertex 111 3 2.5
      vertex 111.5 0 2.5
      vertex 111.5 3 2.5
    endloop
  endfacet
  facet normal 0 0 1
    outer loop
      vertex 111.5 0 2.5
      vertex 111 3 2.5
      vertex 111 0 2.5
    endloop
  endfacet
  facet normal -1 0 0
    outer loop
      vertex 111 0 2
      vertex 111 3 2.5
      vertex 111 3 2
    endloop
  endfacet
  facet normal -1 -0 0
    outer loop
      vertex 111 3 2.5
      vertex 111 0 2
      vertex 111 0 2.5
    endloop
  endfacet
  facet normal 1 -0 0
    outer loop
      vertex 112.5 0 2.5
      vertex 112.5 3 2
      vertex 112.5 3 2.5
    endloop
  endfacet
  facet normal 1 0 0
    outer loop
      vertex 112.5 3 2
      vertex 112.5 0 2.5
      vertex 112.5 0 2
    endloop
  endfacet
  facet normal -0 0 1
    outer loop
      vertex 112 3 2.5
      vertex 112.5 0 2.5
      vertex 112.5 3 2.5
    endloop
  endfacet
  facet normal 0 0 1
    outer loop
      vertex 112.5 0 2.5
      vertex 112 3 2.5
      vertex 112 0 2.5
    endloop
  endfacet
  facet normal -1 0 0
    outer loop
      vertex 112 0 2
      vertex 112 3 2.5
      vertex 112 3 2
    endloop
  endfacet
  facet normal -1 -0 0
    outer loop
      vertex 112 3 2.5
      vertex 112 0 2
      vertex 112 0 2.5
    endloop
  endfacet
  facet normal 1 -0 0
    outer loop
      vertex 113.5 0 2.5
      vertex 113.5 3 2
      vertex 113.5 3 2.5
    endloop
  endfacet
  facet normal 1 0 0
    outer loop
      vertex 113.5 3 2
      vertex 113.5 0 2.5
      vertex 113.5 0 2
    endloop
  endfacet
  facet normal -0 0 1
    outer loop
      vertex 113 3 2.5
      vertex 113.5 0 2.5
      vertex 113.5 3 2.5
    endloop
  endfacet
  facet normal 0 0 1
    outer loop
      vertex 113.5 0 2.5
      vertex 113 3 2.5
      vertex 113 0 2.5
    endloop
  endfacet
  facet normal -1 0 0
    outer loop
      vertex 113 0 2
      vertex 113 3 2.5
      vertex 113 3 2
    endloop
  endfacet
  facet normal -1 -0 0
    outer loop
      vertex 113 3 2.5
      vertex 113 0 2
      vertex 113 0 2.5
    endloop
  endfacet
  facet normal 1 -0 0
    outer loop
      vertex 114.5 0 2.5
      vertex 114.5 3 2
      vertex 114.5 3 2.5
    endloop
  endfacet
  facet normal 1 0 0
    outer loop
      vertex 114.5 3 2
      vertex 114.5 0 2.5
      vertex 114.5 0 2
    endloop
  endfacet
  facet normal -0 0 1
    outer loop
      vertex 114 3 2.5
      vertex 114.5 0 2.5
      vertex 114.5 3 2.5
    endloop
  endfacet
  facet normal 0 0 1
    outer loop
      vertex 114.5 0 2.5
      vertex 114 3 2.5
      vertex 114 0 2.5
    endloop
  endfacet
  facet normal -1 0 0
    outer loop
      vertex 114 0 2
      vertex 114 3 2.5
      vertex 114 3 2
    endloop
  endfacet
  facet normal -1 -0 0
    outer loop
      vertex 114 3 2.5
      vertex 114 0 2
      vertex 114 0 2.5
    endloop
  endfacet
  facet normal 1 -0 0
    outer loop
      vertex 115.5 0 2.5
      vertex 115.5 3 2
      vertex 115.5 3 2.5
    endloop
  endfacet
  facet normal 1 0 0
    outer loop
      vertex 115.5 3 2
      vertex 115.5 0 2.5
      vertex 115.5 0 2
    endloop
  endfacet
  facet normal -0 0 1
    outer loop
      vertex 115 3 2.5
      vertex 115.5 0 2.5
      vertex 115.5 3 2.5
    endloop
  endfacet
  facet normal 0 0 1
    outer loop
      vertex 115.5 0 2.5
      vertex 115 3 2.5
      vertex 115 0 2.5
    endloop
  endfacet
  facet normal -1 0 0
    outer loop
      vertex 115 0 2
      vertex 115 3 2.5
      vertex 115 3 2
    endloop
  endfacet
  facet normal -1 -0 0
    outer loop
      vertex 115 3 2.5
      vertex 115 0 2
      vertex 115 0 2.5
    endloop
  endfacet
  facet normal 1 -0 0
    outer loop
      vertex 116.5 0 2.5
      vertex 116.5 3 2
      vertex 116.5 3 2.5
    endloop
  endfacet
  facet normal 1 0 0
    outer loop
      vertex 116.5 3 2
      vertex 116.5 0 2.5
      vertex 116.5 0 2
    endloop
  endfacet
  facet normal -0 0 1
    outer loop
      vertex 116 3 2.5
      vertex 116.5 0 2.5
      vertex 116.5 3 2.5
    endloop
  endfacet
  facet normal 0 0 1
    outer loop
      vertex 116.5 0 2.5
      vertex 116 3 2.5
      vertex 116 0 2.5
    endloop
  endfacet
  facet normal -1 0 0
    outer loop
      vertex 116 0 2
      vertex 116 3 2.5
      vertex 116 3 2
    endloop
  endfacet
  facet normal -1 -0 0
    outer loop
      vertex 116 3 2.5
      vertex 116 0 2
      vertex 116 0 2.5
    endloop
  endfacet
  facet normal 1 -0 0
    outer loop
      vertex 117.5 0 2.5
      vertex 117.5 3 2
      vertex 117.5 3 2.5
    endloop
  endfacet
  facet normal 1 0 0
    outer loop
      vertex 117.5 3 2
      vertex 117.5 0 2.5
      vertex 117.5 0 2
    endloop
  endfacet
  facet normal -0 0 1
    outer loop
      vertex 117 3 2.5
      vertex 117.5 0 2.5
      vertex 117.5 3 2.5
    endloop
  endfacet
  facet normal 0 0 1
    outer loop
      vertex 117.5 0 2.5
      vertex 117 3 2.5
      vertex 117 0 2.5
    endloop
  endfacet
  facet normal -1 0 0
    outer loop
      vertex 117 0 2
      vertex 117 3 2.5
      vertex 117 3 2
    endloop
  endfacet
  facet normal -1 -0 0
    outer loop
      vertex 117 3 2.5
      vertex 117 0 2
      vertex 117 0 2.5
    endloop
  endfacet
  facet normal 1 -0 0
    outer loop
      vertex 118.5 0 2.5
      vertex 118.5 3 2
      vertex 118.5 3 2.5
    endloop
  endfacet
  facet normal 1 0 0
    outer loop
      vertex 118.5 3 2
      vertex 118.5 0 2.5
      vertex 118.5 0 2
    endloop
  endfacet
  facet normal -0 0 1
    outer loop
      vertex 118 3 2.5
      vertex 118.5 0 2.5
      vertex 118.5 3 2.5
    endloop
  endfacet
  facet normal 0 0 1
    outer loop
      vertex 118.5 0 2.5
      vertex 118 3 2.5
      vertex 118 0 2.5
    endloop
  endfacet
  facet normal -1 0 0
    outer loop
      vertex 118 0 2
      vertex 118 3 2.5
      vertex 118 3 2
    endloop
  endfacet
  facet normal -1 -0 0
    outer loop
      vertex 118 3 2.5
      vertex 118 0 2
      vertex 118 0 2.5
    endloop
  endfacet
  facet normal 1 -0 0
    outer loop
      vertex 119.5 0 2.5
      vertex 119.5 3 2
      vertex 119.5 3 2.5
    endloop
  endfacet
  facet normal 1 0 0
    outer loop
      vertex 119.5 3 2
      vertex 119.5 0 2.5
      vertex 119.5 0 2
    endloop
  endfacet
  facet normal -0 0 1
    outer loop
      vertex 119 3 2.5
      vertex 119.5 0 2.5
      vertex 119.5 3 2.5
    endloop
  endfacet
  facet normal 0 0 1
    outer loop
      vertex 119.5 0 2.5
      vertex 119 3 2.5
      vertex 119 0 2.5
    endloop
  endfacet
  facet normal -1 0 0
    outer loop
      vertex 119 0 2
      vertex 119 3 2.5
      vertex 119 3 2
    endloop
  endfacet
  facet normal -1 -0 0
    outer loop
      vertex 119 3 2.5
      vertex 119 0 2
      vertex 119 0 2.5
    endloop
  endfacet
  facet normal 1 -0 0
    outer loop
      vertex 120.5 0 2.5
      vertex 120.5 3 2
      vertex 120.5 3 2.5
    endloop
  endfacet
  facet normal 1 0 0
    outer loop
      vertex 120.5 3 2
      vertex 120.5 0 2.5
      vertex 120.5 0 2
    endloop
  endfacet
  facet normal -0 0 1
    outer loop
      vertex 120 3 2.5
      vertex 120.5 0 2.5
      vertex 120.5 3 2.5
    endloop
  endfacet
  facet normal 0 0 1
    outer loop
      vertex 120.5 0 2.5
      vertex 120 3 2.5
      vertex 120 0 2.5
    endloop
  endfacet
  facet normal -1 0 0
    outer loop
      vertex 120 0 2
      vertex 120 3 2.5
      vertex 120 3 2
    endloop
  endfacet
  facet normal -1 -0 0
    outer loop
      vertex 120 3 2.5
      vertex 120 0 2
      vertex 120 0 2.5
    endloop
  endfacet
  facet normal 1 -0 0
    outer loop
      vertex 121.5 0 2.5
      vertex 121.5 3 2
      vertex 121.5 3 2.5
    endloop
  endfacet
  facet normal 1 0 0
    outer loop
      vertex 121.5 3 2
      vertex 121.5 0 2.5
      vertex 121.5 0 2
    endloop
  endfacet
  facet normal -0 0 1
    outer loop
      vertex 121 3 2.5
      vertex 121.5 0 2.5
      vertex 121.5 3 2.5
    endloop
  endfacet
  facet normal 0 0 1
    outer loop
      vertex 121.5 0 2.5
      vertex 121 3 2.5
      vertex 121 0 2.5
    endloop
  endfacet
  facet normal -1 0 0
    outer loop
      vertex 121 0 2
      vertex 121 3 2.5
      vertex 121 3 2
    endloop
  endfacet
  facet normal -1 -0 0
    outer loop
      vertex 121 3 2.5
      vertex 121 0 2
      vertex 121 0 2.5
    endloop
  endfacet
  facet normal 1 -0 0
    outer loop
      vertex 122.5 0 2.5
      vertex 122.5 3 2
      vertex 122.5 3 2.5
    endloop
  endfacet
  facet normal 1 0 0
    outer loop
      vertex 122.5 3 2
      vertex 122.5 0 2.5
      vertex 122.5 0 2
    endloop
  endfacet
  facet normal -0 0 1
    outer loop
      vertex 122 3 2.5
      vertex 122.5 0 2.5
      vertex 122.5 3 2.5
    endloop
  endfacet
  facet normal 0 0 1
    outer loop
      vertex 122.5 0 2.5
      vertex 122 3 2.5
      vertex 122 0 2.5
    endloop
  endfacet
  facet normal -1 0 0
    outer loop
      vertex 122 0 2
      vertex 122 3 2.5
      vertex 122 3 2
    endloop
  endfacet
  facet normal -1 -0 0
    outer loop
      vertex 122 3 2.5
      vertex 122 0 2
      vertex 122 0 2.5
    endloop
  endfacet
  facet normal 1 -0 0
    outer loop
      vertex 123.5 0 2.5
      vertex 123.5 3 2
      vertex 123.5 3 2.5
    endloop
  endfacet
  facet normal 1 0 0
    outer loop
      vertex 123.5 3 2
      vertex 123.5 0 2.5
      vertex 123.5 0 2
    endloop
  endfacet
  facet normal -0 0 1
    outer loop
      vertex 123 3 2.5
      vertex 123.5 0 2.5
      vertex 123.5 3 2.5
    endloop
  endfacet
  facet normal 0 0 1
    outer loop
      vertex 123.5 0 2.5
      vertex 123 3 2.5
      vertex 123 0 2.5
    endloop
  endfacet
  facet normal -1 0 0
    outer loop
      vertex 123 0 2
      vertex 123 3 2.5
      vertex 123 3 2
    endloop
  endfacet
  facet normal -1 -0 0
    outer loop
      vertex 123 3 2.5
      vertex 123 0 2
      vertex 123 0 2.5
    endloop
  endfacet
  facet normal 1 -0 0
    outer loop
      vertex 124.5 0 2.5
      vertex 124.5 3 2
      vertex 124.5 3 2.5
    endloop
  endfacet
  facet normal 1 0 0
    outer loop
      vertex 124.5 3 2
      vertex 124.5 0 2.5
      vertex 124.5 0 2
    endloop
  endfacet
  facet normal -0 0 1
    outer loop
      vertex 124 3 2.5
      vertex 124.5 0 2.5
      vertex 124.5 3 2.5
    endloop
  endfacet
  facet normal 0 0 1
    outer loop
      vertex 124.5 0 2.5
      vertex 124 3 2.5
      vertex 124 0 2.5
    endloop
  endfacet
  facet normal -1 0 0
    outer loop
      vertex 124 0 2
      vertex 124 3 2.5
      vertex 124 3 2
    endloop
  endfacet
  facet normal -1 -0 0
    outer loop
      vertex 124 3 2.5
      vertex 124 0 2
      vertex 124 0 2.5
    endloop
  endfacet
  facet normal 1 -0 0
    outer loop
      vertex 125.5 0 2.5
      vertex 125.5 3 2
      vertex 125.5 3 2.5
    endloop
  endfacet
  facet normal 1 0 0
    outer loop
      vertex 125.5 3 2
      vertex 125.5 0 2.5
      vertex 125.5 0 2
    endloop
  endfacet
  facet normal -0 0 1
    outer loop
      vertex 125 3 2.5
      vertex 125.5 0 2.5
      vertex 125.5 3 2.5
    endloop
  endfacet
  facet normal 0 0 1
    outer loop
      vertex 125.5 0 2.5
      vertex 125 3 2.5
      vertex 125 0 2.5
    endloop
  endfacet
  facet normal -1 0 0
    outer loop
      vertex 125 0 2
      vertex 125 3 2.5
      vertex 125 3 2
    endloop
  endfacet
  facet normal -1 -0 0
    outer loop
      vertex 125 3 2.5
      vertex 125 0 2
      vertex 125 0 2.5
    endloop
  endfacet
  facet normal 1 -0 0
    outer loop
      vertex 126.5 0 2.5
      vertex 126.5 3 2
      vertex 126.5 3 2.5
    endloop
  endfacet
  facet normal 1 0 0
    outer loop
      vertex 126.5 3 2
      vertex 126.5 0 2.5
      vertex 126.5 0 2
    endloop
  endfacet
  facet normal -0 0 1
    outer loop
      vertex 126 3 2.5
      vertex 126.5 0 2.5
      vertex 126.5 3 2.5
    endloop
  endfacet
  facet normal 0 0 1
    outer loop
      vertex 126.5 0 2.5
      vertex 126 3 2.5
      vertex 126 0 2.5
    endloop
  endfacet
  facet normal -1 0 0
    outer loop
      vertex 126 0 2
      vertex 126 3 2.5
      vertex 126 3 2
    endloop
  endfacet
  facet normal -1 -0 0
    outer loop
      vertex 126 3 2.5
      vertex 126 0 2
      vertex 126 0 2.5
    endloop
  endfacet
  facet normal 1 -0 0
    outer loop
      vertex 127.5 0 2.5
      vertex 127.5 3 2
      vertex 127.5 3 2.5
    endloop
  endfacet
  facet normal 1 0 0
    outer loop
      vertex 127.5 3 2
      vertex 127.5 0 2.5
      vertex 127.5 0 2
    endloop
  endfacet
  facet normal -0 0 1
    outer loop
      vertex 127 3 2.5
      vertex 127.5 0 2.5
      vertex 127.5 3 2.5
    endloop
  endfacet
  facet normal 0 0 1
    outer loop
      vertex 127.5 0 2.5
      vertex 127 3 2.5
      vertex 127 0 2.5
    endloop
  endfacet
  facet normal -1 0 0
    outer loop
      vertex 127 0 2
      vertex 127 3 2.5
      vertex 127 3 2
    endloop
  endfacet
  facet normal -1 -0 0
    outer loop
      vertex 127 3 2.5
      vertex 127 0 2
      vertex 127 0 2.5
    endloop
  endfacet
  facet normal 1 -0 0
    outer loop
      vertex 128.5 0 2.5
      vertex 128.5 3 2
      vertex 128.5 3 2.5
    endloop
  endfacet
  facet normal 1 0 0
    outer loop
      vertex 128.5 3 2
      vertex 128.5 0 2.5
      vertex 128.5 0 2
    endloop
  endfacet
  facet normal -0 0 1
    outer loop
      vertex 128 3 2.5
      vertex 128.5 0 2.5
      vertex 128.5 3 2.5
    endloop
  endfacet
  facet normal 0 0 1
    outer loop
      vertex 128.5 0 2.5
      vertex 128 3 2.5
      vertex 128 0 2.5
    endloop
  endfacet
  facet normal -1 0 0
    outer loop
      vertex 128 0 2
      vertex 128 3 2.5
      vertex 128 3 2
    endloop
  endfacet
  facet normal -1 -0 0
    outer loop
      vertex 128 3 2.5
      vertex 128 0 2
      vertex 128 0 2.5
    endloop
  endfacet
  facet normal 1 -0 0
    outer loop
      vertex 129.5 0 2.5
      vertex 129.5 3 2
      vertex 129.5 3 2.5
    endloop
  endfacet
  facet normal 1 0 0
    outer loop
      vertex 129.5 3 2
      vertex 129.5 0 2.5
      vertex 129.5 0 2
    endloop
  endfacet
  facet normal -0 0 1
    outer loop
      vertex 129 3 2.5
      vertex 129.5 0 2.5
      vertex 129.5 3 2.5
    endloop
  endfacet
  facet normal 0 0 1
    outer loop
      vertex 129.5 0 2.5
      vertex 129 3 2.5
      vertex 129 0 2.5
    endloop
  endfacet
  facet normal -1 0 0
    outer loop
      vertex 129 0 2
      vertex 129 3 2.5
      vertex 129 3 2
    endloop
  endfacet
  facet normal -1 -0 0
    outer loop
      vertex 129 3 2.5
      vertex 129 0 2
      vertex 129 0 2.5
    endloop
  endfacet
  facet normal 1 -0 0
    outer loop
      vertex 130.5 0 2.5
      vertex 130.5 3 2
      vertex 130.5 3 2.5
    endloop
  endfacet
  facet normal 1 0 0
    outer loop
      vertex 130.5 3 2
      vertex 130.5 0 2.5
      vertex 130.5 0 2
    endloop
  endfacet
  facet normal -0 0 1
    outer loop
      vertex 130 3 2.5
      vertex 130.5 0 2.5
      vertex 130.5 3 2.5
    endloop
  endfacet
  facet normal 0 0 1
    outer loop
      vertex 130.5 0 2.5
      vertex 130 3 2.5
      vertex 130 0 2.5
    endloop
  endfacet
  facet normal -1 0 0
    outer loop
      vertex 130 0 2
      vertex 130 3 2.5
      vertex 130 3 2
    endloop
  endfacet
  facet normal -1 -0 0
    outer loop
      vertex 130 3 2.5
      vertex 130 0 2
      vertex 130 0 2.5
    endloop
  endfacet
  facet normal 1 -0 0
    outer loop
      vertex 131.5 0 2.5
      vertex 131.5 3 2
      vertex 131.5 3 2.5
    endloop
  endfacet
  facet normal 1 0 0
    outer loop
      vertex 131.5 3 2
      vertex 131.5 0 2.5
      vertex 131.5 0 2
    endloop
  endfacet
  facet normal -0 0 1
    outer loop
      vertex 131 3 2.5
      vertex 131.5 0 2.5
      vertex 131.5 3 2.5
    endloop
  endfacet
  facet normal 0 0 1
    outer loop
      vertex 131.5 0 2.5
      vertex 131 3 2.5
      vertex 131 0 2.5
    endloop
  endfacet
  facet normal -1 0 0
    outer loop
      vertex 131 0 2
      vertex 131 3 2.5
      vertex 131 3 2
    endloop
  endfacet
  facet normal -1 -0 0
    outer loop
      vertex 131 3 2.5
      vertex 131 0 2
      vertex 131 0 2.5
    endloop
  endfacet
  facet normal 1 -0 0
    outer loop
      vertex 132.5 0 2.5
      vertex 132.5 3 2
      vertex 132.5 3 2.5
    endloop
  endfacet
  facet normal 1 0 0
    outer loop
      vertex 132.5 3 2
      vertex 132.5 0 2.5
      vertex 132.5 0 2
    endloop
  endfacet
  facet normal -0 0 1
    outer loop
      vertex 132 3 2.5
      vertex 132.5 0 2.5
      vertex 132.5 3 2.5
    endloop
  endfacet
  facet normal 0 0 1
    outer loop
      vertex 132.5 0 2.5
      vertex 132 3 2.5
      vertex 132 0 2.5
    endloop
  endfacet
  facet normal -1 0 0
    outer loop
      vertex 132 0 2
      vertex 132 3 2.5
      vertex 132 3 2
    endloop
  endfacet
  facet normal -1 -0 0
    outer loop
      vertex 132 3 2.5
      vertex 132 0 2
      vertex 132 0 2.5
    endloop
  endfacet
  facet normal 1 -0 0
    outer loop
      vertex 133.5 0 2.5
      vertex 133.5 3 2
      vertex 133.5 3 2.5
    endloop
  endfacet
  facet normal 1 0 0
    outer loop
      vertex 133.5 3 2
      vertex 133.5 0 2.5
      vertex 133.5 0 2
    endloop
  endfacet
  facet normal -0 0 1
    outer loop
      vertex 133 3 2.5
      vertex 133.5 0 2.5
      vertex 133.5 3 2.5
    endloop
  endfacet
  facet normal 0 0 1
    outer loop
      vertex 133.5 0 2.5
      vertex 133 3 2.5
      vertex 133 0 2.5
    endloop
  endfacet
  facet normal -1 0 0
    outer loop
      vertex 133 0 2
      vertex 133 3 2.5
      vertex 133 3 2
    endloop
  endfacet
  facet normal -1 -0 0
    outer loop
      vertex 133 3 2.5
      vertex 133 0 2
      vertex 133 0 2.5
    endloop
  endfacet
  facet normal 1 -0 0
    outer loop
      vertex 134.5 0 2.5
      vertex 134.5 3 2
      vertex 134.5 3 2.5
    endloop
  endfacet
  facet normal 1 0 0
    outer loop
      vertex 134.5 3 2
      vertex 134.5 0 2.5
      vertex 134.5 0 2
    endloop
  endfacet
  facet normal -0 0 1
    outer loop
      vertex 134 3 2.5
      vertex 134.5 0 2.5
      vertex 134.5 3 2.5
    endloop
  endfacet
  facet normal 0 0 1
    outer loop
      vertex 134.5 0 2.5
      vertex 134 3 2.5
      vertex 134 0 2.5
    endloop
  endfacet
  facet normal -1 0 0
    outer loop
      vertex 134 0 2
      vertex 134 3 2.5
      vertex 134 3 2
    endloop
  endfacet
  facet normal -1 -0 0
    outer loop
      vertex 134 3 2.5
      vertex 134 0 2
      vertex 134 0 2.5
    endloop
  endfacet
  facet normal 1 -0 0
    outer loop
      vertex 135.5 0 2.5
      vertex 135.5 3 2
      vertex 135.5 3 2.5
    endloop
  endfacet
  facet normal 1 0 0
    outer loop
      vertex 135.5 3 2
      vertex 135.5 0 2.5
      vertex 135.5 0 2
    endloop
  endfacet
  facet normal -0 0 1
    outer loop
      vertex 135 3 2.5
      vertex 135.5 0 2.5
      vertex 135.5 3 2.5
    endloop
  endfacet
  facet normal 0 0 1
    outer loop
      vertex 135.5 0 2.5
      vertex 135 3 2.5
      vertex 135 0 2.5
    endloop
  endfacet
  facet normal -1 0 0
    outer loop
      vertex 135 0 2
      vertex 135 3 2.5
      vertex 135 3 2
    endloop
  endfacet
  facet normal -1 -0 0
    outer loop
      vertex 135 3 2.5
      vertex 135 0 2
      vertex 135 0 2.5
    endloop
  endfacet
  facet normal 1 -0 0
    outer loop
      vertex 136.5 0 2.5
      vertex 136.5 3 2
      vertex 136.5 3 2.5
    endloop
  endfacet
  facet normal 1 0 0
    outer loop
      vertex 136.5 3 2
      vertex 136.5 0 2.5
      vertex 136.5 0 2
    endloop
  endfacet
  facet normal -0 0 1
    outer loop
      vertex 136 3 2.5
      vertex 136.5 0 2.5
      vertex 136.5 3 2.5
    endloop
  endfacet
  facet normal 0 0 1
    outer loop
      vertex 136.5 0 2.5
      vertex 136 3 2.5
      vertex 136 0 2.5
    endloop
  endfacet
  facet normal -1 0 0
    outer loop
      vertex 136 0 2
      vertex 136 3 2.5
      vertex 136 3 2
    endloop
  endfacet
  facet normal -1 -0 0
    outer loop
      vertex 136 3 2.5
      vertex 136 0 2
      vertex 136 0 2.5
    endloop
  endfacet
  facet normal 1 0 0
    outer loop
      vertex 3 3 0
      vertex 3 2.72459 -0.0435858
      vertex 3 3 -0.179405
    endloop
  endfacet
  facet normal 1 0 -0
    outer loop
      vertex 3 2.72459 -0.0435858
      vertex 3 3 0
      vertex 3 2.59619 0
    endloop
  endfacet
  facet normal 1 -0 0
    outer loop
      vertex 3 0 0
      vertex 3 0.275413 -0.0435858
      vertex 3 0.403812 0
    endloop
  endfacet
  facet normal 1 0 0
    outer loop
      vertex 3 0.275413 -0.0435858
      vertex 3 0 0
      vertex 3 0 -0.179404
    endloop
  endfacet
  facet normal 0 0.321441 -0.94693
    outer loop
      vertex 0 0.275413 -0.0435858
      vertex 3 0.403812 0
      vertex 3 0.275413 -0.0435858
    endloop
  endfacet
  facet normal 0 0.321441 -0.94693
    outer loop
      vertex 3 0.403812 0
      vertex 0 0.275413 -0.0435858
      vertex 0 0.403812 0
    endloop
  endfacet
  facet normal 0 -0.442294 -0.89687
    outer loop
      vertex 0 2.72459 -0.0435858
      vertex 3 3 -0.179405
      vertex 3 2.72459 -0.0435858
    endloop
  endfacet
  facet normal -0 -0.442294 -0.89687
    outer loop
      vertex 3 3 -0.179405
      vertex 0 2.72459 -0.0435858
      vertex 0 3 -0.179405
    endloop
  endfacet
  facet normal 0 -0.321439 -0.94693
    outer loop
      vertex 0 2.59619 0
      vertex 3 2.72459 -0.0435858
      vertex 3 2.59619 0
    endloop
  endfacet
  facet normal -0 -0.321439 -0.94693
    outer loop
      vertex 3 2.72459 -0.0435858
      vertex 0 2.59619 0
      vertex 0 2.72459 -0.0435858
    endloop
  endfacet
  facet normal 0 0.442287 -0.896873
    outer loop
      vertex 0 0 -0.179404
      vertex 3 0.275413 -0.0435858
      vertex 3 0 -0.179404
    endloop
  endfacet
  facet normal 0 0.442287 -0.896873
    outer loop
      vertex 3 0.275413 -0.0435858
      vertex 0 0 -0.179404
      vertex 0 0.275413 -0.0435858
    endloop
  endfacet
  facet normal 1 0 0
    outer loop
      vertex 137.16 3 2
      vertex 137.16 2.72459 -0.0435858
      vertex 137.16 3 -0.179405
    endloop
  endfacet
  facet normal 1 0 0
    outer loop
      vertex 137.16 3 2
      vertex 137.16 2.32822 0.0909624
      vertex 137.16 2.72459 -0.0435858
    endloop
  endfacet
  facet normal 1 0 0
    outer loop
      vertex 137.16 3 2
      vertex 137.16 1.91768 0.172623
      vertex 137.16 2.32822 0.0909624
    endloop
  endfacet
  facet normal 1 0 0
    outer loop
      vertex 137.16 3 2
      vertex 137.16 1.5 0.2
      vertex 137.16 1.91768 0.172623
    endloop
  endfacet
  facet normal 1 -0 0
    outer loop
      vertex 137.16 0 2
      vertex 137.16 1.5 0.2
      vertex 137.16 3 2
    endloop
  endfacet
  facet normal 1 0 0
    outer loop
      vertex 137.16 1.5 0.2
      vertex 137.16 0 2
      vertex 137.16 1.08232 0.172623
    endloop
  endfacet
  facet normal 1 0 0
    outer loop
      vertex 137.16 1.08232 0.172623
      vertex 137.16 0 2
      vertex 137.16 0.671779 0.0909624
    endloop
  endfacet
  facet normal 1 0 0
    outer loop
      vertex 137.16 0.671779 0.0909624
      vertex 137.16 0 2
      vertex 137.16 0.275413 -0.0435858
    endloop
  endfacet
  facet normal 1 0 0
    outer loop
      vertex 137.16 0.275413 -0.0435858
      vertex 137.16 0 2
      vertex 137.16 0 -0.179404
    endloop
  endfacet
  facet normal -1 0 0
    outer loop
      vertex 134.16 2.72459 -0.0435858
      vertex 134.16 3 0
      vertex 134.16 3 -0.179405
    endloop
  endfacet
  facet normal -1 -0 0
    outer loop
      vertex 134.16 3 0
      vertex 134.16 2.72459 -0.0435858
      vertex 134.16 2.59619 0
    endloop
  endfacet
  facet normal -1 0 0
    outer loop
      vertex 134.16 0.275413 -0.0435858
      vertex 134.16 0 0
      vertex 134.16 0.403812 0
    endloop
  endfacet
  facet normal -1 0 0
    outer loop
      vertex 134.16 0 0
      vertex 134.16 0.275413 -0.0435858
      vertex 134.16 0 -0.179404
    endloop
  endfacet
  facet normal 0 0.321441 -0.94693
    outer loop
      vertex 134.16 0.275413 -0.0435858
      vertex 137.16 0.403812 0
      vertex 137.16 0.275413 -0.0435858
    endloop
  endfacet
  facet normal 0 0.321441 -0.94693
    outer loop
      vertex 137.16 0.403812 0
      vertex 134.16 0.275413 -0.0435858
      vertex 134.16 0.403812 0
    endloop
  endfacet
  facet normal -1 0 0
    outer loop
      vertex 137.16 0.275413 -0.0435858
      vertex 137.16 0.403812 0
      vertex 137.16 0.671779 0.0909624
    endloop
  endfacet
  facet normal 0 -0.442294 -0.89687
    outer loop
      vertex 134.16 2.72459 -0.0435858
      vertex 137.16 3 -0.179405
      vertex 137.16 2.72459 -0.0435858
    endloop
  endfacet
  facet normal -0 -0.442294 -0.89687
    outer loop
      vertex 137.16 3 -0.179405
      vertex 134.16 2.72459 -0.0435858
      vertex 134.16 3 -0.179405
    endloop
  endfacet
  facet normal 0 -0.321439 -0.94693
    outer loop
      vertex 134.16 2.59619 0
      vertex 137.16 2.72459 -0.0435858
      vertex 137.16 2.59619 0
    endloop
  endfacet
  facet normal -0 -0.321439 -0.94693
    outer loop
      vertex 137.16 2.72459 -0.0435858
      vertex 134.16 2.59619 0
      vertex 134.16 2.72459 -0.0435858
    endloop
  endfacet
  facet normal -1 -0 -0
    outer loop
      vertex 137.16 2.59619 0
      vertex 137.16 2.72459 -0.0435858
      vertex 137.16 2.32822 0.0909624
    endloop
  endfacet
  facet normal 0 0.442287 -0.896873
    outer loop
      vertex 134.16 0 -0.179404
      vertex 137.16 0.275413 -0.0435858
      vertex 137.16 0 -0.179404
    endloop
  endfacet
  facet normal 0 0.442287 -0.896873
    outer loop
      vertex 137.16 0.275413 -0.0435858
      vertex 134.16 0 -0.179404
      vertex 134.16 0.275413 -0.0435858
    endloop
  endfacet
  facet normal 1 0 0
    outer loop
      vertex 137.16 1.91768 0.172623
      vertex 137.16 2.59619 0
      vertex 137.16 2.32822 0.0909624
    endloop
  endfacet
  facet normal 1 0 0
    outer loop
      vertex 137.16 1.5 0.2
      vertex 137.16 2.59619 0
      vertex 137.16 1.91768 0.172623
    endloop
  endfacet
  facet normal 1 -0 0
    outer loop
      vertex 137.16 1.08232 0.172623
      vertex 137.16 2.59619 0
      vertex 137.16 1.5 0.2
    endloop
  endfacet
  facet normal 1 0 0
    outer loop
      vertex 137.16 0.403812 0
      vertex 137.16 1.08232 0.172623
      vertex 137.16 0.671779 0.0909624
    endloop
  endfacet
  facet normal 1 0 0
    outer loop
      vertex 137.16 1.08232 0.172623
      vertex 137.16 0.403812 0
      vertex 137.16 2.59619 0
    endloop
  endfacet
  facet normal 0 0 -1
    outer loop
      vertex 0 0.403812 0
      vertex 3 2.59619 0
      vertex 3 0.403812 0
    endloop
  endfacet
  facet normal -0 0 -1
    outer loop
      vertex 3 2.59619 0
      vertex 0 0.403812 0
      vertex 0 2.59619 0
    endloop
  endfacet
  facet normal 0 0 -1
    outer loop
      vertex 3 0.403812 0
      vertex 134.16 0.403812 0
      vertex 134.16 0 0
    endloop
  endfacet
  facet normal 0 0 -1
    outer loop
      vertex 134.16 0.403812 0
      vertex 3 0.403812 0
      vertex 134.16 2.59619 0
    endloop
  endfacet
  facet normal 0 0 -1
    outer loop
      vertex 3 0.403812 0
      vertex 134.16 0 0
      vertex 3 0 0
    endloop
  endfacet
  facet normal 0 0 -1
    outer loop
      vertex 3 2.59619 0
      vertex 134.16 2.59619 0
      vertex 3 0.403812 0
    endloop
  endfacet
  facet normal 0 0 -1
    outer loop
      vertex 134.16 2.59619 0
      vertex 3 2.59619 0
      vertex 134.16 3 0
    endloop
  endfacet
  facet normal -0 0 -1
    outer loop
      vertex 134.16 3 0
      vertex 3 2.59619 0
      vertex 3 3 0
    endloop
  endfacet
  facet normal 0 0 -1
    outer loop
      vertex 134.16 0.403812 0
      vertex 137.16 2.59619 0
      vertex 137.16 0.403812 0
    endloop
  endfacet
  facet normal -0 0 -1
    outer loop
      vertex 137.16 2.59619 0
      vertex 134.16 0.403812 0
      vertex 134.16 2.59619 0
    endloop
  endfacet
endsolid OpenSCAD_Model
