solid OpenSCAD_Model
  facet normal 1 0 0
    outer loop
      vertex 2.98 2.4 2
      vertex 2.98 1.2 1
      vertex 2.98 2.4 1
    endloop
  endfacet
  facet normal 1 -0 0
    outer loop
      vertex 2.98 0.799999 2
      vertex 2.98 1.2 1
      vertex 2.98 2.4 2
    endloop
  endfacet
  facet normal 1 0 0
    outer loop
      vertex 2.98 1.2 1
      vertex 2.98 0.799999 2
      vertex 2.98 0.799999 1
    endloop
  endfacet
  facet normal -0 0 1
    outer loop
      vertex 2.1 2.4 2
      vertex 2.98 0.799999 2
      vertex 2.98 2.4 2
    endloop
  endfacet
  facet normal 0 0 1
    outer loop
      vertex 2.98 0.799999 2
      vertex 2.1 2.4 2
      vertex 2.1 0.799999 2
    endloop
  endfacet
  facet normal 0 0 1
    outer loop
      vertex 2.1 1.2 1
      vertex 0 1.2 1
      vertex 2.1 0.799999 1
    endloop
  endfacet
  facet normal 0 0 1
    outer loop
      vertex 7.18 1.2 1
      vertex 2.98 1.2 1
      vertex 7.18 0.799999 1
    endloop
  endfacet
  facet normal 0 0 1
    outer loop
      vertex 12.26 1.2 1
      vertex 8.06 1.2 1
      vertex 12.26 0.799999 1
    endloop
  endfacet
  facet normal 0 0 1
    outer loop
      vertex 17.34 1.2 1
      vertex 13.14 1.2 1
      vertex 17.34 0.799999 1
    endloop
  endfacet
  facet normal 0 0 1
    outer loop
      vertex 22.42 1.2 1
      vertex 18.22 1.2 1
      vertex 22.42 0.799999 1
    endloop
  endfacet
  facet normal 0 0 1
    outer loop
      vertex 27.5 1.2 1
      vertex 23.3 1.2 1
      vertex 27.5 0.799999 1
    endloop
  endfacet
  facet normal 0 0 1
    outer loop
      vertex 32.58 1.2 1
      vertex 28.38 1.2 1
      vertex 32.58 0.799999 1
    endloop
  endfacet
  facet normal 0 0 1
    outer loop
      vertex 37.66 1.2 1
      vertex 33.46 1.2 1
      vertex 37.66 0.799999 1
    endloop
  endfacet
  facet normal 0 0 1
    outer loop
      vertex 42.74 1.2 1
      vertex 38.54 1.2 1
      vertex 42.74 0.799999 1
    endloop
  endfacet
  facet normal 0 0 1
    outer loop
      vertex 47.82 1.2 1
      vertex 43.62 1.2 1
      vertex 47.82 0.799999 1
    endloop
  endfacet
  facet normal 0 0 1
    outer loop
      vertex 52.9 1.2 1
      vertex 48.7 1.2 1
      vertex 52.9 0.799999 1
    endloop
  endfacet
  facet normal 0 0 1
    outer loop
      vertex 57.98 1.2 1
      vertex 53.78 1.2 1
      vertex 57.98 0.799999 1
    endloop
  endfacet
  facet normal 0 0 1
    outer loop
      vertex 63.06 1.2 1
      vertex 58.86 1.2 1
      vertex 63.06 0.799999 1
    endloop
  endfacet
  facet normal 0 0 1
    outer loop
      vertex 68.14 1.2 1
      vertex 63.94 1.2 1
      vertex 68.14 0.799999 1
    endloop
  endfacet
  facet normal 0 0 1
    outer loop
      vertex 73.22 1.2 1
      vertex 69.02 1.2 1
      vertex 73.22 0.799999 1
    endloop
  endfacet
  facet normal 0 0 1
    outer loop
      vertex 78.3 1.2 1
      vertex 74.1 1.2 1
      vertex 78.3 0.799999 1
    endloop
  endfacet
  facet normal 0 0 1
    outer loop
      vertex 83.38 1.2 1
      vertex 79.18 1.2 1
      vertex 83.38 0.799999 1
    endloop
  endfacet
  facet normal 0 0 1
    outer loop
      vertex 88.46 1.2 1
      vertex 84.26 1.2 1
      vertex 88.46 0.799999 1
    endloop
  endfacet
  facet normal 0 0 1
    outer loop
      vertex 93.54 1.2 1
      vertex 89.34 1.2 1
      vertex 93.54 0.799999 1
    endloop
  endfacet
  facet normal 0 0 1
    outer loop
      vertex 98.62 1.2 1
      vertex 94.42 1.2 1
      vertex 98.62 0.799999 1
    endloop
  endfacet
  facet normal 0 0 1
    outer loop
      vertex 103.7 1.2 1
      vertex 99.5 1.2 1
      vertex 103.7 0.799999 1
    endloop
  endfacet
  facet normal 0 0 1
    outer loop
      vertex 108.78 1.2 1
      vertex 104.58 1.2 1
      vertex 108.78 0.799999 1
    endloop
  endfacet
  facet normal 0 0 1
    outer loop
      vertex 113.86 1.2 1
      vertex 109.66 1.2 1
      vertex 113.86 0.799999 1
    endloop
  endfacet
  facet normal 0 0 1
    outer loop
      vertex 118.94 1.2 1
      vertex 114.74 1.2 1
      vertex 118.94 0.799999 1
    endloop
  endfacet
  facet normal 0 0 1
    outer loop
      vertex 124.02 1.2 1
      vertex 119.82 1.2 1
      vertex 124.02 0.799999 1
    endloop
  endfacet
  facet normal 0 0 1
    outer loop
      vertex 129.1 1.2 1
      vertex 124.9 1.2 1
      vertex 129.1 0.799999 1
    endloop
  endfacet
  facet normal 0 0 1
    outer loop
      vertex 134.18 1.2 1
      vertex 129.98 1.2 1
      vertex 134.18 0.799999 1
    endloop
  endfacet
  facet normal 0 0 1
    outer loop
      vertex 139.26 1.2 1
      vertex 135.06 1.2 1
      vertex 139.26 0.799999 1
    endloop
  endfacet
  facet normal 0 0 1
    outer loop
      vertex 144.34 1.2 1
      vertex 140.14 1.2 1
      vertex 144.34 0.799999 1
    endloop
  endfacet
  facet normal 0 0 1
    outer loop
      vertex 149.42 1.2 1
      vertex 145.22 1.2 1
      vertex 149.42 0.799999 1
    endloop
  endfacet
  facet normal 0 0 1
    outer loop
      vertex 154.5 1.2 1
      vertex 150.3 1.2 1
      vertex 154.5 0.799999 1
    endloop
  endfacet
  facet normal 0 0 1
    outer loop
      vertex 159.58 1.2 1
      vertex 155.38 1.2 1
      vertex 159.58 0.799999 1
    endloop
  endfacet
  facet normal 0 0 1
    outer loop
      vertex 164.66 1.2 1
      vertex 160.46 1.2 1
      vertex 164.66 0.799999 1
    endloop
  endfacet
  facet normal 0 0 1
    outer loop
      vertex 169.74 1.2 1
      vertex 165.54 1.2 1
      vertex 169.74 0.799999 1
    endloop
  endfacet
  facet normal 0 0 1
    outer loop
      vertex 174.82 1.2 1
      vertex 170.62 1.2 1
      vertex 174.82 0.799999 1
    endloop
  endfacet
  facet normal 0 0 1
    outer loop
      vertex 179.9 1.2 1
      vertex 175.7 1.2 1
      vertex 179.9 0.799999 1
    endloop
  endfacet
  facet normal 0 0 1
    outer loop
      vertex 184.98 1.2 1
      vertex 180.78 1.2 1
      vertex 184.98 0.799999 1
    endloop
  endfacet
  facet normal 0 0 1
    outer loop
      vertex 190.06 1.2 1
      vertex 185.86 1.2 1
      vertex 190.06 0.799999 1
    endloop
  endfacet
  facet normal 0 0 1
    outer loop
      vertex 195.14 1.2 1
      vertex 190.94 1.2 1
      vertex 195.14 0.799999 1
    endloop
  endfacet
  facet normal 0 0 1
    outer loop
      vertex 200.22 1.2 1
      vertex 196.02 1.2 1
      vertex 200.22 0.799999 1
    endloop
  endfacet
  facet normal 0 0 1
    outer loop
      vertex 205.3 1.2 1
      vertex 201.1 1.2 1
      vertex 205.3 0.799999 1
    endloop
  endfacet
  facet normal 0 0 1
    outer loop
      vertex 210.38 1.2 1
      vertex 206.18 1.2 1
      vertex 210.38 0.799999 1
    endloop
  endfacet
  facet normal 0 0 1
    outer loop
      vertex 215.46 1.2 1
      vertex 211.26 1.2 1
      vertex 215.46 0.799999 1
    endloop
  endfacet
  facet normal 0 0 1
    outer loop
      vertex 220.54 1.2 1
      vertex 216.34 1.2 1
      vertex 220.54 0.799999 1
    endloop
  endfacet
  facet normal 0 0 1
    outer loop
      vertex 225.62 1.2 1
      vertex 221.42 1.2 1
      vertex 225.62 0.799999 1
    endloop
  endfacet
  facet normal 0 0 1
    outer loop
      vertex 230.7 1.2 1
      vertex 226.5 1.2 1
      vertex 230.7 0.799999 1
    endloop
  endfacet
  facet normal 0 0 1
    outer loop
      vertex 235.78 1.2 1
      vertex 231.58 1.2 1
      vertex 235.78 0.799999 1
    endloop
  endfacet
  facet normal 0 0 1
    outer loop
      vertex 240.86 1.2 1
      vertex 236.66 1.2 1
      vertex 240.86 0.799999 1
    endloop
  endfacet
  facet normal 0 0 1
    outer loop
      vertex 245.94 1.2 1
      vertex 241.74 1.2 1
      vertex 245.94 0.799999 1
    endloop
  endfacet
  facet normal 0 0 1
    outer loop
      vertex 251.02 1.2 1
      vertex 246.82 1.2 1
      vertex 251.02 0.799999 1
    endloop
  endfacet
  facet normal 0 0 1
    outer loop
      vertex 256.1 1.2 1
      vertex 251.9 1.2 1
      vertex 256.1 0.799999 1
    endloop
  endfacet
  facet normal 0 0 1
    outer loop
      vertex 261.18 1.2 1
      vertex 256.98 1.2 1
      vertex 261.18 0.799999 1
    endloop
  endfacet
  facet normal 0 0 1
    outer loop
      vertex 266.26 1.2 1
      vertex 262.06 1.2 1
      vertex 266.26 0.799999 1
    endloop
  endfacet
  facet normal 0 0 1
    outer loop
      vertex 271.34 1.2 1
      vertex 267.14 1.2 1
      vertex 271.34 0.799999 1
    endloop
  endfacet
  facet normal 0 0 1
    outer loop
      vertex 276.42 1.2 1
      vertex 272.22 1.2 1
      vertex 276.42 0.799999 1
    endloop
  endfacet
  facet normal 0 0 1
    outer loop
      vertex 281.5 1.2 1
      vertex 277.3 1.2 1
      vertex 281.5 0.799999 1
    endloop
  endfacet
  facet normal 0 0 1
    outer loop
      vertex 286.58 1.2 1
      vertex 282.38 1.2 1
      vertex 286.58 0.799999 1
    endloop
  endfacet
  facet normal 0 0 1
    outer loop
      vertex 291.66 1.2 1
      vertex 287.46 1.2 1
      vertex 291.66 0.799999 1
    endloop
  endfacet
  facet normal 0 0 1
    outer loop
      vertex 296.74 1.2 1
      vertex 292.54 1.2 1
      vertex 296.74 0.799999 1
    endloop
  endfacet
  facet normal 0 0 1
    outer loop
      vertex 301.82 1.2 1
      vertex 297.62 1.2 1
      vertex 301.82 0.799999 1
    endloop
  endfacet
  facet normal 0 0 1
    outer loop
      vertex 306.9 1.2 1
      vertex 302.7 1.2 1
      vertex 306.9 0.799999 1
    endloop
  endfacet
  facet normal 0 0 1
    outer loop
      vertex 311.98 1.2 1
      vertex 307.78 1.2 1
      vertex 311.98 0.799999 1
    endloop
  endfacet
  facet normal 0 0 1
    outer loop
      vertex 317.06 1.2 1
      vertex 312.86 1.2 1
      vertex 317.06 0.799999 1
    endloop
  endfacet
  facet normal 0 0 1
    outer loop
      vertex 322.14 1.2 1
      vertex 317.94 1.2 1
      vertex 322.14 0.799999 1
    endloop
  endfacet
  facet normal 0 0 1
    outer loop
      vertex 327.22 1.2 1
      vertex 323.02 1.2 1
      vertex 327.22 0.799999 1
    endloop
  endfacet
  facet normal 0 0 1
    outer loop
      vertex 332.3 1.2 1
      vertex 328.1 1.2 1
      vertex 332.3 0.799999 1
    endloop
  endfacet
  facet normal 0 0 1
    outer loop
      vertex 337.38 1.2 1
      vertex 333.18 1.2 1
      vertex 337.38 0.799999 1
    endloop
  endfacet
  facet normal 0 0 1
    outer loop
      vertex 342.46 1.2 1
      vertex 338.26 1.2 1
      vertex 342.46 0.799999 1
    endloop
  endfacet
  facet normal 0 0 1
    outer loop
      vertex 347.54 1.2 1
      vertex 343.34 1.2 1
      vertex 347.54 0.799999 1
    endloop
  endfacet
  facet normal 0 0 1
    outer loop
      vertex 352.62 1.2 1
      vertex 348.42 1.2 1
      vertex 352.62 0.799999 1
    endloop
  endfacet
  facet normal 0 0 1
    outer loop
      vertex 357.7 1.2 1
      vertex 353.5 1.2 1
      vertex 357.7 0.799999 1
    endloop
  endfacet
  facet normal 0 0 1
    outer loop
      vertex 362.78 1.2 1
      vertex 358.58 1.2 1
      vertex 362.78 0.799999 1
    endloop
  endfacet
  facet normal 0 0 1
    outer loop
      vertex 367.86 1.2 1
      vertex 363.66 1.2 1
      vertex 367.86 0.799999 1
    endloop
  endfacet
  facet normal 0 0 1
    outer loop
      vertex 372.94 1.2 1
      vertex 368.74 1.2 1
      vertex 372.94 0.799999 1
    endloop
  endfacet
  facet normal 0 0 1
    outer loop
      vertex 378.02 1.2 1
      vertex 373.82 1.2 1
      vertex 378.02 0.799999 1
    endloop
  endfacet
  facet normal 0 0 1
    outer loop
      vertex 383.1 1.2 1
      vertex 378.9 1.2 1
      vertex 383.1 0.799999 1
    endloop
  endfacet
  facet normal 0 0 1
    outer loop
      vertex 388.18 1.2 1
      vertex 383.98 1.2 1
      vertex 388.18 0.799999 1
    endloop
  endfacet
  facet normal 0 0 1
    outer loop
      vertex 393.26 1.2 1
      vertex 389.06 1.2 1
      vertex 393.26 0.799999 1
    endloop
  endfacet
  facet normal 0 0 1
    outer loop
      vertex 398.34 1.2 1
      vertex 394.14 1.2 1
      vertex 398.34 0.799999 1
    endloop
  endfacet
  facet normal 0 0 1
    outer loop
      vertex 403.42 1.2 1
      vertex 399.22 1.2 1
      vertex 403.42 0.799999 1
    endloop
  endfacet
  facet normal 0 0 1
    outer loop
      vertex 404.3 0.799999 1
      vertex 406.4 1.2 1
      vertex 404.3 1.2 1
    endloop
  endfacet
  facet normal 0 0 1
    outer loop
      vertex 406.4 1.2 1
      vertex 404.3 0.799999 1
      vertex 406.4 0 1
    endloop
  endfacet
  facet normal -0 0 1
    outer loop
      vertex 403.42 0.799999 1
      vertex 406.4 0 1
      vertex 404.3 0.799999 1
    endloop
  endfacet
  facet normal 0 0 1
    outer loop
      vertex 399.22 0.799999 1
      vertex 403.42 0.799999 1
      vertex 399.22 1.2 1
    endloop
  endfacet
  facet normal 0 0 1
    outer loop
      vertex 403.42 0.799999 1
      vertex 399.22 0.799999 1
      vertex 406.4 0 1
    endloop
  endfacet
  facet normal -0 0 1
    outer loop
      vertex 398.34 0.799999 1
      vertex 406.4 0 1
      vertex 399.22 0.799999 1
    endloop
  endfacet
  facet normal 0 0 1
    outer loop
      vertex 394.14 0.799999 1
      vertex 398.34 0.799999 1
      vertex 394.14 1.2 1
    endloop
  endfacet
  facet normal 0 0 1
    outer loop
      vertex 398.34 0.799999 1
      vertex 394.14 0.799999 1
      vertex 406.4 0 1
    endloop
  endfacet
  facet normal -0 0 1
    outer loop
      vertex 393.26 0.799999 1
      vertex 406.4 0 1
      vertex 394.14 0.799999 1
    endloop
  endfacet
  facet normal 0 0 1
    outer loop
      vertex 389.06 0.799999 1
      vertex 393.26 0.799999 1
      vertex 389.06 1.2 1
    endloop
  endfacet
  facet normal -0 0 1
    outer loop
      vertex 389.06 0.799999 1
      vertex 406.4 0 1
      vertex 393.26 0.799999 1
    endloop
  endfacet
  facet normal -0 0 1
    outer loop
      vertex 388.18 0.799999 1
      vertex 406.4 0 1
      vertex 389.06 0.799999 1
    endloop
  endfacet
  facet normal 0 0 1
    outer loop
      vertex 383.98 0.799999 1
      vertex 388.18 0.799999 1
      vertex 383.98 1.2 1
    endloop
  endfacet
  facet normal -0 0 1
    outer loop
      vertex 383.98 0.799999 1
      vertex 406.4 0 1
      vertex 388.18 0.799999 1
    endloop
  endfacet
  facet normal -0 0 1
    outer loop
      vertex 383.1 0.799999 1
      vertex 406.4 0 1
      vertex 383.98 0.799999 1
    endloop
  endfacet
  facet normal 0 0 1
    outer loop
      vertex 378.9 0.799999 1
      vertex 383.1 0.799999 1
      vertex 378.9 1.2 1
    endloop
  endfacet
  facet normal -0 0 1
    outer loop
      vertex 378.9 0.799999 1
      vertex 406.4 0 1
      vertex 383.1 0.799999 1
    endloop
  endfacet
  facet normal -0 0 1
    outer loop
      vertex 378.02 0.799999 1
      vertex 406.4 0 1
      vertex 378.9 0.799999 1
    endloop
  endfacet
  facet normal 0 0 1
    outer loop
      vertex 373.82 0.799999 1
      vertex 378.02 0.799999 1
      vertex 373.82 1.2 1
    endloop
  endfacet
  facet normal -0 0 1
    outer loop
      vertex 373.82 0.799999 1
      vertex 406.4 0 1
      vertex 378.02 0.799999 1
    endloop
  endfacet
  facet normal -0 0 1
    outer loop
      vertex 372.94 0.799999 1
      vertex 406.4 0 1
      vertex 373.82 0.799999 1
    endloop
  endfacet
  facet normal 0 0 1
    outer loop
      vertex 368.74 0.799999 1
      vertex 372.94 0.799999 1
      vertex 368.74 1.2 1
    endloop
  endfacet
  facet normal -0 0 1
    outer loop
      vertex 368.74 0.799999 1
      vertex 406.4 0 1
      vertex 372.94 0.799999 1
    endloop
  endfacet
  facet normal -0 0 1
    outer loop
      vertex 367.86 0.799999 1
      vertex 406.4 0 1
      vertex 368.74 0.799999 1
    endloop
  endfacet
  facet normal 0 0 1
    outer loop
      vertex 363.66 0.799999 1
      vertex 367.86 0.799999 1
      vertex 363.66 1.2 1
    endloop
  endfacet
  facet normal -0 0 1
    outer loop
      vertex 363.66 0.799999 1
      vertex 406.4 0 1
      vertex 367.86 0.799999 1
    endloop
  endfacet
  facet normal -0 0 1
    outer loop
      vertex 362.78 0.799999 1
      vertex 406.4 0 1
      vertex 363.66 0.799999 1
    endloop
  endfacet
  facet normal 0 0 1
    outer loop
      vertex 358.58 0.799999 1
      vertex 362.78 0.799999 1
      vertex 358.58 1.2 1
    endloop
  endfacet
  facet normal -0 0 1
    outer loop
      vertex 358.58 0.799999 1
      vertex 406.4 0 1
      vertex 362.78 0.799999 1
    endloop
  endfacet
  facet normal -0 0 1
    outer loop
      vertex 357.7 0.799999 1
      vertex 406.4 0 1
      vertex 358.58 0.799999 1
    endloop
  endfacet
  facet normal 0 0 1
    outer loop
      vertex 353.5 0.799999 1
      vertex 357.7 0.799999 1
      vertex 353.5 1.2 1
    endloop
  endfacet
  facet normal -0 0 1
    outer loop
      vertex 353.5 0.799999 1
      vertex 406.4 0 1
      vertex 357.7 0.799999 1
    endloop
  endfacet
  facet normal -0 0 1
    outer loop
      vertex 352.62 0.799999 1
      vertex 406.4 0 1
      vertex 353.5 0.799999 1
    endloop
  endfacet
  facet normal 0 0 1
    outer loop
      vertex 348.42 0.799999 1
      vertex 352.62 0.799999 1
      vertex 348.42 1.2 1
    endloop
  endfacet
  facet normal -0 0 1
    outer loop
      vertex 348.42 0.799999 1
      vertex 406.4 0 1
      vertex 352.62 0.799999 1
    endloop
  endfacet
  facet normal -0 0 1
    outer loop
      vertex 347.54 0.799999 1
      vertex 406.4 0 1
      vertex 348.42 0.799999 1
    endloop
  endfacet
  facet normal 0 0 1
    outer loop
      vertex 343.34 0.799999 1
      vertex 347.54 0.799999 1
      vertex 343.34 1.2 1
    endloop
  endfacet
  facet normal -0 0 1
    outer loop
      vertex 343.34 0.799999 1
      vertex 406.4 0 1
      vertex 347.54 0.799999 1
    endloop
  endfacet
  facet normal -0 0 1
    outer loop
      vertex 342.46 0.799999 1
      vertex 406.4 0 1
      vertex 343.34 0.799999 1
    endloop
  endfacet
  facet normal 0 0 1
    outer loop
      vertex 338.26 0.799999 1
      vertex 342.46 0.799999 1
      vertex 338.26 1.2 1
    endloop
  endfacet
  facet normal -0 0 1
    outer loop
      vertex 338.26 0.799999 1
      vertex 406.4 0 1
      vertex 342.46 0.799999 1
    endloop
  endfacet
  facet normal -0 0 1
    outer loop
      vertex 337.38 0.799999 1
      vertex 406.4 0 1
      vertex 338.26 0.799999 1
    endloop
  endfacet
  facet normal 0 0 1
    outer loop
      vertex 333.18 0.799999 1
      vertex 337.38 0.799999 1
      vertex 333.18 1.2 1
    endloop
  endfacet
  facet normal -0 0 1
    outer loop
      vertex 333.18 0.799999 1
      vertex 406.4 0 1
      vertex 337.38 0.799999 1
    endloop
  endfacet
  facet normal -0 0 1
    outer loop
      vertex 332.3 0.799999 1
      vertex 406.4 0 1
      vertex 333.18 0.799999 1
    endloop
  endfacet
  facet normal 0 0 1
    outer loop
      vertex 328.1 0.799999 1
      vertex 332.3 0.799999 1
      vertex 328.1 1.2 1
    endloop
  endfacet
  facet normal -0 0 1
    outer loop
      vertex 328.1 0.799999 1
      vertex 406.4 0 1
      vertex 332.3 0.799999 1
    endloop
  endfacet
  facet normal -0 0 1
    outer loop
      vertex 327.22 0.799999 1
      vertex 406.4 0 1
      vertex 328.1 0.799999 1
    endloop
  endfacet
  facet normal 0 0 1
    outer loop
      vertex 323.02 0.799999 1
      vertex 327.22 0.799999 1
      vertex 323.02 1.2 1
    endloop
  endfacet
  facet normal -0 0 1
    outer loop
      vertex 323.02 0.799999 1
      vertex 406.4 0 1
      vertex 327.22 0.799999 1
    endloop
  endfacet
  facet normal -0 0 1
    outer loop
      vertex 322.14 0.799999 1
      vertex 406.4 0 1
      vertex 323.02 0.799999 1
    endloop
  endfacet
  facet normal 0 0 1
    outer loop
      vertex 317.94 0.799999 1
      vertex 322.14 0.799999 1
      vertex 317.94 1.2 1
    endloop
  endfacet
  facet normal -0 0 1
    outer loop
      vertex 317.94 0.799999 1
      vertex 406.4 0 1
      vertex 322.14 0.799999 1
    endloop
  endfacet
  facet normal -0 0 1
    outer loop
      vertex 317.06 0.799999 1
      vertex 406.4 0 1
      vertex 317.94 0.799999 1
    endloop
  endfacet
  facet normal 0 0 1
    outer loop
      vertex 312.86 0.799999 1
      vertex 317.06 0.799999 1
      vertex 312.86 1.2 1
    endloop
  endfacet
  facet normal -0 0 1
    outer loop
      vertex 312.86 0.799999 1
      vertex 406.4 0 1
      vertex 317.06 0.799999 1
    endloop
  endfacet
  facet normal -0 0 1
    outer loop
      vertex 311.98 0.799999 1
      vertex 406.4 0 1
      vertex 312.86 0.799999 1
    endloop
  endfacet
  facet normal 0 0 1
    outer loop
      vertex 307.78 0.799999 1
      vertex 311.98 0.799999 1
      vertex 307.78 1.2 1
    endloop
  endfacet
  facet normal -0 0 1
    outer loop
      vertex 307.78 0.799999 1
      vertex 406.4 0 1
      vertex 311.98 0.799999 1
    endloop
  endfacet
  facet normal -0 0 1
    outer loop
      vertex 306.9 0.799999 1
      vertex 406.4 0 1
      vertex 307.78 0.799999 1
    endloop
  endfacet
  facet normal 0 0 1
    outer loop
      vertex 302.7 0.799999 1
      vertex 306.9 0.799999 1
      vertex 302.7 1.2 1
    endloop
  endfacet
  facet normal -0 0 1
    outer loop
      vertex 302.7 0.799999 1
      vertex 406.4 0 1
      vertex 306.9 0.799999 1
    endloop
  endfacet
  facet normal -0 0 1
    outer loop
      vertex 301.82 0.799999 1
      vertex 406.4 0 1
      vertex 302.7 0.799999 1
    endloop
  endfacet
  facet normal 0 0 1
    outer loop
      vertex 297.62 0.799999 1
      vertex 301.82 0.799999 1
      vertex 297.62 1.2 1
    endloop
  endfacet
  facet normal -0 0 1
    outer loop
      vertex 297.62 0.799999 1
      vertex 406.4 0 1
      vertex 301.82 0.799999 1
    endloop
  endfacet
  facet normal -0 0 1
    outer loop
      vertex 296.74 0.799999 1
      vertex 406.4 0 1
      vertex 297.62 0.799999 1
    endloop
  endfacet
  facet normal 0 0 1
    outer loop
      vertex 292.54 0.799999 1
      vertex 296.74 0.799999 1
      vertex 292.54 1.2 1
    endloop
  endfacet
  facet normal -0 0 1
    outer loop
      vertex 292.54 0.799999 1
      vertex 406.4 0 1
      vertex 296.74 0.799999 1
    endloop
  endfacet
  facet normal -0 0 1
    outer loop
      vertex 291.66 0.799999 1
      vertex 406.4 0 1
      vertex 292.54 0.799999 1
    endloop
  endfacet
  facet normal 0 0 1
    outer loop
      vertex 287.46 0.799999 1
      vertex 291.66 0.799999 1
      vertex 287.46 1.2 1
    endloop
  endfacet
  facet normal -0 0 1
    outer loop
      vertex 287.46 0.799999 1
      vertex 406.4 0 1
      vertex 291.66 0.799999 1
    endloop
  endfacet
  facet normal -0 0 1
    outer loop
      vertex 286.58 0.799999 1
      vertex 406.4 0 1
      vertex 287.46 0.799999 1
    endloop
  endfacet
  facet normal 0 0 1
    outer loop
      vertex 282.38 0.799999 1
      vertex 286.58 0.799999 1
      vertex 282.38 1.2 1
    endloop
  endfacet
  facet normal -0 0 1
    outer loop
      vertex 282.38 0.799999 1
      vertex 406.4 0 1
      vertex 286.58 0.799999 1
    endloop
  endfacet
  facet normal -0 0 1
    outer loop
      vertex 281.5 0.799999 1
      vertex 406.4 0 1
      vertex 282.38 0.799999 1
    endloop
  endfacet
  facet normal 0 0 1
    outer loop
      vertex 277.3 0.799999 1
      vertex 281.5 0.799999 1
      vertex 277.3 1.2 1
    endloop
  endfacet
  facet normal -0 0 1
    outer loop
      vertex 277.3 0.799999 1
      vertex 406.4 0 1
      vertex 281.5 0.799999 1
    endloop
  endfacet
  facet normal -0 0 1
    outer loop
      vertex 276.42 0.799999 1
      vertex 406.4 0 1
      vertex 277.3 0.799999 1
    endloop
  endfacet
  facet normal 0 0 1
    outer loop
      vertex 272.22 0.799999 1
      vertex 276.42 0.799999 1
      vertex 272.22 1.2 1
    endloop
  endfacet
  facet normal -0 0 1
    outer loop
      vertex 272.22 0.799999 1
      vertex 406.4 0 1
      vertex 276.42 0.799999 1
    endloop
  endfacet
  facet normal -0 0 1
    outer loop
      vertex 271.34 0.799999 1
      vertex 406.4 0 1
      vertex 272.22 0.799999 1
    endloop
  endfacet
  facet normal 0 0 1
    outer loop
      vertex 267.14 0.799999 1
      vertex 271.34 0.799999 1
      vertex 267.14 1.2 1
    endloop
  endfacet
  facet normal -0 0 1
    outer loop
      vertex 267.14 0.799999 1
      vertex 406.4 0 1
      vertex 271.34 0.799999 1
    endloop
  endfacet
  facet normal -0 0 1
    outer loop
      vertex 266.26 0.799999 1
      vertex 406.4 0 1
      vertex 267.14 0.799999 1
    endloop
  endfacet
  facet normal 0 0 1
    outer loop
      vertex 262.06 0.799999 1
      vertex 266.26 0.799999 1
      vertex 262.06 1.2 1
    endloop
  endfacet
  facet normal -0 0 1
    outer loop
      vertex 262.06 0.799999 1
      vertex 406.4 0 1
      vertex 266.26 0.799999 1
    endloop
  endfacet
  facet normal -0 0 1
    outer loop
      vertex 261.18 0.799999 1
      vertex 406.4 0 1
      vertex 262.06 0.799999 1
    endloop
  endfacet
  facet normal 0 0 1
    outer loop
      vertex 256.98 0.799999 1
      vertex 261.18 0.799999 1
      vertex 256.98 1.2 1
    endloop
  endfacet
  facet normal -0 0 1
    outer loop
      vertex 256.98 0.799999 1
      vertex 406.4 0 1
      vertex 261.18 0.799999 1
    endloop
  endfacet
  facet normal -0 0 1
    outer loop
      vertex 256.1 0.799999 1
      vertex 406.4 0 1
      vertex 256.98 0.799999 1
    endloop
  endfacet
  facet normal 0 0 1
    outer loop
      vertex 251.9 0.799999 1
      vertex 256.1 0.799999 1
      vertex 251.9 1.2 1
    endloop
  endfacet
  facet normal -0 0 1
    outer loop
      vertex 251.9 0.799999 1
      vertex 406.4 0 1
      vertex 256.1 0.799999 1
    endloop
  endfacet
  facet normal -0 0 1
    outer loop
      vertex 251.02 0.799999 1
      vertex 406.4 0 1
      vertex 251.9 0.799999 1
    endloop
  endfacet
  facet normal 0 0 1
    outer loop
      vertex 246.82 0.799999 1
      vertex 251.02 0.799999 1
      vertex 246.82 1.2 1
    endloop
  endfacet
  facet normal -0 0 1
    outer loop
      vertex 246.82 0.799999 1
      vertex 406.4 0 1
      vertex 251.02 0.799999 1
    endloop
  endfacet
  facet normal -0 0 1
    outer loop
      vertex 245.94 0.799999 1
      vertex 406.4 0 1
      vertex 246.82 0.799999 1
    endloop
  endfacet
  facet normal 0 0 1
    outer loop
      vertex 241.74 0.799999 1
      vertex 245.94 0.799999 1
      vertex 241.74 1.2 1
    endloop
  endfacet
  facet normal -0 0 1
    outer loop
      vertex 241.74 0.799999 1
      vertex 406.4 0 1
      vertex 245.94 0.799999 1
    endloop
  endfacet
  facet normal -0 0 1
    outer loop
      vertex 240.86 0.799999 1
      vertex 406.4 0 1
      vertex 241.74 0.799999 1
    endloop
  endfacet
  facet normal 0 0 1
    outer loop
      vertex 236.66 0.799999 1
      vertex 240.86 0.799999 1
      vertex 236.66 1.2 1
    endloop
  endfacet
  facet normal -0 0 1
    outer loop
      vertex 236.66 0.799999 1
      vertex 406.4 0 1
      vertex 240.86 0.799999 1
    endloop
  endfacet
  facet normal -0 0 1
    outer loop
      vertex 235.78 0.799999 1
      vertex 406.4 0 1
      vertex 236.66 0.799999 1
    endloop
  endfacet
  facet normal 0 0 1
    outer loop
      vertex 231.58 0.799999 1
      vertex 235.78 0.799999 1
      vertex 231.58 1.2 1
    endloop
  endfacet
  facet normal -0 0 1
    outer loop
      vertex 231.58 0.799999 1
      vertex 406.4 0 1
      vertex 235.78 0.799999 1
    endloop
  endfacet
  facet normal -0 0 1
    outer loop
      vertex 230.7 0.799999 1
      vertex 406.4 0 1
      vertex 231.58 0.799999 1
    endloop
  endfacet
  facet normal 0 0 1
    outer loop
      vertex 226.5 0.799999 1
      vertex 230.7 0.799999 1
      vertex 226.5 1.2 1
    endloop
  endfacet
  facet normal -0 0 1
    outer loop
      vertex 226.5 0.799999 1
      vertex 406.4 0 1
      vertex 230.7 0.799999 1
    endloop
  endfacet
  facet normal -0 0 1
    outer loop
      vertex 225.62 0.799999 1
      vertex 406.4 0 1
      vertex 226.5 0.799999 1
    endloop
  endfacet
  facet normal 0 0 1
    outer loop
      vertex 221.42 0.799999 1
      vertex 225.62 0.799999 1
      vertex 221.42 1.2 1
    endloop
  endfacet
  facet normal -0 0 1
    outer loop
      vertex 221.42 0.799999 1
      vertex 406.4 0 1
      vertex 225.62 0.799999 1
    endloop
  endfacet
  facet normal -0 0 1
    outer loop
      vertex 220.54 0.799999 1
      vertex 406.4 0 1
      vertex 221.42 0.799999 1
    endloop
  endfacet
  facet normal 0 0 1
    outer loop
      vertex 216.34 0.799999 1
      vertex 220.54 0.799999 1
      vertex 216.34 1.2 1
    endloop
  endfacet
  facet normal -0 0 1
    outer loop
      vertex 216.34 0.799999 1
      vertex 406.4 0 1
      vertex 220.54 0.799999 1
    endloop
  endfacet
  facet normal -0 0 1
    outer loop
      vertex 215.46 0.799999 1
      vertex 406.4 0 1
      vertex 216.34 0.799999 1
    endloop
  endfacet
  facet normal 0 0 1
    outer loop
      vertex 211.26 0.799999 1
      vertex 215.46 0.799999 1
      vertex 211.26 1.2 1
    endloop
  endfacet
  facet normal -0 0 1
    outer loop
      vertex 211.26 0.799999 1
      vertex 406.4 0 1
      vertex 215.46 0.799999 1
    endloop
  endfacet
  facet normal -0 0 1
    outer loop
      vertex 210.38 0.799999 1
      vertex 406.4 0 1
      vertex 211.26 0.799999 1
    endloop
  endfacet
  facet normal 0 0 1
    outer loop
      vertex 206.18 0.799999 1
      vertex 210.38 0.799999 1
      vertex 206.18 1.2 1
    endloop
  endfacet
  facet normal -0 0 1
    outer loop
      vertex 206.18 0.799999 1
      vertex 406.4 0 1
      vertex 210.38 0.799999 1
    endloop
  endfacet
  facet normal -0 0 1
    outer loop
      vertex 205.3 0.799999 1
      vertex 406.4 0 1
      vertex 206.18 0.799999 1
    endloop
  endfacet
  facet normal 0 0 1
    outer loop
      vertex 201.1 0.799999 1
      vertex 205.3 0.799999 1
      vertex 201.1 1.2 1
    endloop
  endfacet
  facet normal -0 0 1
    outer loop
      vertex 201.1 0.799999 1
      vertex 406.4 0 1
      vertex 205.3 0.799999 1
    endloop
  endfacet
  facet normal -0 0 1
    outer loop
      vertex 200.22 0.799999 1
      vertex 406.4 0 1
      vertex 201.1 0.799999 1
    endloop
  endfacet
  facet normal 0 0 1
    outer loop
      vertex 196.02 0.799999 1
      vertex 200.22 0.799999 1
      vertex 196.02 1.2 1
    endloop
  endfacet
  facet normal -0 0 1
    outer loop
      vertex 196.02 0.799999 1
      vertex 406.4 0 1
      vertex 200.22 0.799999 1
    endloop
  endfacet
  facet normal -0 0 1
    outer loop
      vertex 195.14 0.799999 1
      vertex 406.4 0 1
      vertex 196.02 0.799999 1
    endloop
  endfacet
  facet normal 0 0 1
    outer loop
      vertex 190.94 0.799999 1
      vertex 195.14 0.799999 1
      vertex 190.94 1.2 1
    endloop
  endfacet
  facet normal -0 0 1
    outer loop
      vertex 190.94 0.799999 1
      vertex 406.4 0 1
      vertex 195.14 0.799999 1
    endloop
  endfacet
  facet normal -0 0 1
    outer loop
      vertex 190.06 0.799999 1
      vertex 406.4 0 1
      vertex 190.94 0.799999 1
    endloop
  endfacet
  facet normal 0 0 1
    outer loop
      vertex 185.86 0.799999 1
      vertex 190.06 0.799999 1
      vertex 185.86 1.2 1
    endloop
  endfacet
  facet normal -0 0 1
    outer loop
      vertex 185.86 0.799999 1
      vertex 406.4 0 1
      vertex 190.06 0.799999 1
    endloop
  endfacet
  facet normal -0 0 1
    outer loop
      vertex 184.98 0.799999 1
      vertex 406.4 0 1
      vertex 185.86 0.799999 1
    endloop
  endfacet
  facet normal 0 0 1
    outer loop
      vertex 180.78 0.799999 1
      vertex 184.98 0.799999 1
      vertex 180.78 1.2 1
    endloop
  endfacet
  facet normal -0 0 1
    outer loop
      vertex 180.78 0.799999 1
      vertex 406.4 0 1
      vertex 184.98 0.799999 1
    endloop
  endfacet
  facet normal -0 0 1
    outer loop
      vertex 179.9 0.799999 1
      vertex 406.4 0 1
      vertex 180.78 0.799999 1
    endloop
  endfacet
  facet normal 0 0 1
    outer loop
      vertex 175.7 0.799999 1
      vertex 179.9 0.799999 1
      vertex 175.7 1.2 1
    endloop
  endfacet
  facet normal -0 0 1
    outer loop
      vertex 175.7 0.799999 1
      vertex 406.4 0 1
      vertex 179.9 0.799999 1
    endloop
  endfacet
  facet normal -0 0 1
    outer loop
      vertex 174.82 0.799999 1
      vertex 406.4 0 1
      vertex 175.7 0.799999 1
    endloop
  endfacet
  facet normal 0 0 1
    outer loop
      vertex 170.62 0.799999 1
      vertex 174.82 0.799999 1
      vertex 170.62 1.2 1
    endloop
  endfacet
  facet normal -0 0 1
    outer loop
      vertex 170.62 0.799999 1
      vertex 406.4 0 1
      vertex 174.82 0.799999 1
    endloop
  endfacet
  facet normal -0 0 1
    outer loop
      vertex 169.74 0.799999 1
      vertex 406.4 0 1
      vertex 170.62 0.799999 1
    endloop
  endfacet
  facet normal 0 0 1
    outer loop
      vertex 165.54 0.799999 1
      vertex 169.74 0.799999 1
      vertex 165.54 1.2 1
    endloop
  endfacet
  facet normal -0 0 1
    outer loop
      vertex 165.54 0.799999 1
      vertex 406.4 0 1
      vertex 169.74 0.799999 1
    endloop
  endfacet
  facet normal -0 0 1
    outer loop
      vertex 164.66 0.799999 1
      vertex 406.4 0 1
      vertex 165.54 0.799999 1
    endloop
  endfacet
  facet normal 0 0 1
    outer loop
      vertex 160.46 0.799999 1
      vertex 164.66 0.799999 1
      vertex 160.46 1.2 1
    endloop
  endfacet
  facet normal -0 0 1
    outer loop
      vertex 160.46 0.799999 1
      vertex 406.4 0 1
      vertex 164.66 0.799999 1
    endloop
  endfacet
  facet normal -0 0 1
    outer loop
      vertex 159.58 0.799999 1
      vertex 406.4 0 1
      vertex 160.46 0.799999 1
    endloop
  endfacet
  facet normal 0 0 1
    outer loop
      vertex 155.38 0.799999 1
      vertex 159.58 0.799999 1
      vertex 155.38 1.2 1
    endloop
  endfacet
  facet normal -0 0 1
    outer loop
      vertex 155.38 0.799999 1
      vertex 406.4 0 1
      vertex 159.58 0.799999 1
    endloop
  endfacet
  facet normal -0 0 1
    outer loop
      vertex 154.5 0.799999 1
      vertex 406.4 0 1
      vertex 155.38 0.799999 1
    endloop
  endfacet
  facet normal 0 0 1
    outer loop
      vertex 150.3 0.799999 1
      vertex 154.5 0.799999 1
      vertex 150.3 1.2 1
    endloop
  endfacet
  facet normal -0 0 1
    outer loop
      vertex 150.3 0.799999 1
      vertex 406.4 0 1
      vertex 154.5 0.799999 1
    endloop
  endfacet
  facet normal -0 0 1
    outer loop
      vertex 149.42 0.799999 1
      vertex 406.4 0 1
      vertex 150.3 0.799999 1
    endloop
  endfacet
  facet normal 0 0 1
    outer loop
      vertex 145.22 0.799999 1
      vertex 149.42 0.799999 1
      vertex 145.22 1.2 1
    endloop
  endfacet
  facet normal -0 0 1
    outer loop
      vertex 145.22 0.799999 1
      vertex 406.4 0 1
      vertex 149.42 0.799999 1
    endloop
  endfacet
  facet normal -0 0 1
    outer loop
      vertex 144.34 0.799999 1
      vertex 406.4 0 1
      vertex 145.22 0.799999 1
    endloop
  endfacet
  facet normal 0 0 1
    outer loop
      vertex 140.14 0.799999 1
      vertex 144.34 0.799999 1
      vertex 140.14 1.2 1
    endloop
  endfacet
  facet normal -0 0 1
    outer loop
      vertex 140.14 0.799999 1
      vertex 406.4 0 1
      vertex 144.34 0.799999 1
    endloop
  endfacet
  facet normal -0 0 1
    outer loop
      vertex 139.26 0.799999 1
      vertex 406.4 0 1
      vertex 140.14 0.799999 1
    endloop
  endfacet
  facet normal 0 0 1
    outer loop
      vertex 135.06 0.799999 1
      vertex 139.26 0.799999 1
      vertex 135.06 1.2 1
    endloop
  endfacet
  facet normal -0 0 1
    outer loop
      vertex 135.06 0.799999 1
      vertex 406.4 0 1
      vertex 139.26 0.799999 1
    endloop
  endfacet
  facet normal -0 0 1
    outer loop
      vertex 134.18 0.799999 1
      vertex 406.4 0 1
      vertex 135.06 0.799999 1
    endloop
  endfacet
  facet normal 0 0 1
    outer loop
      vertex 129.98 0.799999 1
      vertex 134.18 0.799999 1
      vertex 129.98 1.2 1
    endloop
  endfacet
  facet normal -0 0 1
    outer loop
      vertex 129.98 0.799999 1
      vertex 406.4 0 1
      vertex 134.18 0.799999 1
    endloop
  endfacet
  facet normal -0 0 1
    outer loop
      vertex 129.1 0.799999 1
      vertex 406.4 0 1
      vertex 129.98 0.799999 1
    endloop
  endfacet
  facet normal 0 0 1
    outer loop
      vertex 124.9 0.799999 1
      vertex 129.1 0.799999 1
      vertex 124.9 1.2 1
    endloop
  endfacet
  facet normal -0 0 1
    outer loop
      vertex 124.9 0.799999 1
      vertex 406.4 0 1
      vertex 129.1 0.799999 1
    endloop
  endfacet
  facet normal -0 0 1
    outer loop
      vertex 124.02 0.799999 1
      vertex 406.4 0 1
      vertex 124.9 0.799999 1
    endloop
  endfacet
  facet normal 0 0 1
    outer loop
      vertex 119.82 0.799999 1
      vertex 124.02 0.799999 1
      vertex 119.82 1.2 1
    endloop
  endfacet
  facet normal -0 0 1
    outer loop
      vertex 119.82 0.799999 1
      vertex 406.4 0 1
      vertex 124.02 0.799999 1
    endloop
  endfacet
  facet normal -0 0 1
    outer loop
      vertex 118.94 0.799999 1
      vertex 406.4 0 1
      vertex 119.82 0.799999 1
    endloop
  endfacet
  facet normal 0 0 1
    outer loop
      vertex 114.74 0.799999 1
      vertex 118.94 0.799999 1
      vertex 114.74 1.2 1
    endloop
  endfacet
  facet normal -0 0 1
    outer loop
      vertex 114.74 0.799999 1
      vertex 406.4 0 1
      vertex 118.94 0.799999 1
    endloop
  endfacet
  facet normal -0 0 1
    outer loop
      vertex 113.86 0.799999 1
      vertex 406.4 0 1
      vertex 114.74 0.799999 1
    endloop
  endfacet
  facet normal 0 0 1
    outer loop
      vertex 109.66 0.799999 1
      vertex 113.86 0.799999 1
      vertex 109.66 1.2 1
    endloop
  endfacet
  facet normal -0 0 1
    outer loop
      vertex 109.66 0.799999 1
      vertex 406.4 0 1
      vertex 113.86 0.799999 1
    endloop
  endfacet
  facet normal -0 0 1
    outer loop
      vertex 108.78 0.799999 1
      vertex 406.4 0 1
      vertex 109.66 0.799999 1
    endloop
  endfacet
  facet normal 0 0 1
    outer loop
      vertex 104.58 0.799999 1
      vertex 108.78 0.799999 1
      vertex 104.58 1.2 1
    endloop
  endfacet
  facet normal -0 0 1
    outer loop
      vertex 104.58 0.799999 1
      vertex 406.4 0 1
      vertex 108.78 0.799999 1
    endloop
  endfacet
  facet normal -0 0 1
    outer loop
      vertex 103.7 0.799999 1
      vertex 406.4 0 1
      vertex 104.58 0.799999 1
    endloop
  endfacet
  facet normal 0 0 1
    outer loop
      vertex 99.5 0.799999 1
      vertex 103.7 0.799999 1
      vertex 99.5 1.2 1
    endloop
  endfacet
  facet normal -0 0 1
    outer loop
      vertex 99.5 0.799999 1
      vertex 406.4 0 1
      vertex 103.7 0.799999 1
    endloop
  endfacet
  facet normal -0 0 1
    outer loop
      vertex 98.62 0.799999 1
      vertex 406.4 0 1
      vertex 99.5 0.799999 1
    endloop
  endfacet
  facet normal 0 0 1
    outer loop
      vertex 94.42 0.799999 1
      vertex 98.62 0.799999 1
      vertex 94.42 1.2 1
    endloop
  endfacet
  facet normal -0 0 1
    outer loop
      vertex 94.42 0.799999 1
      vertex 406.4 0 1
      vertex 98.62 0.799999 1
    endloop
  endfacet
  facet normal -0 0 1
    outer loop
      vertex 93.54 0.799999 1
      vertex 406.4 0 1
      vertex 94.42 0.799999 1
    endloop
  endfacet
  facet normal 0 0 1
    outer loop
      vertex 89.34 0.799999 1
      vertex 93.54 0.799999 1
      vertex 89.34 1.2 1
    endloop
  endfacet
  facet normal -0 0 1
    outer loop
      vertex 89.34 0.799999 1
      vertex 406.4 0 1
      vertex 93.54 0.799999 1
    endloop
  endfacet
  facet normal -0 0 1
    outer loop
      vertex 88.46 0.799999 1
      vertex 406.4 0 1
      vertex 89.34 0.799999 1
    endloop
  endfacet
  facet normal 0 0 1
    outer loop
      vertex 84.26 0.799999 1
      vertex 88.46 0.799999 1
      vertex 84.26 1.2 1
    endloop
  endfacet
  facet normal -0 0 1
    outer loop
      vertex 84.26 0.799999 1
      vertex 406.4 0 1
      vertex 88.46 0.799999 1
    endloop
  endfacet
  facet normal -0 0 1
    outer loop
      vertex 83.38 0.799999 1
      vertex 406.4 0 1
      vertex 84.26 0.799999 1
    endloop
  endfacet
  facet normal 0 0 1
    outer loop
      vertex 79.18 0.799999 1
      vertex 83.38 0.799999 1
      vertex 79.18 1.2 1
    endloop
  endfacet
  facet normal -0 0 1
    outer loop
      vertex 79.18 0.799999 1
      vertex 406.4 0 1
      vertex 83.38 0.799999 1
    endloop
  endfacet
  facet normal -0 0 1
    outer loop
      vertex 78.3 0.799999 1
      vertex 406.4 0 1
      vertex 79.18 0.799999 1
    endloop
  endfacet
  facet normal 0 0 1
    outer loop
      vertex 74.1 0.799999 1
      vertex 78.3 0.799999 1
      vertex 74.1 1.2 1
    endloop
  endfacet
  facet normal -0 0 1
    outer loop
      vertex 74.1 0.799999 1
      vertex 406.4 0 1
      vertex 78.3 0.799999 1
    endloop
  endfacet
  facet normal -0 0 1
    outer loop
      vertex 73.22 0.799999 1
      vertex 406.4 0 1
      vertex 74.1 0.799999 1
    endloop
  endfacet
  facet normal 0 0 1
    outer loop
      vertex 69.02 0.799999 1
      vertex 73.22 0.799999 1
      vertex 69.02 1.2 1
    endloop
  endfacet
  facet normal -0 0 1
    outer loop
      vertex 69.02 0.799999 1
      vertex 406.4 0 1
      vertex 73.22 0.799999 1
    endloop
  endfacet
  facet normal -0 0 1
    outer loop
      vertex 68.14 0.799999 1
      vertex 406.4 0 1
      vertex 69.02 0.799999 1
    endloop
  endfacet
  facet normal 0 0 1
    outer loop
      vertex 63.94 0.799999 1
      vertex 68.14 0.799999 1
      vertex 63.94 1.2 1
    endloop
  endfacet
  facet normal 0 0 1
    outer loop
      vertex 0 0 1
      vertex 68.14 0.799999 1
      vertex 63.94 0.799999 1
    endloop
  endfacet
  facet normal 0 0 1
    outer loop
      vertex 0 0 1
      vertex 63.94 0.799999 1
      vertex 63.06 0.799999 1
    endloop
  endfacet
  facet normal 0 0 1
    outer loop
      vertex 58.86 0.799999 1
      vertex 63.06 0.799999 1
      vertex 58.86 1.2 1
    endloop
  endfacet
  facet normal 0 0 1
    outer loop
      vertex 0 0 1
      vertex 63.06 0.799999 1
      vertex 58.86 0.799999 1
    endloop
  endfacet
  facet normal 0 0 1
    outer loop
      vertex 0 0 1
      vertex 58.86 0.799999 1
      vertex 57.98 0.799999 1
    endloop
  endfacet
  facet normal 0 0 1
    outer loop
      vertex 53.78 0.799999 1
      vertex 57.98 0.799999 1
      vertex 53.78 1.2 1
    endloop
  endfacet
  facet normal 0 0 1
    outer loop
      vertex 0 0 1
      vertex 57.98 0.799999 1
      vertex 53.78 0.799999 1
    endloop
  endfacet
  facet normal 0 0 1
    outer loop
      vertex 0 0 1
      vertex 53.78 0.799999 1
      vertex 52.9 0.799999 1
    endloop
  endfacet
  facet normal 0 0 1
    outer loop
      vertex 48.7 0.799999 1
      vertex 52.9 0.799999 1
      vertex 48.7 1.2 1
    endloop
  endfacet
  facet normal 0 0 1
    outer loop
      vertex 0 0 1
      vertex 52.9 0.799999 1
      vertex 48.7 0.799999 1
    endloop
  endfacet
  facet normal 0 0 1
    outer loop
      vertex 0 0 1
      vertex 48.7 0.799999 1
      vertex 47.82 0.799999 1
    endloop
  endfacet
  facet normal 0 0 1
    outer loop
      vertex 43.62 0.799999 1
      vertex 47.82 0.799999 1
      vertex 43.62 1.2 1
    endloop
  endfacet
  facet normal 0 0 1
    outer loop
      vertex 0 0 1
      vertex 47.82 0.799999 1
      vertex 43.62 0.799999 1
    endloop
  endfacet
  facet normal 0 0 1
    outer loop
      vertex 0 0 1
      vertex 43.62 0.799999 1
      vertex 42.74 0.799999 1
    endloop
  endfacet
  facet normal 0 0 1
    outer loop
      vertex 38.54 0.799999 1
      vertex 42.74 0.799999 1
      vertex 38.54 1.2 1
    endloop
  endfacet
  facet normal 0 0 1
    outer loop
      vertex 0 0 1
      vertex 42.74 0.799999 1
      vertex 38.54 0.799999 1
    endloop
  endfacet
  facet normal 0 0 1
    outer loop
      vertex 0 0 1
      vertex 38.54 0.799999 1
      vertex 37.66 0.799999 1
    endloop
  endfacet
  facet normal 0 0 1
    outer loop
      vertex 33.46 0.799999 1
      vertex 37.66 0.799999 1
      vertex 33.46 1.2 1
    endloop
  endfacet
  facet normal 0 0 1
    outer loop
      vertex 0 0 1
      vertex 37.66 0.799999 1
      vertex 33.46 0.799999 1
    endloop
  endfacet
  facet normal 0 0 1
    outer loop
      vertex 0 0 1
      vertex 33.46 0.799999 1
      vertex 32.58 0.799999 1
    endloop
  endfacet
  facet normal 0 0 1
    outer loop
      vertex 28.38 0.799999 1
      vertex 32.58 0.799999 1
      vertex 28.38 1.2 1
    endloop
  endfacet
  facet normal 0 0 1
    outer loop
      vertex 0 0 1
      vertex 32.58 0.799999 1
      vertex 28.38 0.799999 1
    endloop
  endfacet
  facet normal 0 0 1
    outer loop
      vertex 0 0 1
      vertex 28.38 0.799999 1
      vertex 27.5 0.799999 1
    endloop
  endfacet
  facet normal 0 0 1
    outer loop
      vertex 23.3 0.799999 1
      vertex 27.5 0.799999 1
      vertex 23.3 1.2 1
    endloop
  endfacet
  facet normal 0 0 1
    outer loop
      vertex 0 0 1
      vertex 27.5 0.799999 1
      vertex 23.3 0.799999 1
    endloop
  endfacet
  facet normal 0 0 1
    outer loop
      vertex 0 0 1
      vertex 23.3 0.799999 1
      vertex 22.42 0.799999 1
    endloop
  endfacet
  facet normal 0 0 1
    outer loop
      vertex 18.22 0.799999 1
      vertex 22.42 0.799999 1
      vertex 18.22 1.2 1
    endloop
  endfacet
  facet normal 0 0 1
    outer loop
      vertex 0 0 1
      vertex 22.42 0.799999 1
      vertex 18.22 0.799999 1
    endloop
  endfacet
  facet normal 0 0 1
    outer loop
      vertex 0 0 1
      vertex 18.22 0.799999 1
      vertex 17.34 0.799999 1
    endloop
  endfacet
  facet normal 0 0 1
    outer loop
      vertex 13.14 0.799999 1
      vertex 17.34 0.799999 1
      vertex 13.14 1.2 1
    endloop
  endfacet
  facet normal 0 0 1
    outer loop
      vertex 0 0 1
      vertex 17.34 0.799999 1
      vertex 13.14 0.799999 1
    endloop
  endfacet
  facet normal 0 0 1
    outer loop
      vertex 0 0 1
      vertex 13.14 0.799999 1
      vertex 12.26 0.799999 1
    endloop
  endfacet
  facet normal 0 0 1
    outer loop
      vertex 8.06 0.799999 1
      vertex 12.26 0.799999 1
      vertex 8.06 1.2 1
    endloop
  endfacet
  facet normal 0 0 1
    outer loop
      vertex 0 0 1
      vertex 12.26 0.799999 1
      vertex 8.06 0.799999 1
    endloop
  endfacet
  facet normal 0 0 1
    outer loop
      vertex 0 0 1
      vertex 8.06 0.799999 1
      vertex 7.18 0.799999 1
    endloop
  endfacet
  facet normal 0 0 1
    outer loop
      vertex 2.98 0.799999 1
      vertex 7.18 0.799999 1
      vertex 2.98 1.2 1
    endloop
  endfacet
  facet normal 0 0 1
    outer loop
      vertex 0 0 1
      vertex 7.18 0.799999 1
      vertex 2.98 0.799999 1
    endloop
  endfacet
  facet normal 0 0 1
    outer loop
      vertex 0 0 1
      vertex 2.98 0.799999 1
      vertex 2.1 0.799999 1
    endloop
  endfacet
  facet normal 0 0 1
    outer loop
      vertex 68.14 0.799999 1
      vertex 0 0 1
      vertex 406.4 0 1
    endloop
  endfacet
  facet normal 0 0 1
    outer loop
      vertex 0 0 1
      vertex 2.1 0.799999 1
      vertex 0 1.2 1
    endloop
  endfacet
  facet normal 0 0 -1
    outer loop
      vertex 215.46 1.2 1
      vertex 216.34 2.4 1
      vertex 216.34 1.2 1
    endloop
  endfacet
  facet normal -0 0 -1
    outer loop
      vertex 216.34 2.4 1
      vertex 215.46 1.2 1
      vertex 215.46 2.4 1
    endloop
  endfacet
  facet normal 0 0 -1
    outer loop
      vertex 210.38 1.2 1
      vertex 211.26 2.4 1
      vertex 211.26 1.2 1
    endloop
  endfacet
  facet normal -0 0 -1
    outer loop
      vertex 211.26 2.4 1
      vertex 210.38 1.2 1
      vertex 210.38 2.4 1
    endloop
  endfacet
  facet normal 0 0 -1
    outer loop
      vertex 388.18 1.2 1
      vertex 389.06 2.4 1
      vertex 389.06 1.2 1
    endloop
  endfacet
  facet normal -0 0 -1
    outer loop
      vertex 389.06 2.4 1
      vertex 388.18 1.2 1
      vertex 388.18 2.4 1
    endloop
  endfacet
  facet normal 0 0 -1
    outer loop
      vertex 149.42 1.2 1
      vertex 150.3 2.4 1
      vertex 150.3 1.2 1
    endloop
  endfacet
  facet normal -0 0 -1
    outer loop
      vertex 150.3 2.4 1
      vertex 149.42 1.2 1
      vertex 149.42 2.4 1
    endloop
  endfacet
  facet normal 0 0 -1
    outer loop
      vertex 83.38 1.2 1
      vertex 84.26 2.4 1
      vertex 84.26 1.2 1
    endloop
  endfacet
  facet normal -0 0 -1
    outer loop
      vertex 84.26 2.4 1
      vertex 83.38 1.2 1
      vertex 83.38 2.4 1
    endloop
  endfacet
  facet normal 0 0 -1
    outer loop
      vertex 174.82 1.2 1
      vertex 175.7 2.4 1
      vertex 175.7 1.2 1
    endloop
  endfacet
  facet normal -0 0 -1
    outer loop
      vertex 175.7 2.4 1
      vertex 174.82 1.2 1
      vertex 174.82 2.4 1
    endloop
  endfacet
  facet normal 0 0 -1
    outer loop
      vertex 22.42 1.2 1
      vertex 23.3 2.4 1
      vertex 23.3 1.2 1
    endloop
  endfacet
  facet normal -0 0 -1
    outer loop
      vertex 23.3 2.4 1
      vertex 22.42 1.2 1
      vertex 22.42 2.4 1
    endloop
  endfacet
  facet normal 0 0 -1
    outer loop
      vertex 52.9 1.2 1
      vertex 53.78 2.4 1
      vertex 53.78 1.2 1
    endloop
  endfacet
  facet normal -0 0 -1
    outer loop
      vertex 53.78 2.4 1
      vertex 52.9 1.2 1
      vertex 52.9 2.4 1
    endloop
  endfacet
  facet normal 0 0 -1
    outer loop
      vertex 88.46 1.2 1
      vertex 89.34 2.4 1
      vertex 89.34 1.2 1
    endloop
  endfacet
  facet normal -0 0 -1
    outer loop
      vertex 89.34 2.4 1
      vertex 88.46 1.2 1
      vertex 88.46 2.4 1
    endloop
  endfacet
  facet normal 0 0 -1
    outer loop
      vertex 184.98 1.2 1
      vertex 185.86 2.4 1
      vertex 185.86 1.2 1
    endloop
  endfacet
  facet normal -0 0 -1
    outer loop
      vertex 185.86 2.4 1
      vertex 184.98 1.2 1
      vertex 184.98 2.4 1
    endloop
  endfacet
  facet normal 0 0 -1
    outer loop
      vertex 57.98 1.2 1
      vertex 58.86 2.4 1
      vertex 58.86 1.2 1
    endloop
  endfacet
  facet normal -0 0 -1
    outer loop
      vertex 58.86 2.4 1
      vertex 57.98 1.2 1
      vertex 57.98 2.4 1
    endloop
  endfacet
  facet normal 0 0 -1
    outer loop
      vertex 124.02 1.2 1
      vertex 124.9 2.4 1
      vertex 124.9 1.2 1
    endloop
  endfacet
  facet normal -0 0 -1
    outer loop
      vertex 124.9 2.4 1
      vertex 124.02 1.2 1
      vertex 124.02 2.4 1
    endloop
  endfacet
  facet normal 0 0 -1
    outer loop
      vertex 301.82 1.2 1
      vertex 302.7 2.4 1
      vertex 302.7 1.2 1
    endloop
  endfacet
  facet normal -0 0 -1
    outer loop
      vertex 302.7 2.4 1
      vertex 301.82 1.2 1
      vertex 301.82 2.4 1
    endloop
  endfacet
  facet normal 0 0 -1
    outer loop
      vertex 378.02 1.2 1
      vertex 378.9 2.4 1
      vertex 378.9 1.2 1
    endloop
  endfacet
  facet normal -0 0 -1
    outer loop
      vertex 378.9 2.4 1
      vertex 378.02 1.2 1
      vertex 378.02 2.4 1
    endloop
  endfacet
  facet normal 0 0 -1
    outer loop
      vertex 68.14 1.2 1
      vertex 69.02 2.4 1
      vertex 69.02 1.2 1
    endloop
  endfacet
  facet normal -0 0 -1
    outer loop
      vertex 69.02 2.4 1
      vertex 68.14 1.2 1
      vertex 68.14 2.4 1
    endloop
  endfacet
  facet normal 0 0 -1
    outer loop
      vertex 144.34 1.2 1
      vertex 145.22 2.4 1
      vertex 145.22 1.2 1
    endloop
  endfacet
  facet normal -0 0 -1
    outer loop
      vertex 145.22 2.4 1
      vertex 144.34 1.2 1
      vertex 144.34 2.4 1
    endloop
  endfacet
  facet normal 0 0 -1
    outer loop
      vertex 2.1 1.2 1
      vertex 2.98 2.4 1
      vertex 2.98 1.2 1
    endloop
  endfacet
  facet normal -0 0 -1
    outer loop
      vertex 2.98 2.4 1
      vertex 2.1 1.2 1
      vertex 2.1 2.4 1
    endloop
  endfacet
  facet normal 0 0 -1
    outer loop
      vertex 12.26 1.2 1
      vertex 13.14 2.4 1
      vertex 13.14 1.2 1
    endloop
  endfacet
  facet normal -0 0 -1
    outer loop
      vertex 13.14 2.4 1
      vertex 12.26 1.2 1
      vertex 12.26 2.4 1
    endloop
  endfacet
  facet normal 0 0 -1
    outer loop
      vertex 154.5 1.2 1
      vertex 155.38 2.4 1
      vertex 155.38 1.2 1
    endloop
  endfacet
  facet normal -0 0 -1
    outer loop
      vertex 155.38 2.4 1
      vertex 154.5 1.2 1
      vertex 154.5 2.4 1
    endloop
  endfacet
  facet normal 0 0 -1
    outer loop
      vertex 317.06 1.2 1
      vertex 317.94 2.4 1
      vertex 317.94 1.2 1
    endloop
  endfacet
  facet normal -0 0 -1
    outer loop
      vertex 317.94 2.4 1
      vertex 317.06 1.2 1
      vertex 317.06 2.4 1
    endloop
  endfacet
  facet normal 0 0 -1
    outer loop
      vertex 271.34 1.2 1
      vertex 272.22 2.4 1
      vertex 272.22 1.2 1
    endloop
  endfacet
  facet normal -0 0 -1
    outer loop
      vertex 272.22 2.4 1
      vertex 271.34 1.2 1
      vertex 271.34 2.4 1
    endloop
  endfacet
  facet normal 0 0 -1
    outer loop
      vertex 129.1 1.2 1
      vertex 129.98 2.4 1
      vertex 129.98 1.2 1
    endloop
  endfacet
  facet normal -0 0 -1
    outer loop
      vertex 129.98 2.4 1
      vertex 129.1 1.2 1
      vertex 129.1 2.4 1
    endloop
  endfacet
  facet normal 0 0 -1
    outer loop
      vertex 164.66 1.2 1
      vertex 165.54 2.4 1
      vertex 165.54 1.2 1
    endloop
  endfacet
  facet normal -0 0 -1
    outer loop
      vertex 165.54 2.4 1
      vertex 164.66 1.2 1
      vertex 164.66 2.4 1
    endloop
  endfacet
  facet normal 0 0 -1
    outer loop
      vertex 159.58 1.2 1
      vertex 160.46 2.4 1
      vertex 160.46 1.2 1
    endloop
  endfacet
  facet normal -0 0 -1
    outer loop
      vertex 160.46 2.4 1
      vertex 159.58 1.2 1
      vertex 159.58 2.4 1
    endloop
  endfacet
  facet normal 0 0 -1
    outer loop
      vertex 98.62 1.2 1
      vertex 99.5 2.4 1
      vertex 99.5 1.2 1
    endloop
  endfacet
  facet normal -0 0 -1
    outer loop
      vertex 99.5 2.4 1
      vertex 98.62 1.2 1
      vertex 98.62 2.4 1
    endloop
  endfacet
  facet normal 0 0 -1
    outer loop
      vertex 205.3 1.2 1
      vertex 206.18 2.4 1
      vertex 206.18 1.2 1
    endloop
  endfacet
  facet normal -0 0 -1
    outer loop
      vertex 206.18 2.4 1
      vertex 205.3 1.2 1
      vertex 205.3 2.4 1
    endloop
  endfacet
  facet normal 0 0 -1
    outer loop
      vertex 42.74 1.2 1
      vertex 43.62 2.4 1
      vertex 43.62 1.2 1
    endloop
  endfacet
  facet normal -0 0 -1
    outer loop
      vertex 43.62 2.4 1
      vertex 42.74 1.2 1
      vertex 42.74 2.4 1
    endloop
  endfacet
  facet normal 0 0 -1
    outer loop
      vertex 93.54 1.2 1
      vertex 94.42 2.4 1
      vertex 94.42 1.2 1
    endloop
  endfacet
  facet normal -0 0 -1
    outer loop
      vertex 94.42 2.4 1
      vertex 93.54 1.2 1
      vertex 93.54 2.4 1
    endloop
  endfacet
  facet normal 0 0 -1
    outer loop
      vertex 240.86 1.2 1
      vertex 241.74 2.4 1
      vertex 241.74 1.2 1
    endloop
  endfacet
  facet normal -0 0 -1
    outer loop
      vertex 241.74 2.4 1
      vertex 240.86 1.2 1
      vertex 240.86 2.4 1
    endloop
  endfacet
  facet normal 0 0 -1
    outer loop
      vertex 7.18 1.2 1
      vertex 8.06 2.4 1
      vertex 8.06 1.2 1
    endloop
  endfacet
  facet normal -0 0 -1
    outer loop
      vertex 8.06 2.4 1
      vertex 7.18 1.2 1
      vertex 7.18 2.4 1
    endloop
  endfacet
  facet normal 0 0 -1
    outer loop
      vertex 113.86 1.2 1
      vertex 114.74 2.4 1
      vertex 114.74 1.2 1
    endloop
  endfacet
  facet normal -0 0 -1
    outer loop
      vertex 114.74 2.4 1
      vertex 113.86 1.2 1
      vertex 113.86 2.4 1
    endloop
  endfacet
  facet normal 0 0 -1
    outer loop
      vertex 235.78 1.2 1
      vertex 236.66 2.4 1
      vertex 236.66 1.2 1
    endloop
  endfacet
  facet normal -0 0 -1
    outer loop
      vertex 236.66 2.4 1
      vertex 235.78 1.2 1
      vertex 235.78 2.4 1
    endloop
  endfacet
  facet normal 0 0 -1
    outer loop
      vertex 306.9 1.2 1
      vertex 307.78 2.4 1
      vertex 307.78 1.2 1
    endloop
  endfacet
  facet normal -0 0 -1
    outer loop
      vertex 307.78 2.4 1
      vertex 306.9 1.2 1
      vertex 306.9 2.4 1
    endloop
  endfacet
  facet normal 0 0 -1
    outer loop
      vertex 383.1 1.2 1
      vertex 383.98 2.4 1
      vertex 383.98 1.2 1
    endloop
  endfacet
  facet normal -0 0 -1
    outer loop
      vertex 383.98 2.4 1
      vertex 383.1 1.2 1
      vertex 383.1 2.4 1
    endloop
  endfacet
  facet normal 0 0 -1
    outer loop
      vertex 291.66 1.2 1
      vertex 292.54 2.4 1
      vertex 292.54 1.2 1
    endloop
  endfacet
  facet normal -0 0 -1
    outer loop
      vertex 292.54 2.4 1
      vertex 291.66 1.2 1
      vertex 291.66 2.4 1
    endloop
  endfacet
  facet normal 0 0 -1
    outer loop
      vertex 357.7 1.2 1
      vertex 358.58 2.4 1
      vertex 358.58 1.2 1
    endloop
  endfacet
  facet normal -0 0 -1
    outer loop
      vertex 358.58 2.4 1
      vertex 357.7 1.2 1
      vertex 357.7 2.4 1
    endloop
  endfacet
  facet normal 0 0 -1
    outer loop
      vertex 311.98 1.2 1
      vertex 312.86 2.4 1
      vertex 312.86 1.2 1
    endloop
  endfacet
  facet normal -0 0 -1
    outer loop
      vertex 312.86 2.4 1
      vertex 311.98 1.2 1
      vertex 311.98 2.4 1
    endloop
  endfacet
  facet normal 0 0 -1
    outer loop
      vertex 393.26 1.2 1
      vertex 394.14 2.4 1
      vertex 394.14 1.2 1
    endloop
  endfacet
  facet normal -0 0 -1
    outer loop
      vertex 394.14 2.4 1
      vertex 393.26 1.2 1
      vertex 393.26 2.4 1
    endloop
  endfacet
  facet normal 0 0 -1
    outer loop
      vertex 286.58 1.2 1
      vertex 287.46 2.4 1
      vertex 287.46 1.2 1
    endloop
  endfacet
  facet normal -0 0 -1
    outer loop
      vertex 287.46 2.4 1
      vertex 286.58 1.2 1
      vertex 286.58 2.4 1
    endloop
  endfacet
  facet normal 0 0 -1
    outer loop
      vertex 347.54 1.2 1
      vertex 348.42 2.4 1
      vertex 348.42 1.2 1
    endloop
  endfacet
  facet normal -0 0 -1
    outer loop
      vertex 348.42 2.4 1
      vertex 347.54 1.2 1
      vertex 347.54 2.4 1
    endloop
  endfacet
  facet normal 0 0 -1
    outer loop
      vertex 47.82 1.2 1
      vertex 48.7 2.4 1
      vertex 48.7 1.2 1
    endloop
  endfacet
  facet normal -0 0 -1
    outer loop
      vertex 48.7 2.4 1
      vertex 47.82 1.2 1
      vertex 47.82 2.4 1
    endloop
  endfacet
  facet normal 0 0 -1
    outer loop
      vertex 103.7 1.2 1
      vertex 104.58 2.4 1
      vertex 104.58 1.2 1
    endloop
  endfacet
  facet normal -0 0 -1
    outer loop
      vertex 104.58 2.4 1
      vertex 103.7 1.2 1
      vertex 103.7 2.4 1
    endloop
  endfacet
  facet normal 0 0 -1
    outer loop
      vertex 403.42 1.2 1
      vertex 404.3 2.4 1
      vertex 404.3 1.2 1
    endloop
  endfacet
  facet normal -0 0 -1
    outer loop
      vertex 404.3 2.4 1
      vertex 403.42 1.2 1
      vertex 403.42 2.4 1
    endloop
  endfacet
  facet normal 0 0 -1
    outer loop
      vertex 398.34 1.2 1
      vertex 399.22 2.4 1
      vertex 399.22 1.2 1
    endloop
  endfacet
  facet normal -0 0 -1
    outer loop
      vertex 399.22 2.4 1
      vertex 398.34 1.2 1
      vertex 398.34 2.4 1
    endloop
  endfacet
  facet normal 0 0 -1
    outer loop
      vertex 63.06 1.2 1
      vertex 63.94 2.4 1
      vertex 63.94 1.2 1
    endloop
  endfacet
  facet normal -0 0 -1
    outer loop
      vertex 63.94 2.4 1
      vertex 63.06 1.2 1
      vertex 63.06 2.4 1
    endloop
  endfacet
  facet normal 0 0 -1
    outer loop
      vertex 134.18 1.2 1
      vertex 135.06 2.4 1
      vertex 135.06 1.2 1
    endloop
  endfacet
  facet normal -0 0 -1
    outer loop
      vertex 135.06 2.4 1
      vertex 134.18 1.2 1
      vertex 134.18 2.4 1
    endloop
  endfacet
  facet normal 0 0 -1
    outer loop
      vertex 352.62 1.2 1
      vertex 353.5 2.4 1
      vertex 353.5 1.2 1
    endloop
  endfacet
  facet normal -0 0 -1
    outer loop
      vertex 353.5 2.4 1
      vertex 352.62 1.2 1
      vertex 352.62 2.4 1
    endloop
  endfacet
  facet normal 0 0 -1
    outer loop
      vertex 139.26 1.2 1
      vertex 140.14 2.4 1
      vertex 140.14 1.2 1
    endloop
  endfacet
  facet normal -0 0 -1
    outer loop
      vertex 140.14 2.4 1
      vertex 139.26 1.2 1
      vertex 139.26 2.4 1
    endloop
  endfacet
  facet normal 0 0 -1
    outer loop
      vertex 256.1 1.2 1
      vertex 256.98 2.4 1
      vertex 256.98 1.2 1
    endloop
  endfacet
  facet normal -0 0 -1
    outer loop
      vertex 256.98 2.4 1
      vertex 256.1 1.2 1
      vertex 256.1 2.4 1
    endloop
  endfacet
  facet normal 0 0 -1
    outer loop
      vertex 251.02 1.2 1
      vertex 251.9 2.4 1
      vertex 251.9 1.2 1
    endloop
  endfacet
  facet normal -0 0 -1
    outer loop
      vertex 251.9 2.4 1
      vertex 251.02 1.2 1
      vertex 251.02 2.4 1
    endloop
  endfacet
  facet normal 0 0 -1
    outer loop
      vertex 296.74 1.2 1
      vertex 297.62 2.4 1
      vertex 297.62 1.2 1
    endloop
  endfacet
  facet normal -0 0 -1
    outer loop
      vertex 297.62 2.4 1
      vertex 296.74 1.2 1
      vertex 296.74 2.4 1
    endloop
  endfacet
  facet normal 0 0 -1
    outer loop
      vertex 362.78 1.2 1
      vertex 363.66 2.4 1
      vertex 363.66 1.2 1
    endloop
  endfacet
  facet normal -0 0 -1
    outer loop
      vertex 363.66 2.4 1
      vertex 362.78 1.2 1
      vertex 362.78 2.4 1
    endloop
  endfacet
  facet normal 0 0 -1
    outer loop
      vertex 327.22 1.2 1
      vertex 328.1 2.4 1
      vertex 328.1 1.2 1
    endloop
  endfacet
  facet normal -0 0 -1
    outer loop
      vertex 328.1 2.4 1
      vertex 327.22 1.2 1
      vertex 327.22 2.4 1
    endloop
  endfacet
  facet normal 0 0 -1
    outer loop
      vertex 27.5 1.2 1
      vertex 28.38 2.4 1
      vertex 28.38 1.2 1
    endloop
  endfacet
  facet normal -0 0 -1
    outer loop
      vertex 28.38 2.4 1
      vertex 27.5 1.2 1
      vertex 27.5 2.4 1
    endloop
  endfacet
  facet normal 0 0 -1
    outer loop
      vertex 276.42 1.2 1
      vertex 277.3 2.4 1
      vertex 277.3 1.2 1
    endloop
  endfacet
  facet normal -0 0 -1
    outer loop
      vertex 277.3 2.4 1
      vertex 276.42 1.2 1
      vertex 276.42 2.4 1
    endloop
  endfacet
  facet normal 0 0 -1
    outer loop
      vertex 322.14 1.2 1
      vertex 323.02 2.4 1
      vertex 323.02 1.2 1
    endloop
  endfacet
  facet normal -0 0 -1
    outer loop
      vertex 323.02 2.4 1
      vertex 322.14 1.2 1
      vertex 322.14 2.4 1
    endloop
  endfacet
  facet normal 0 0 -1
    outer loop
      vertex 169.74 1.2 1
      vertex 170.62 2.4 1
      vertex 170.62 1.2 1
    endloop
  endfacet
  facet normal -0 0 -1
    outer loop
      vertex 170.62 2.4 1
      vertex 169.74 1.2 1
      vertex 169.74 2.4 1
    endloop
  endfacet
  facet normal 0 0 -1
    outer loop
      vertex 78.3 1.2 1
      vertex 79.18 2.4 1
      vertex 79.18 1.2 1
    endloop
  endfacet
  facet normal -0 0 -1
    outer loop
      vertex 79.18 2.4 1
      vertex 78.3 1.2 1
      vertex 78.3 2.4 1
    endloop
  endfacet
  facet normal 0 0 -1
    outer loop
      vertex 281.5 1.2 1
      vertex 282.38 2.4 1
      vertex 282.38 1.2 1
    endloop
  endfacet
  facet normal -0 0 -1
    outer loop
      vertex 282.38 2.4 1
      vertex 281.5 1.2 1
      vertex 281.5 2.4 1
    endloop
  endfacet
  facet normal 0 0 -1
    outer loop
      vertex 342.46 1.2 1
      vertex 343.34 2.4 1
      vertex 343.34 1.2 1
    endloop
  endfacet
  facet normal -0 0 -1
    outer loop
      vertex 343.34 2.4 1
      vertex 342.46 1.2 1
      vertex 342.46 2.4 1
    endloop
  endfacet
  facet normal 0 0 -1
    outer loop
      vertex 225.62 1.2 1
      vertex 226.5 2.4 1
      vertex 226.5 1.2 1
    endloop
  endfacet
  facet normal -0 0 -1
    outer loop
      vertex 226.5 2.4 1
      vertex 225.62 1.2 1
      vertex 225.62 2.4 1
    endloop
  endfacet
  facet normal 0 0 -1
    outer loop
      vertex 220.54 1.2 1
      vertex 221.42 2.4 1
      vertex 221.42 1.2 1
    endloop
  endfacet
  facet normal -0 0 -1
    outer loop
      vertex 221.42 2.4 1
      vertex 220.54 1.2 1
      vertex 220.54 2.4 1
    endloop
  endfacet
  facet normal 0 0 -1
    outer loop
      vertex 372.94 1.2 1
      vertex 373.82 2.4 1
      vertex 373.82 1.2 1
    endloop
  endfacet
  facet normal -0 0 -1
    outer loop
      vertex 373.82 2.4 1
      vertex 372.94 1.2 1
      vertex 372.94 2.4 1
    endloop
  endfacet
  facet normal 0 0 -1
    outer loop
      vertex 367.86 1.2 1
      vertex 368.74 2.4 1
      vertex 368.74 1.2 1
    endloop
  endfacet
  facet normal -0 0 -1
    outer loop
      vertex 368.74 2.4 1
      vertex 367.86 1.2 1
      vertex 367.86 2.4 1
    endloop
  endfacet
  facet normal 0 0 -1
    outer loop
      vertex 266.26 1.2 1
      vertex 267.14 2.4 1
      vertex 267.14 1.2 1
    endloop
  endfacet
  facet normal -0 0 -1
    outer loop
      vertex 267.14 2.4 1
      vertex 266.26 1.2 1
      vertex 266.26 2.4 1
    endloop
  endfacet
  facet normal 0 0 -1
    outer loop
      vertex 261.18 1.2 1
      vertex 262.06 2.4 1
      vertex 262.06 1.2 1
    endloop
  endfacet
  facet normal -0 0 -1
    outer loop
      vertex 262.06 2.4 1
      vertex 261.18 1.2 1
      vertex 261.18 2.4 1
    endloop
  endfacet
  facet normal 0 0 -1
    outer loop
      vertex 118.94 1.2 1
      vertex 119.82 2.4 1
      vertex 119.82 1.2 1
    endloop
  endfacet
  facet normal -0 0 -1
    outer loop
      vertex 119.82 2.4 1
      vertex 118.94 1.2 1
      vertex 118.94 2.4 1
    endloop
  endfacet
  facet normal 0 0 -1
    outer loop
      vertex 245.94 1.2 1
      vertex 246.82 2.4 1
      vertex 246.82 1.2 1
    endloop
  endfacet
  facet normal -0 0 -1
    outer loop
      vertex 246.82 2.4 1
      vertex 245.94 1.2 1
      vertex 245.94 2.4 1
    endloop
  endfacet
  facet normal 0 0 -1
    outer loop
      vertex 200.22 1.2 1
      vertex 201.1 2.4 1
      vertex 201.1 1.2 1
    endloop
  endfacet
  facet normal -0 0 -1
    outer loop
      vertex 201.1 2.4 1
      vertex 200.22 1.2 1
      vertex 200.22 2.4 1
    endloop
  endfacet
  facet normal 0 0 -1
    outer loop
      vertex 17.34 1.2 1
      vertex 18.22 2.4 1
      vertex 18.22 1.2 1
    endloop
  endfacet
  facet normal -0 0 -1
    outer loop
      vertex 18.22 2.4 1
      vertex 17.34 1.2 1
      vertex 17.34 2.4 1
    endloop
  endfacet
  facet normal 0 0 -1
    outer loop
      vertex 195.14 1.2 1
      vertex 196.02 2.4 1
      vertex 196.02 1.2 1
    endloop
  endfacet
  facet normal -0 0 -1
    outer loop
      vertex 196.02 2.4 1
      vertex 195.14 1.2 1
      vertex 195.14 2.4 1
    endloop
  endfacet
  facet normal 0 0 -1
    outer loop
      vertex 190.06 1.2 1
      vertex 190.94 2.4 1
      vertex 190.94 1.2 1
    endloop
  endfacet
  facet normal -0 0 -1
    outer loop
      vertex 190.94 2.4 1
      vertex 190.06 1.2 1
      vertex 190.06 2.4 1
    endloop
  endfacet
  facet normal 0 0 -1
    outer loop
      vertex 230.7 1.2 1
      vertex 231.58 2.4 1
      vertex 231.58 1.2 1
    endloop
  endfacet
  facet normal -0 0 -1
    outer loop
      vertex 231.58 2.4 1
      vertex 230.7 1.2 1
      vertex 230.7 2.4 1
    endloop
  endfacet
  facet normal 0 0 -1
    outer loop
      vertex 108.78 1.2 1
      vertex 109.66 2.4 1
      vertex 109.66 1.2 1
    endloop
  endfacet
  facet normal -0 0 -1
    outer loop
      vertex 109.66 2.4 1
      vertex 108.78 1.2 1
      vertex 108.78 2.4 1
    endloop
  endfacet
  facet normal 0 0 -1
    outer loop
      vertex 337.38 1.2 1
      vertex 338.26 2.4 1
      vertex 338.26 1.2 1
    endloop
  endfacet
  facet normal -0 0 -1
    outer loop
      vertex 338.26 2.4 1
      vertex 337.38 1.2 1
      vertex 337.38 2.4 1
    endloop
  endfacet
  facet normal 0 0 -1
    outer loop
      vertex 332.3 1.2 1
      vertex 333.18 2.4 1
      vertex 333.18 1.2 1
    endloop
  endfacet
  facet normal -0 0 -1
    outer loop
      vertex 333.18 2.4 1
      vertex 332.3 1.2 1
      vertex 332.3 2.4 1
    endloop
  endfacet
  facet normal 0 0 -1
    outer loop
      vertex 179.9 1.2 1
      vertex 180.78 2.4 1
      vertex 180.78 1.2 1
    endloop
  endfacet
  facet normal -0 0 -1
    outer loop
      vertex 180.78 2.4 1
      vertex 179.9 1.2 1
      vertex 179.9 2.4 1
    endloop
  endfacet
  facet normal 0 0 -1
    outer loop
      vertex 37.66 1.2 1
      vertex 38.54 2.4 1
      vertex 38.54 1.2 1
    endloop
  endfacet
  facet normal -0 0 -1
    outer loop
      vertex 38.54 2.4 1
      vertex 37.66 1.2 1
      vertex 37.66 2.4 1
    endloop
  endfacet
  facet normal 0 0 -1
    outer loop
      vertex 32.58 1.2 1
      vertex 33.46 2.4 1
      vertex 33.46 1.2 1
    endloop
  endfacet
  facet normal -0 0 -1
    outer loop
      vertex 33.46 2.4 1
      vertex 32.58 1.2 1
      vertex 32.58 2.4 1
    endloop
  endfacet
  facet normal 0 0 -1
    outer loop
      vertex 73.22 1.2 1
      vertex 74.1 2.4 1
      vertex 74.1 1.2 1
    endloop
  endfacet
  facet normal -0 0 -1
    outer loop
      vertex 74.1 2.4 1
      vertex 73.22 1.2 1
      vertex 73.22 2.4 1
    endloop
  endfacet
  facet normal -1 0 0
    outer loop
      vertex 2.1 1.2 1
      vertex 2.1 2.4 2
      vertex 2.1 2.4 1
    endloop
  endfacet
  facet normal -1 0 0
    outer loop
      vertex 2.1 0.799999 2
      vertex 2.1 1.2 1
      vertex 2.1 0.799999 1
    endloop
  endfacet
  facet normal -1 0 0
    outer loop
      vertex 2.1 1.2 1
      vertex 2.1 0.799999 2
      vertex 2.1 2.4 2
    endloop
  endfacet
  facet normal 0 1 -0
    outer loop
      vertex 2.98 2.4 1
      vertex 2.1 2.4 2
      vertex 2.98 2.4 2
    endloop
  endfacet
  facet normal 0 1 0
    outer loop
      vertex 2.1 2.4 2
      vertex 2.98 2.4 1
      vertex 2.1 2.4 1
    endloop
  endfacet
  facet normal 0 -1 0
    outer loop
      vertex 2.1 0.799999 1
      vertex 2.98 0.799999 2
      vertex 2.1 0.799999 2
    endloop
  endfacet
  facet normal 0 -1 -0
    outer loop
      vertex 2.98 0.799999 2
      vertex 2.1 0.799999 1
      vertex 2.98 0.799999 1
    endloop
  endfacet
  facet normal 1 0 0
    outer loop
      vertex 8.06 2.4 2
      vertex 8.06 1.2 1
      vertex 8.06 2.4 1
    endloop
  endfacet
  facet normal 1 -0 0
    outer loop
      vertex 8.06 0.799999 2
      vertex 8.06 1.2 1
      vertex 8.06 2.4 2
    endloop
  endfacet
  facet normal 1 0 0
    outer loop
      vertex 8.06 1.2 1
      vertex 8.06 0.799999 2
      vertex 8.06 0.799999 1
    endloop
  endfacet
  facet normal -0 0 1
    outer loop
      vertex 7.18 2.4 2
      vertex 8.06 0.799999 2
      vertex 8.06 2.4 2
    endloop
  endfacet
  facet normal 0 0 1
    outer loop
      vertex 8.06 0.799999 2
      vertex 7.18 2.4 2
      vertex 7.18 0.799999 2
    endloop
  endfacet
  facet normal -1 0 0
    outer loop
      vertex 7.18 1.2 1
      vertex 7.18 2.4 2
      vertex 7.18 2.4 1
    endloop
  endfacet
  facet normal -1 0 0
    outer loop
      vertex 7.18 0.799999 2
      vertex 7.18 1.2 1
      vertex 7.18 0.799999 1
    endloop
  endfacet
  facet normal -1 0 0
    outer loop
      vertex 7.18 1.2 1
      vertex 7.18 0.799999 2
      vertex 7.18 2.4 2
    endloop
  endfacet
  facet normal 0 1 -0
    outer loop
      vertex 8.06 2.4 1
      vertex 7.18 2.4 2
      vertex 8.06 2.4 2
    endloop
  endfacet
  facet normal 0 1 0
    outer loop
      vertex 7.18 2.4 2
      vertex 8.06 2.4 1
      vertex 7.18 2.4 1
    endloop
  endfacet
  facet normal 0 -1 0
    outer loop
      vertex 7.18 0.799999 1
      vertex 8.06 0.799999 2
      vertex 7.18 0.799999 2
    endloop
  endfacet
  facet normal 0 -1 -0
    outer loop
      vertex 8.06 0.799999 2
      vertex 7.18 0.799999 1
      vertex 8.06 0.799999 1
    endloop
  endfacet
  facet normal 1 0 0
    outer loop
      vertex 13.14 2.4 2
      vertex 13.14 1.2 1
      vertex 13.14 2.4 1
    endloop
  endfacet
  facet normal 1 -0 0
    outer loop
      vertex 13.14 0.799999 2
      vertex 13.14 1.2 1
      vertex 13.14 2.4 2
    endloop
  endfacet
  facet normal 1 0 0
    outer loop
      vertex 13.14 1.2 1
      vertex 13.14 0.799999 2
      vertex 13.14 0.799999 1
    endloop
  endfacet
  facet normal -0 0 1
    outer loop
      vertex 12.26 2.4 2
      vertex 13.14 0.799999 2
      vertex 13.14 2.4 2
    endloop
  endfacet
  facet normal 0 0 1
    outer loop
      vertex 13.14 0.799999 2
      vertex 12.26 2.4 2
      vertex 12.26 0.799999 2
    endloop
  endfacet
  facet normal -1 0 0
    outer loop
      vertex 12.26 1.2 1
      vertex 12.26 2.4 2
      vertex 12.26 2.4 1
    endloop
  endfacet
  facet normal -1 0 0
    outer loop
      vertex 12.26 0.799999 2
      vertex 12.26 1.2 1
      vertex 12.26 0.799999 1
    endloop
  endfacet
  facet normal -1 0 0
    outer loop
      vertex 12.26 1.2 1
      vertex 12.26 0.799999 2
      vertex 12.26 2.4 2
    endloop
  endfacet
  facet normal 0 1 -0
    outer loop
      vertex 13.14 2.4 1
      vertex 12.26 2.4 2
      vertex 13.14 2.4 2
    endloop
  endfacet
  facet normal 0 1 0
    outer loop
      vertex 12.26 2.4 2
      vertex 13.14 2.4 1
      vertex 12.26 2.4 1
    endloop
  endfacet
  facet normal 0 -1 0
    outer loop
      vertex 12.26 0.799999 1
      vertex 13.14 0.799999 2
      vertex 12.26 0.799999 2
    endloop
  endfacet
  facet normal 0 -1 -0
    outer loop
      vertex 13.14 0.799999 2
      vertex 12.26 0.799999 1
      vertex 13.14 0.799999 1
    endloop
  endfacet
  facet normal 1 0 0
    outer loop
      vertex 18.22 2.4 2
      vertex 18.22 1.2 1
      vertex 18.22 2.4 1
    endloop
  endfacet
  facet normal 1 -0 0
    outer loop
      vertex 18.22 0.799999 2
      vertex 18.22 1.2 1
      vertex 18.22 2.4 2
    endloop
  endfacet
  facet normal 1 0 0
    outer loop
      vertex 18.22 1.2 1
      vertex 18.22 0.799999 2
      vertex 18.22 0.799999 1
    endloop
  endfacet
  facet normal -0 0 1
    outer loop
      vertex 17.34 2.4 2
      vertex 18.22 0.799999 2
      vertex 18.22 2.4 2
    endloop
  endfacet
  facet normal 0 0 1
    outer loop
      vertex 18.22 0.799999 2
      vertex 17.34 2.4 2
      vertex 17.34 0.799999 2
    endloop
  endfacet
  facet normal -1 0 0
    outer loop
      vertex 17.34 1.2 1
      vertex 17.34 2.4 2
      vertex 17.34 2.4 1
    endloop
  endfacet
  facet normal -1 0 0
    outer loop
      vertex 17.34 0.799999 2
      vertex 17.34 1.2 1
      vertex 17.34 0.799999 1
    endloop
  endfacet
  facet normal -1 0 0
    outer loop
      vertex 17.34 1.2 1
      vertex 17.34 0.799999 2
      vertex 17.34 2.4 2
    endloop
  endfacet
  facet normal 0 1 -0
    outer loop
      vertex 18.22 2.4 1
      vertex 17.34 2.4 2
      vertex 18.22 2.4 2
    endloop
  endfacet
  facet normal 0 1 0
    outer loop
      vertex 17.34 2.4 2
      vertex 18.22 2.4 1
      vertex 17.34 2.4 1
    endloop
  endfacet
  facet normal 0 -1 0
    outer loop
      vertex 17.34 0.799999 1
      vertex 18.22 0.799999 2
      vertex 17.34 0.799999 2
    endloop
  endfacet
  facet normal 0 -1 -0
    outer loop
      vertex 18.22 0.799999 2
      vertex 17.34 0.799999 1
      vertex 18.22 0.799999 1
    endloop
  endfacet
  facet normal 1 0 0
    outer loop
      vertex 23.3 2.4 2
      vertex 23.3 1.2 1
      vertex 23.3 2.4 1
    endloop
  endfacet
  facet normal 1 -0 0
    outer loop
      vertex 23.3 0.799999 2
      vertex 23.3 1.2 1
      vertex 23.3 2.4 2
    endloop
  endfacet
  facet normal 1 0 0
    outer loop
      vertex 23.3 1.2 1
      vertex 23.3 0.799999 2
      vertex 23.3 0.799999 1
    endloop
  endfacet
  facet normal -0 0 1
    outer loop
      vertex 22.42 2.4 2
      vertex 23.3 0.799999 2
      vertex 23.3 2.4 2
    endloop
  endfacet
  facet normal 0 0 1
    outer loop
      vertex 23.3 0.799999 2
      vertex 22.42 2.4 2
      vertex 22.42 0.799999 2
    endloop
  endfacet
  facet normal -1 0 0
    outer loop
      vertex 22.42 1.2 1
      vertex 22.42 2.4 2
      vertex 22.42 2.4 1
    endloop
  endfacet
  facet normal -1 0 0
    outer loop
      vertex 22.42 0.799999 2
      vertex 22.42 1.2 1
      vertex 22.42 0.799999 1
    endloop
  endfacet
  facet normal -1 0 0
    outer loop
      vertex 22.42 1.2 1
      vertex 22.42 0.799999 2
      vertex 22.42 2.4 2
    endloop
  endfacet
  facet normal 0 1 -0
    outer loop
      vertex 23.3 2.4 1
      vertex 22.42 2.4 2
      vertex 23.3 2.4 2
    endloop
  endfacet
  facet normal 0 1 0
    outer loop
      vertex 22.42 2.4 2
      vertex 23.3 2.4 1
      vertex 22.42 2.4 1
    endloop
  endfacet
  facet normal 0 -1 0
    outer loop
      vertex 22.42 0.799999 1
      vertex 23.3 0.799999 2
      vertex 22.42 0.799999 2
    endloop
  endfacet
  facet normal 0 -1 -0
    outer loop
      vertex 23.3 0.799999 2
      vertex 22.42 0.799999 1
      vertex 23.3 0.799999 1
    endloop
  endfacet
  facet normal 1 0 0
    outer loop
      vertex 28.38 2.4 2
      vertex 28.38 1.2 1
      vertex 28.38 2.4 1
    endloop
  endfacet
  facet normal 1 -0 0
    outer loop
      vertex 28.38 0.799999 2
      vertex 28.38 1.2 1
      vertex 28.38 2.4 2
    endloop
  endfacet
  facet normal 1 0 0
    outer loop
      vertex 28.38 1.2 1
      vertex 28.38 0.799999 2
      vertex 28.38 0.799999 1
    endloop
  endfacet
  facet normal -0 0 1
    outer loop
      vertex 27.5 2.4 2
      vertex 28.38 0.799999 2
      vertex 28.38 2.4 2
    endloop
  endfacet
  facet normal 0 0 1
    outer loop
      vertex 28.38 0.799999 2
      vertex 27.5 2.4 2
      vertex 27.5 0.799999 2
    endloop
  endfacet
  facet normal -1 0 0
    outer loop
      vertex 27.5 1.2 1
      vertex 27.5 2.4 2
      vertex 27.5 2.4 1
    endloop
  endfacet
  facet normal -1 0 0
    outer loop
      vertex 27.5 0.799999 2
      vertex 27.5 1.2 1
      vertex 27.5 0.799999 1
    endloop
  endfacet
  facet normal -1 0 0
    outer loop
      vertex 27.5 1.2 1
      vertex 27.5 0.799999 2
      vertex 27.5 2.4 2
    endloop
  endfacet
  facet normal 0 1 -0
    outer loop
      vertex 28.38 2.4 1
      vertex 27.5 2.4 2
      vertex 28.38 2.4 2
    endloop
  endfacet
  facet normal 0 1 0
    outer loop
      vertex 27.5 2.4 2
      vertex 28.38 2.4 1
      vertex 27.5 2.4 1
    endloop
  endfacet
  facet normal 0 -1 0
    outer loop
      vertex 27.5 0.799999 1
      vertex 28.38 0.799999 2
      vertex 27.5 0.799999 2
    endloop
  endfacet
  facet normal 0 -1 -0
    outer loop
      vertex 28.38 0.799999 2
      vertex 27.5 0.799999 1
      vertex 28.38 0.799999 1
    endloop
  endfacet
  facet normal 1 0 0
    outer loop
      vertex 33.46 2.4 2
      vertex 33.46 1.2 1
      vertex 33.46 2.4 1
    endloop
  endfacet
  facet normal 1 -0 0
    outer loop
      vertex 33.46 0.799999 2
      vertex 33.46 1.2 1
      vertex 33.46 2.4 2
    endloop
  endfacet
  facet normal 1 0 0
    outer loop
      vertex 33.46 1.2 1
      vertex 33.46 0.799999 2
      vertex 33.46 0.799999 1
    endloop
  endfacet
  facet normal -0 0 1
    outer loop
      vertex 32.58 2.4 2
      vertex 33.46 0.799999 2
      vertex 33.46 2.4 2
    endloop
  endfacet
  facet normal 0 0 1
    outer loop
      vertex 33.46 0.799999 2
      vertex 32.58 2.4 2
      vertex 32.58 0.799999 2
    endloop
  endfacet
  facet normal -1 0 0
    outer loop
      vertex 32.58 1.2 1
      vertex 32.58 2.4 2
      vertex 32.58 2.4 1
    endloop
  endfacet
  facet normal -1 0 0
    outer loop
      vertex 32.58 0.799999 2
      vertex 32.58 1.2 1
      vertex 32.58 0.799999 1
    endloop
  endfacet
  facet normal -1 0 0
    outer loop
      vertex 32.58 1.2 1
      vertex 32.58 0.799999 2
      vertex 32.58 2.4 2
    endloop
  endfacet
  facet normal 0 1 -0
    outer loop
      vertex 33.46 2.4 1
      vertex 32.58 2.4 2
      vertex 33.46 2.4 2
    endloop
  endfacet
  facet normal 0 1 0
    outer loop
      vertex 32.58 2.4 2
      vertex 33.46 2.4 1
      vertex 32.58 2.4 1
    endloop
  endfacet
  facet normal 0 -1 0
    outer loop
      vertex 32.58 0.799999 1
      vertex 33.46 0.799999 2
      vertex 32.58 0.799999 2
    endloop
  endfacet
  facet normal 0 -1 -0
    outer loop
      vertex 33.46 0.799999 2
      vertex 32.58 0.799999 1
      vertex 33.46 0.799999 1
    endloop
  endfacet
  facet normal 1 0 0
    outer loop
      vertex 38.54 2.4 2
      vertex 38.54 1.2 1
      vertex 38.54 2.4 1
    endloop
  endfacet
  facet normal 1 -0 0
    outer loop
      vertex 38.54 0.799999 2
      vertex 38.54 1.2 1
      vertex 38.54 2.4 2
    endloop
  endfacet
  facet normal 1 0 0
    outer loop
      vertex 38.54 1.2 1
      vertex 38.54 0.799999 2
      vertex 38.54 0.799999 1
    endloop
  endfacet
  facet normal -0 0 1
    outer loop
      vertex 37.66 2.4 2
      vertex 38.54 0.799999 2
      vertex 38.54 2.4 2
    endloop
  endfacet
  facet normal 0 0 1
    outer loop
      vertex 38.54 0.799999 2
      vertex 37.66 2.4 2
      vertex 37.66 0.799999 2
    endloop
  endfacet
  facet normal -1 0 0
    outer loop
      vertex 37.66 1.2 1
      vertex 37.66 2.4 2
      vertex 37.66 2.4 1
    endloop
  endfacet
  facet normal -1 0 0
    outer loop
      vertex 37.66 0.799999 2
      vertex 37.66 1.2 1
      vertex 37.66 0.799999 1
    endloop
  endfacet
  facet normal -1 0 0
    outer loop
      vertex 37.66 1.2 1
      vertex 37.66 0.799999 2
      vertex 37.66 2.4 2
    endloop
  endfacet
  facet normal 0 1 -0
    outer loop
      vertex 38.54 2.4 1
      vertex 37.66 2.4 2
      vertex 38.54 2.4 2
    endloop
  endfacet
  facet normal 0 1 0
    outer loop
      vertex 37.66 2.4 2
      vertex 38.54 2.4 1
      vertex 37.66 2.4 1
    endloop
  endfacet
  facet normal 0 -1 0
    outer loop
      vertex 37.66 0.799999 1
      vertex 38.54 0.799999 2
      vertex 37.66 0.799999 2
    endloop
  endfacet
  facet normal 0 -1 -0
    outer loop
      vertex 38.54 0.799999 2
      vertex 37.66 0.799999 1
      vertex 38.54 0.799999 1
    endloop
  endfacet
  facet normal 1 0 0
    outer loop
      vertex 43.62 2.4 2
      vertex 43.62 1.2 1
      vertex 43.62 2.4 1
    endloop
  endfacet
  facet normal 1 -0 0
    outer loop
      vertex 43.62 0.799999 2
      vertex 43.62 1.2 1
      vertex 43.62 2.4 2
    endloop
  endfacet
  facet normal 1 0 0
    outer loop
      vertex 43.62 1.2 1
      vertex 43.62 0.799999 2
      vertex 43.62 0.799999 1
    endloop
  endfacet
  facet normal -0 0 1
    outer loop
      vertex 42.74 2.4 2
      vertex 43.62 0.799999 2
      vertex 43.62 2.4 2
    endloop
  endfacet
  facet normal 0 0 1
    outer loop
      vertex 43.62 0.799999 2
      vertex 42.74 2.4 2
      vertex 42.74 0.799999 2
    endloop
  endfacet
  facet normal -1 0 0
    outer loop
      vertex 42.74 1.2 1
      vertex 42.74 2.4 2
      vertex 42.74 2.4 1
    endloop
  endfacet
  facet normal -1 0 0
    outer loop
      vertex 42.74 0.799999 2
      vertex 42.74 1.2 1
      vertex 42.74 0.799999 1
    endloop
  endfacet
  facet normal -1 0 0
    outer loop
      vertex 42.74 1.2 1
      vertex 42.74 0.799999 2
      vertex 42.74 2.4 2
    endloop
  endfacet
  facet normal 0 1 -0
    outer loop
      vertex 43.62 2.4 1
      vertex 42.74 2.4 2
      vertex 43.62 2.4 2
    endloop
  endfacet
  facet normal 0 1 0
    outer loop
      vertex 42.74 2.4 2
      vertex 43.62 2.4 1
      vertex 42.74 2.4 1
    endloop
  endfacet
  facet normal 0 -1 0
    outer loop
      vertex 42.74 0.799999 1
      vertex 43.62 0.799999 2
      vertex 42.74 0.799999 2
    endloop
  endfacet
  facet normal 0 -1 -0
    outer loop
      vertex 43.62 0.799999 2
      vertex 42.74 0.799999 1
      vertex 43.62 0.799999 1
    endloop
  endfacet
  facet normal 1 0 0
    outer loop
      vertex 48.7 2.4 2
      vertex 48.7 1.2 1
      vertex 48.7 2.4 1
    endloop
  endfacet
  facet normal 1 -0 0
    outer loop
      vertex 48.7 0.799999 2
      vertex 48.7 1.2 1
      vertex 48.7 2.4 2
    endloop
  endfacet
  facet normal 1 0 0
    outer loop
      vertex 48.7 1.2 1
      vertex 48.7 0.799999 2
      vertex 48.7 0.799999 1
    endloop
  endfacet
  facet normal -0 0 1
    outer loop
      vertex 47.82 2.4 2
      vertex 48.7 0.799999 2
      vertex 48.7 2.4 2
    endloop
  endfacet
  facet normal 0 0 1
    outer loop
      vertex 48.7 0.799999 2
      vertex 47.82 2.4 2
      vertex 47.82 0.799999 2
    endloop
  endfacet
  facet normal -1 0 0
    outer loop
      vertex 47.82 1.2 1
      vertex 47.82 2.4 2
      vertex 47.82 2.4 1
    endloop
  endfacet
  facet normal -1 0 0
    outer loop
      vertex 47.82 0.799999 2
      vertex 47.82 1.2 1
      vertex 47.82 0.799999 1
    endloop
  endfacet
  facet normal -1 0 0
    outer loop
      vertex 47.82 1.2 1
      vertex 47.82 0.799999 2
      vertex 47.82 2.4 2
    endloop
  endfacet
  facet normal 0 1 -0
    outer loop
      vertex 48.7 2.4 1
      vertex 47.82 2.4 2
      vertex 48.7 2.4 2
    endloop
  endfacet
  facet normal 0 1 0
    outer loop
      vertex 47.82 2.4 2
      vertex 48.7 2.4 1
      vertex 47.82 2.4 1
    endloop
  endfacet
  facet normal 0 -1 0
    outer loop
      vertex 47.82 0.799999 1
      vertex 48.7 0.799999 2
      vertex 47.82 0.799999 2
    endloop
  endfacet
  facet normal 0 -1 -0
    outer loop
      vertex 48.7 0.799999 2
      vertex 47.82 0.799999 1
      vertex 48.7 0.799999 1
    endloop
  endfacet
  facet normal 1 0 0
    outer loop
      vertex 53.78 2.4 2
      vertex 53.78 1.2 1
      vertex 53.78 2.4 1
    endloop
  endfacet
  facet normal 1 -0 0
    outer loop
      vertex 53.78 0.799999 2
      vertex 53.78 1.2 1
      vertex 53.78 2.4 2
    endloop
  endfacet
  facet normal 1 0 0
    outer loop
      vertex 53.78 1.2 1
      vertex 53.78 0.799999 2
      vertex 53.78 0.799999 1
    endloop
  endfacet
  facet normal -0 0 1
    outer loop
      vertex 52.9 2.4 2
      vertex 53.78 0.799999 2
      vertex 53.78 2.4 2
    endloop
  endfacet
  facet normal 0 0 1
    outer loop
      vertex 53.78 0.799999 2
      vertex 52.9 2.4 2
      vertex 52.9 0.799999 2
    endloop
  endfacet
  facet normal -1 0 0
    outer loop
      vertex 52.9 1.2 1
      vertex 52.9 2.4 2
      vertex 52.9 2.4 1
    endloop
  endfacet
  facet normal -1 0 0
    outer loop
      vertex 52.9 0.799999 2
      vertex 52.9 1.2 1
      vertex 52.9 0.799999 1
    endloop
  endfacet
  facet normal -1 0 0
    outer loop
      vertex 52.9 1.2 1
      vertex 52.9 0.799999 2
      vertex 52.9 2.4 2
    endloop
  endfacet
  facet normal 0 1 -0
    outer loop
      vertex 53.78 2.4 1
      vertex 52.9 2.4 2
      vertex 53.78 2.4 2
    endloop
  endfacet
  facet normal 0 1 0
    outer loop
      vertex 52.9 2.4 2
      vertex 53.78 2.4 1
      vertex 52.9 2.4 1
    endloop
  endfacet
  facet normal 0 -1 0
    outer loop
      vertex 52.9 0.799999 1
      vertex 53.78 0.799999 2
      vertex 52.9 0.799999 2
    endloop
  endfacet
  facet normal 0 -1 -0
    outer loop
      vertex 53.78 0.799999 2
      vertex 52.9 0.799999 1
      vertex 53.78 0.799999 1
    endloop
  endfacet
  facet normal 1 0 0
    outer loop
      vertex 58.86 2.4 2
      vertex 58.86 1.2 1
      vertex 58.86 2.4 1
    endloop
  endfacet
  facet normal 1 -0 0
    outer loop
      vertex 58.86 0.799999 2
      vertex 58.86 1.2 1
      vertex 58.86 2.4 2
    endloop
  endfacet
  facet normal 1 0 0
    outer loop
      vertex 58.86 1.2 1
      vertex 58.86 0.799999 2
      vertex 58.86 0.799999 1
    endloop
  endfacet
  facet normal -0 0 1
    outer loop
      vertex 57.98 2.4 2
      vertex 58.86 0.799999 2
      vertex 58.86 2.4 2
    endloop
  endfacet
  facet normal 0 0 1
    outer loop
      vertex 58.86 0.799999 2
      vertex 57.98 2.4 2
      vertex 57.98 0.799999 2
    endloop
  endfacet
  facet normal -1 0 0
    outer loop
      vertex 57.98 1.2 1
      vertex 57.98 2.4 2
      vertex 57.98 2.4 1
    endloop
  endfacet
  facet normal -1 0 0
    outer loop
      vertex 57.98 0.799999 2
      vertex 57.98 1.2 1
      vertex 57.98 0.799999 1
    endloop
  endfacet
  facet normal -1 0 0
    outer loop
      vertex 57.98 1.2 1
      vertex 57.98 0.799999 2
      vertex 57.98 2.4 2
    endloop
  endfacet
  facet normal 0 1 -0
    outer loop
      vertex 58.86 2.4 1
      vertex 57.98 2.4 2
      vertex 58.86 2.4 2
    endloop
  endfacet
  facet normal 0 1 0
    outer loop
      vertex 57.98 2.4 2
      vertex 58.86 2.4 1
      vertex 57.98 2.4 1
    endloop
  endfacet
  facet normal 0 -1 0
    outer loop
      vertex 57.98 0.799999 1
      vertex 58.86 0.799999 2
      vertex 57.98 0.799999 2
    endloop
  endfacet
  facet normal 0 -1 -0
    outer loop
      vertex 58.86 0.799999 2
      vertex 57.98 0.799999 1
      vertex 58.86 0.799999 1
    endloop
  endfacet
  facet normal 1 0 0
    outer loop
      vertex 63.94 2.4 2
      vertex 63.94 1.2 1
      vertex 63.94 2.4 1
    endloop
  endfacet
  facet normal 1 -0 0
    outer loop
      vertex 63.94 0.799999 2
      vertex 63.94 1.2 1
      vertex 63.94 2.4 2
    endloop
  endfacet
  facet normal 1 0 0
    outer loop
      vertex 63.94 1.2 1
      vertex 63.94 0.799999 2
      vertex 63.94 0.799999 1
    endloop
  endfacet
  facet normal -0 0 1
    outer loop
      vertex 63.06 2.4 2
      vertex 63.94 0.799999 2
      vertex 63.94 2.4 2
    endloop
  endfacet
  facet normal 0 0 1
    outer loop
      vertex 63.94 0.799999 2
      vertex 63.06 2.4 2
      vertex 63.06 0.799999 2
    endloop
  endfacet
  facet normal -1 0 0
    outer loop
      vertex 63.06 1.2 1
      vertex 63.06 2.4 2
      vertex 63.06 2.4 1
    endloop
  endfacet
  facet normal -1 0 0
    outer loop
      vertex 63.06 0.799999 2
      vertex 63.06 1.2 1
      vertex 63.06 0.799999 1
    endloop
  endfacet
  facet normal -1 0 0
    outer loop
      vertex 63.06 1.2 1
      vertex 63.06 0.799999 2
      vertex 63.06 2.4 2
    endloop
  endfacet
  facet normal 0 1 -0
    outer loop
      vertex 63.94 2.4 1
      vertex 63.06 2.4 2
      vertex 63.94 2.4 2
    endloop
  endfacet
  facet normal 0 1 0
    outer loop
      vertex 63.06 2.4 2
      vertex 63.94 2.4 1
      vertex 63.06 2.4 1
    endloop
  endfacet
  facet normal 0 -1 0
    outer loop
      vertex 63.06 0.799999 1
      vertex 63.94 0.799999 2
      vertex 63.06 0.799999 2
    endloop
  endfacet
  facet normal 0 -1 -0
    outer loop
      vertex 63.94 0.799999 2
      vertex 63.06 0.799999 1
      vertex 63.94 0.799999 1
    endloop
  endfacet
  facet normal 1 0 0
    outer loop
      vertex 69.02 2.4 2
      vertex 69.02 1.2 1
      vertex 69.02 2.4 1
    endloop
  endfacet
  facet normal 1 -0 0
    outer loop
      vertex 69.02 0.799999 2
      vertex 69.02 1.2 1
      vertex 69.02 2.4 2
    endloop
  endfacet
  facet normal 1 0 0
    outer loop
      vertex 69.02 1.2 1
      vertex 69.02 0.799999 2
      vertex 69.02 0.799999 1
    endloop
  endfacet
  facet normal -0 0 1
    outer loop
      vertex 68.14 2.4 2
      vertex 69.02 0.799999 2
      vertex 69.02 2.4 2
    endloop
  endfacet
  facet normal 0 0 1
    outer loop
      vertex 69.02 0.799999 2
      vertex 68.14 2.4 2
      vertex 68.14 0.799999 2
    endloop
  endfacet
  facet normal -1 0 0
    outer loop
      vertex 68.14 1.2 1
      vertex 68.14 2.4 2
      vertex 68.14 2.4 1
    endloop
  endfacet
  facet normal -1 0 0
    outer loop
      vertex 68.14 0.799999 2
      vertex 68.14 1.2 1
      vertex 68.14 0.799999 1
    endloop
  endfacet
  facet normal -1 0 0
    outer loop
      vertex 68.14 1.2 1
      vertex 68.14 0.799999 2
      vertex 68.14 2.4 2
    endloop
  endfacet
  facet normal 0 1 -0
    outer loop
      vertex 69.02 2.4 1
      vertex 68.14 2.4 2
      vertex 69.02 2.4 2
    endloop
  endfacet
  facet normal 0 1 0
    outer loop
      vertex 68.14 2.4 2
      vertex 69.02 2.4 1
      vertex 68.14 2.4 1
    endloop
  endfacet
  facet normal 0 -1 0
    outer loop
      vertex 68.14 0.799999 1
      vertex 69.02 0.799999 2
      vertex 68.14 0.799999 2
    endloop
  endfacet
  facet normal 0 -1 -0
    outer loop
      vertex 69.02 0.799999 2
      vertex 68.14 0.799999 1
      vertex 69.02 0.799999 1
    endloop
  endfacet
  facet normal 1 0 0
    outer loop
      vertex 74.1 2.4 2
      vertex 74.1 1.2 1
      vertex 74.1 2.4 1
    endloop
  endfacet
  facet normal 1 -0 0
    outer loop
      vertex 74.1 0.799999 2
      vertex 74.1 1.2 1
      vertex 74.1 2.4 2
    endloop
  endfacet
  facet normal 1 0 0
    outer loop
      vertex 74.1 1.2 1
      vertex 74.1 0.799999 2
      vertex 74.1 0.799999 1
    endloop
  endfacet
  facet normal -0 0 1
    outer loop
      vertex 73.22 2.4 2
      vertex 74.1 0.799999 2
      vertex 74.1 2.4 2
    endloop
  endfacet
  facet normal 0 0 1
    outer loop
      vertex 74.1 0.799999 2
      vertex 73.22 2.4 2
      vertex 73.22 0.799999 2
    endloop
  endfacet
  facet normal -1 0 0
    outer loop
      vertex 73.22 1.2 1
      vertex 73.22 2.4 2
      vertex 73.22 2.4 1
    endloop
  endfacet
  facet normal -1 0 0
    outer loop
      vertex 73.22 0.799999 2
      vertex 73.22 1.2 1
      vertex 73.22 0.799999 1
    endloop
  endfacet
  facet normal -1 0 0
    outer loop
      vertex 73.22 1.2 1
      vertex 73.22 0.799999 2
      vertex 73.22 2.4 2
    endloop
  endfacet
  facet normal 0 1 -0
    outer loop
      vertex 74.1 2.4 1
      vertex 73.22 2.4 2
      vertex 74.1 2.4 2
    endloop
  endfacet
  facet normal 0 1 0
    outer loop
      vertex 73.22 2.4 2
      vertex 74.1 2.4 1
      vertex 73.22 2.4 1
    endloop
  endfacet
  facet normal 0 -1 0
    outer loop
      vertex 73.22 0.799999 1
      vertex 74.1 0.799999 2
      vertex 73.22 0.799999 2
    endloop
  endfacet
  facet normal 0 -1 -0
    outer loop
      vertex 74.1 0.799999 2
      vertex 73.22 0.799999 1
      vertex 74.1 0.799999 1
    endloop
  endfacet
  facet normal 1 0 0
    outer loop
      vertex 79.18 2.4 2
      vertex 79.18 1.2 1
      vertex 79.18 2.4 1
    endloop
  endfacet
  facet normal 1 -0 0
    outer loop
      vertex 79.18 0.799999 2
      vertex 79.18 1.2 1
      vertex 79.18 2.4 2
    endloop
  endfacet
  facet normal 1 0 0
    outer loop
      vertex 79.18 1.2 1
      vertex 79.18 0.799999 2
      vertex 79.18 0.799999 1
    endloop
  endfacet
  facet normal -0 0 1
    outer loop
      vertex 78.3 2.4 2
      vertex 79.18 0.799999 2
      vertex 79.18 2.4 2
    endloop
  endfacet
  facet normal 0 0 1
    outer loop
      vertex 79.18 0.799999 2
      vertex 78.3 2.4 2
      vertex 78.3 0.799999 2
    endloop
  endfacet
  facet normal -1 0 0
    outer loop
      vertex 78.3 1.2 1
      vertex 78.3 2.4 2
      vertex 78.3 2.4 1
    endloop
  endfacet
  facet normal -1 0 0
    outer loop
      vertex 78.3 0.799999 2
      vertex 78.3 1.2 1
      vertex 78.3 0.799999 1
    endloop
  endfacet
  facet normal -1 0 0
    outer loop
      vertex 78.3 1.2 1
      vertex 78.3 0.799999 2
      vertex 78.3 2.4 2
    endloop
  endfacet
  facet normal 0 1 -0
    outer loop
      vertex 79.18 2.4 1
      vertex 78.3 2.4 2
      vertex 79.18 2.4 2
    endloop
  endfacet
  facet normal 0 1 0
    outer loop
      vertex 78.3 2.4 2
      vertex 79.18 2.4 1
      vertex 78.3 2.4 1
    endloop
  endfacet
  facet normal 0 -1 0
    outer loop
      vertex 78.3 0.799999 1
      vertex 79.18 0.799999 2
      vertex 78.3 0.799999 2
    endloop
  endfacet
  facet normal 0 -1 -0
    outer loop
      vertex 79.18 0.799999 2
      vertex 78.3 0.799999 1
      vertex 79.18 0.799999 1
    endloop
  endfacet
  facet normal 1 0 0
    outer loop
      vertex 84.26 2.4 2
      vertex 84.26 1.2 1
      vertex 84.26 2.4 1
    endloop
  endfacet
  facet normal 1 -0 0
    outer loop
      vertex 84.26 0.799999 2
      vertex 84.26 1.2 1
      vertex 84.26 2.4 2
    endloop
  endfacet
  facet normal 1 0 0
    outer loop
      vertex 84.26 1.2 1
      vertex 84.26 0.799999 2
      vertex 84.26 0.799999 1
    endloop
  endfacet
  facet normal -0 0 1
    outer loop
      vertex 83.38 2.4 2
      vertex 84.26 0.799999 2
      vertex 84.26 2.4 2
    endloop
  endfacet
  facet normal 0 0 1
    outer loop
      vertex 84.26 0.799999 2
      vertex 83.38 2.4 2
      vertex 83.38 0.799999 2
    endloop
  endfacet
  facet normal -1 0 0
    outer loop
      vertex 83.38 1.2 1
      vertex 83.38 2.4 2
      vertex 83.38 2.4 1
    endloop
  endfacet
  facet normal -1 0 0
    outer loop
      vertex 83.38 0.799999 2
      vertex 83.38 1.2 1
      vertex 83.38 0.799999 1
    endloop
  endfacet
  facet normal -1 0 0
    outer loop
      vertex 83.38 1.2 1
      vertex 83.38 0.799999 2
      vertex 83.38 2.4 2
    endloop
  endfacet
  facet normal 0 1 -0
    outer loop
      vertex 84.26 2.4 1
      vertex 83.38 2.4 2
      vertex 84.26 2.4 2
    endloop
  endfacet
  facet normal 0 1 0
    outer loop
      vertex 83.38 2.4 2
      vertex 84.26 2.4 1
      vertex 83.38 2.4 1
    endloop
  endfacet
  facet normal 0 -1 0
    outer loop
      vertex 83.38 0.799999 1
      vertex 84.26 0.799999 2
      vertex 83.38 0.799999 2
    endloop
  endfacet
  facet normal 0 -1 -0
    outer loop
      vertex 84.26 0.799999 2
      vertex 83.38 0.799999 1
      vertex 84.26 0.799999 1
    endloop
  endfacet
  facet normal 1 0 0
    outer loop
      vertex 89.34 2.4 2
      vertex 89.34 1.2 1
      vertex 89.34 2.4 1
    endloop
  endfacet
  facet normal 1 -0 0
    outer loop
      vertex 89.34 0.799999 2
      vertex 89.34 1.2 1
      vertex 89.34 2.4 2
    endloop
  endfacet
  facet normal 1 0 0
    outer loop
      vertex 89.34 1.2 1
      vertex 89.34 0.799999 2
      vertex 89.34 0.799999 1
    endloop
  endfacet
  facet normal -0 0 1
    outer loop
      vertex 88.46 2.4 2
      vertex 89.34 0.799999 2
      vertex 89.34 2.4 2
    endloop
  endfacet
  facet normal 0 0 1
    outer loop
      vertex 89.34 0.799999 2
      vertex 88.46 2.4 2
      vertex 88.46 0.799999 2
    endloop
  endfacet
  facet normal -1 0 0
    outer loop
      vertex 88.46 1.2 1
      vertex 88.46 2.4 2
      vertex 88.46 2.4 1
    endloop
  endfacet
  facet normal -1 0 0
    outer loop
      vertex 88.46 0.799999 2
      vertex 88.46 1.2 1
      vertex 88.46 0.799999 1
    endloop
  endfacet
  facet normal -1 0 0
    outer loop
      vertex 88.46 1.2 1
      vertex 88.46 0.799999 2
      vertex 88.46 2.4 2
    endloop
  endfacet
  facet normal 0 1 -0
    outer loop
      vertex 89.34 2.4 1
      vertex 88.46 2.4 2
      vertex 89.34 2.4 2
    endloop
  endfacet
  facet normal 0 1 0
    outer loop
      vertex 88.46 2.4 2
      vertex 89.34 2.4 1
      vertex 88.46 2.4 1
    endloop
  endfacet
  facet normal 0 -1 0
    outer loop
      vertex 88.46 0.799999 1
      vertex 89.34 0.799999 2
      vertex 88.46 0.799999 2
    endloop
  endfacet
  facet normal 0 -1 -0
    outer loop
      vertex 89.34 0.799999 2
      vertex 88.46 0.799999 1
      vertex 89.34 0.799999 1
    endloop
  endfacet
  facet normal 1 0 0
    outer loop
      vertex 94.42 2.4 2
      vertex 94.42 1.2 1
      vertex 94.42 2.4 1
    endloop
  endfacet
  facet normal 1 -0 0
    outer loop
      vertex 94.42 0.799999 2
      vertex 94.42 1.2 1
      vertex 94.42 2.4 2
    endloop
  endfacet
  facet normal 1 0 0
    outer loop
      vertex 94.42 1.2 1
      vertex 94.42 0.799999 2
      vertex 94.42 0.799999 1
    endloop
  endfacet
  facet normal -0 0 1
    outer loop
      vertex 93.54 2.4 2
      vertex 94.42 0.799999 2
      vertex 94.42 2.4 2
    endloop
  endfacet
  facet normal 0 0 1
    outer loop
      vertex 94.42 0.799999 2
      vertex 93.54 2.4 2
      vertex 93.54 0.799999 2
    endloop
  endfacet
  facet normal -1 0 0
    outer loop
      vertex 93.54 1.2 1
      vertex 93.54 2.4 2
      vertex 93.54 2.4 1
    endloop
  endfacet
  facet normal -1 0 0
    outer loop
      vertex 93.54 0.799999 2
      vertex 93.54 1.2 1
      vertex 93.54 0.799999 1
    endloop
  endfacet
  facet normal -1 0 0
    outer loop
      vertex 93.54 1.2 1
      vertex 93.54 0.799999 2
      vertex 93.54 2.4 2
    endloop
  endfacet
  facet normal 0 1 -0
    outer loop
      vertex 94.42 2.4 1
      vertex 93.54 2.4 2
      vertex 94.42 2.4 2
    endloop
  endfacet
  facet normal 0 1 0
    outer loop
      vertex 93.54 2.4 2
      vertex 94.42 2.4 1
      vertex 93.54 2.4 1
    endloop
  endfacet
  facet normal 0 -1 0
    outer loop
      vertex 93.54 0.799999 1
      vertex 94.42 0.799999 2
      vertex 93.54 0.799999 2
    endloop
  endfacet
  facet normal 0 -1 -0
    outer loop
      vertex 94.42 0.799999 2
      vertex 93.54 0.799999 1
      vertex 94.42 0.799999 1
    endloop
  endfacet
  facet normal 1 0 0
    outer loop
      vertex 99.5 2.4 2
      vertex 99.5 1.2 1
      vertex 99.5 2.4 1
    endloop
  endfacet
  facet normal 1 -0 0
    outer loop
      vertex 99.5 0.799999 2
      vertex 99.5 1.2 1
      vertex 99.5 2.4 2
    endloop
  endfacet
  facet normal 1 0 0
    outer loop
      vertex 99.5 1.2 1
      vertex 99.5 0.799999 2
      vertex 99.5 0.799999 1
    endloop
  endfacet
  facet normal -0 0 1
    outer loop
      vertex 98.62 2.4 2
      vertex 99.5 0.799999 2
      vertex 99.5 2.4 2
    endloop
  endfacet
  facet normal 0 0 1
    outer loop
      vertex 99.5 0.799999 2
      vertex 98.62 2.4 2
      vertex 98.62 0.799999 2
    endloop
  endfacet
  facet normal -1 0 0
    outer loop
      vertex 98.62 1.2 1
      vertex 98.62 2.4 2
      vertex 98.62 2.4 1
    endloop
  endfacet
  facet normal -1 0 0
    outer loop
      vertex 98.62 0.799999 2
      vertex 98.62 1.2 1
      vertex 98.62 0.799999 1
    endloop
  endfacet
  facet normal -1 0 0
    outer loop
      vertex 98.62 1.2 1
      vertex 98.62 0.799999 2
      vertex 98.62 2.4 2
    endloop
  endfacet
  facet normal 0 1 -0
    outer loop
      vertex 99.5 2.4 1
      vertex 98.62 2.4 2
      vertex 99.5 2.4 2
    endloop
  endfacet
  facet normal 0 1 0
    outer loop
      vertex 98.62 2.4 2
      vertex 99.5 2.4 1
      vertex 98.62 2.4 1
    endloop
  endfacet
  facet normal 0 -1 0
    outer loop
      vertex 98.62 0.799999 1
      vertex 99.5 0.799999 2
      vertex 98.62 0.799999 2
    endloop
  endfacet
  facet normal 0 -1 -0
    outer loop
      vertex 99.5 0.799999 2
      vertex 98.62 0.799999 1
      vertex 99.5 0.799999 1
    endloop
  endfacet
  facet normal 1 0 0
    outer loop
      vertex 104.58 2.4 2
      vertex 104.58 1.2 1
      vertex 104.58 2.4 1
    endloop
  endfacet
  facet normal 1 -0 0
    outer loop
      vertex 104.58 0.799999 2
      vertex 104.58 1.2 1
      vertex 104.58 2.4 2
    endloop
  endfacet
  facet normal 1 0 0
    outer loop
      vertex 104.58 1.2 1
      vertex 104.58 0.799999 2
      vertex 104.58 0.799999 1
    endloop
  endfacet
  facet normal -0 0 1
    outer loop
      vertex 103.7 2.4 2
      vertex 104.58 0.799999 2
      vertex 104.58 2.4 2
    endloop
  endfacet
  facet normal 0 0 1
    outer loop
      vertex 104.58 0.799999 2
      vertex 103.7 2.4 2
      vertex 103.7 0.799999 2
    endloop
  endfacet
  facet normal -1 0 0
    outer loop
      vertex 103.7 1.2 1
      vertex 103.7 2.4 2
      vertex 103.7 2.4 1
    endloop
  endfacet
  facet normal -1 0 0
    outer loop
      vertex 103.7 0.799999 2
      vertex 103.7 1.2 1
      vertex 103.7 0.799999 1
    endloop
  endfacet
  facet normal -1 0 0
    outer loop
      vertex 103.7 1.2 1
      vertex 103.7 0.799999 2
      vertex 103.7 2.4 2
    endloop
  endfacet
  facet normal 0 1 -0
    outer loop
      vertex 104.58 2.4 1
      vertex 103.7 2.4 2
      vertex 104.58 2.4 2
    endloop
  endfacet
  facet normal 0 1 0
    outer loop
      vertex 103.7 2.4 2
      vertex 104.58 2.4 1
      vertex 103.7 2.4 1
    endloop
  endfacet
  facet normal 0 -1 0
    outer loop
      vertex 103.7 0.799999 1
      vertex 104.58 0.799999 2
      vertex 103.7 0.799999 2
    endloop
  endfacet
  facet normal 0 -1 -0
    outer loop
      vertex 104.58 0.799999 2
      vertex 103.7 0.799999 1
      vertex 104.58 0.799999 1
    endloop
  endfacet
  facet normal 1 0 0
    outer loop
      vertex 109.66 2.4 2
      vertex 109.66 1.2 1
      vertex 109.66 2.4 1
    endloop
  endfacet
  facet normal 1 -0 0
    outer loop
      vertex 109.66 0.799999 2
      vertex 109.66 1.2 1
      vertex 109.66 2.4 2
    endloop
  endfacet
  facet normal 1 0 0
    outer loop
      vertex 109.66 1.2 1
      vertex 109.66 0.799999 2
      vertex 109.66 0.799999 1
    endloop
  endfacet
  facet normal -0 0 1
    outer loop
      vertex 108.78 2.4 2
      vertex 109.66 0.799999 2
      vertex 109.66 2.4 2
    endloop
  endfacet
  facet normal 0 0 1
    outer loop
      vertex 109.66 0.799999 2
      vertex 108.78 2.4 2
      vertex 108.78 0.799999 2
    endloop
  endfacet
  facet normal -1 0 0
    outer loop
      vertex 108.78 1.2 1
      vertex 108.78 2.4 2
      vertex 108.78 2.4 1
    endloop
  endfacet
  facet normal -1 0 0
    outer loop
      vertex 108.78 0.799999 2
      vertex 108.78 1.2 1
      vertex 108.78 0.799999 1
    endloop
  endfacet
  facet normal -1 0 0
    outer loop
      vertex 108.78 1.2 1
      vertex 108.78 0.799999 2
      vertex 108.78 2.4 2
    endloop
  endfacet
  facet normal 0 1 -0
    outer loop
      vertex 109.66 2.4 1
      vertex 108.78 2.4 2
      vertex 109.66 2.4 2
    endloop
  endfacet
  facet normal 0 1 0
    outer loop
      vertex 108.78 2.4 2
      vertex 109.66 2.4 1
      vertex 108.78 2.4 1
    endloop
  endfacet
  facet normal 0 -1 0
    outer loop
      vertex 108.78 0.799999 1
      vertex 109.66 0.799999 2
      vertex 108.78 0.799999 2
    endloop
  endfacet
  facet normal 0 -1 -0
    outer loop
      vertex 109.66 0.799999 2
      vertex 108.78 0.799999 1
      vertex 109.66 0.799999 1
    endloop
  endfacet
  facet normal 1 0 0
    outer loop
      vertex 114.74 2.4 2
      vertex 114.74 1.2 1
      vertex 114.74 2.4 1
    endloop
  endfacet
  facet normal 1 -0 0
    outer loop
      vertex 114.74 0.799999 2
      vertex 114.74 1.2 1
      vertex 114.74 2.4 2
    endloop
  endfacet
  facet normal 1 0 0
    outer loop
      vertex 114.74 1.2 1
      vertex 114.74 0.799999 2
      vertex 114.74 0.799999 1
    endloop
  endfacet
  facet normal -0 0 1
    outer loop
      vertex 113.86 2.4 2
      vertex 114.74 0.799999 2
      vertex 114.74 2.4 2
    endloop
  endfacet
  facet normal 0 0 1
    outer loop
      vertex 114.74 0.799999 2
      vertex 113.86 2.4 2
      vertex 113.86 0.799999 2
    endloop
  endfacet
  facet normal -1 0 0
    outer loop
      vertex 113.86 1.2 1
      vertex 113.86 2.4 2
      vertex 113.86 2.4 1
    endloop
  endfacet
  facet normal -1 0 0
    outer loop
      vertex 113.86 0.799999 2
      vertex 113.86 1.2 1
      vertex 113.86 0.799999 1
    endloop
  endfacet
  facet normal -1 0 0
    outer loop
      vertex 113.86 1.2 1
      vertex 113.86 0.799999 2
      vertex 113.86 2.4 2
    endloop
  endfacet
  facet normal 0 1 -0
    outer loop
      vertex 114.74 2.4 1
      vertex 113.86 2.4 2
      vertex 114.74 2.4 2
    endloop
  endfacet
  facet normal 0 1 0
    outer loop
      vertex 113.86 2.4 2
      vertex 114.74 2.4 1
      vertex 113.86 2.4 1
    endloop
  endfacet
  facet normal 0 -1 0
    outer loop
      vertex 113.86 0.799999 1
      vertex 114.74 0.799999 2
      vertex 113.86 0.799999 2
    endloop
  endfacet
  facet normal 0 -1 -0
    outer loop
      vertex 114.74 0.799999 2
      vertex 113.86 0.799999 1
      vertex 114.74 0.799999 1
    endloop
  endfacet
  facet normal 1 0 0
    outer loop
      vertex 119.82 2.4 2
      vertex 119.82 1.2 1
      vertex 119.82 2.4 1
    endloop
  endfacet
  facet normal 1 -0 0
    outer loop
      vertex 119.82 0.799999 2
      vertex 119.82 1.2 1
      vertex 119.82 2.4 2
    endloop
  endfacet
  facet normal 1 0 0
    outer loop
      vertex 119.82 1.2 1
      vertex 119.82 0.799999 2
      vertex 119.82 0.799999 1
    endloop
  endfacet
  facet normal -0 0 1
    outer loop
      vertex 118.94 2.4 2
      vertex 119.82 0.799999 2
      vertex 119.82 2.4 2
    endloop
  endfacet
  facet normal 0 0 1
    outer loop
      vertex 119.82 0.799999 2
      vertex 118.94 2.4 2
      vertex 118.94 0.799999 2
    endloop
  endfacet
  facet normal -1 0 0
    outer loop
      vertex 118.94 1.2 1
      vertex 118.94 2.4 2
      vertex 118.94 2.4 1
    endloop
  endfacet
  facet normal -1 0 0
    outer loop
      vertex 118.94 0.799999 2
      vertex 118.94 1.2 1
      vertex 118.94 0.799999 1
    endloop
  endfacet
  facet normal -1 0 0
    outer loop
      vertex 118.94 1.2 1
      vertex 118.94 0.799999 2
      vertex 118.94 2.4 2
    endloop
  endfacet
  facet normal 0 1 -0
    outer loop
      vertex 119.82 2.4 1
      vertex 118.94 2.4 2
      vertex 119.82 2.4 2
    endloop
  endfacet
  facet normal 0 1 0
    outer loop
      vertex 118.94 2.4 2
      vertex 119.82 2.4 1
      vertex 118.94 2.4 1
    endloop
  endfacet
  facet normal 0 -1 0
    outer loop
      vertex 118.94 0.799999 1
      vertex 119.82 0.799999 2
      vertex 118.94 0.799999 2
    endloop
  endfacet
  facet normal 0 -1 -0
    outer loop
      vertex 119.82 0.799999 2
      vertex 118.94 0.799999 1
      vertex 119.82 0.799999 1
    endloop
  endfacet
  facet normal 1 0 0
    outer loop
      vertex 124.9 2.4 2
      vertex 124.9 1.2 1
      vertex 124.9 2.4 1
    endloop
  endfacet
  facet normal 1 -0 0
    outer loop
      vertex 124.9 0.799999 2
      vertex 124.9 1.2 1
      vertex 124.9 2.4 2
    endloop
  endfacet
  facet normal 1 0 0
    outer loop
      vertex 124.9 1.2 1
      vertex 124.9 0.799999 2
      vertex 124.9 0.799999 1
    endloop
  endfacet
  facet normal -0 0 1
    outer loop
      vertex 124.02 2.4 2
      vertex 124.9 0.799999 2
      vertex 124.9 2.4 2
    endloop
  endfacet
  facet normal 0 0 1
    outer loop
      vertex 124.9 0.799999 2
      vertex 124.02 2.4 2
      vertex 124.02 0.799999 2
    endloop
  endfacet
  facet normal -1 0 0
    outer loop
      vertex 124.02 1.2 1
      vertex 124.02 2.4 2
      vertex 124.02 2.4 1
    endloop
  endfacet
  facet normal -1 0 0
    outer loop
      vertex 124.02 0.799999 2
      vertex 124.02 1.2 1
      vertex 124.02 0.799999 1
    endloop
  endfacet
  facet normal -1 0 0
    outer loop
      vertex 124.02 1.2 1
      vertex 124.02 0.799999 2
      vertex 124.02 2.4 2
    endloop
  endfacet
  facet normal 0 1 -0
    outer loop
      vertex 124.9 2.4 1
      vertex 124.02 2.4 2
      vertex 124.9 2.4 2
    endloop
  endfacet
  facet normal 0 1 0
    outer loop
      vertex 124.02 2.4 2
      vertex 124.9 2.4 1
      vertex 124.02 2.4 1
    endloop
  endfacet
  facet normal 0 -1 0
    outer loop
      vertex 124.02 0.799999 1
      vertex 124.9 0.799999 2
      vertex 124.02 0.799999 2
    endloop
  endfacet
  facet normal 0 -1 -0
    outer loop
      vertex 124.9 0.799999 2
      vertex 124.02 0.799999 1
      vertex 124.9 0.799999 1
    endloop
  endfacet
  facet normal 1 0 0
    outer loop
      vertex 129.98 2.4 2
      vertex 129.98 1.2 1
      vertex 129.98 2.4 1
    endloop
  endfacet
  facet normal 1 -0 0
    outer loop
      vertex 129.98 0.799999 2
      vertex 129.98 1.2 1
      vertex 129.98 2.4 2
    endloop
  endfacet
  facet normal 1 0 0
    outer loop
      vertex 129.98 1.2 1
      vertex 129.98 0.799999 2
      vertex 129.98 0.799999 1
    endloop
  endfacet
  facet normal -0 0 1
    outer loop
      vertex 129.1 2.4 2
      vertex 129.98 0.799999 2
      vertex 129.98 2.4 2
    endloop
  endfacet
  facet normal 0 0 1
    outer loop
      vertex 129.98 0.799999 2
      vertex 129.1 2.4 2
      vertex 129.1 0.799999 2
    endloop
  endfacet
  facet normal -1 0 0
    outer loop
      vertex 129.1 1.2 1
      vertex 129.1 2.4 2
      vertex 129.1 2.4 1
    endloop
  endfacet
  facet normal -1 0 0
    outer loop
      vertex 129.1 0.799999 2
      vertex 129.1 1.2 1
      vertex 129.1 0.799999 1
    endloop
  endfacet
  facet normal -1 0 0
    outer loop
      vertex 129.1 1.2 1
      vertex 129.1 0.799999 2
      vertex 129.1 2.4 2
    endloop
  endfacet
  facet normal 0 1 -0
    outer loop
      vertex 129.98 2.4 1
      vertex 129.1 2.4 2
      vertex 129.98 2.4 2
    endloop
  endfacet
  facet normal 0 1 0
    outer loop
      vertex 129.1 2.4 2
      vertex 129.98 2.4 1
      vertex 129.1 2.4 1
    endloop
  endfacet
  facet normal 0 -1 0
    outer loop
      vertex 129.1 0.799999 1
      vertex 129.98 0.799999 2
      vertex 129.1 0.799999 2
    endloop
  endfacet
  facet normal 0 -1 -0
    outer loop
      vertex 129.98 0.799999 2
      vertex 129.1 0.799999 1
      vertex 129.98 0.799999 1
    endloop
  endfacet
  facet normal 1 0 0
    outer loop
      vertex 135.06 2.4 2
      vertex 135.06 1.2 1
      vertex 135.06 2.4 1
    endloop
  endfacet
  facet normal 1 -0 0
    outer loop
      vertex 135.06 0.799999 2
      vertex 135.06 1.2 1
      vertex 135.06 2.4 2
    endloop
  endfacet
  facet normal 1 0 0
    outer loop
      vertex 135.06 1.2 1
      vertex 135.06 0.799999 2
      vertex 135.06 0.799999 1
    endloop
  endfacet
  facet normal -0 0 1
    outer loop
      vertex 134.18 2.4 2
      vertex 135.06 0.799999 2
      vertex 135.06 2.4 2
    endloop
  endfacet
  facet normal 0 0 1
    outer loop
      vertex 135.06 0.799999 2
      vertex 134.18 2.4 2
      vertex 134.18 0.799999 2
    endloop
  endfacet
  facet normal -1 0 0
    outer loop
      vertex 134.18 1.2 1
      vertex 134.18 2.4 2
      vertex 134.18 2.4 1
    endloop
  endfacet
  facet normal -1 0 0
    outer loop
      vertex 134.18 0.799999 2
      vertex 134.18 1.2 1
      vertex 134.18 0.799999 1
    endloop
  endfacet
  facet normal -1 0 0
    outer loop
      vertex 134.18 1.2 1
      vertex 134.18 0.799999 2
      vertex 134.18 2.4 2
    endloop
  endfacet
  facet normal 0 1 -0
    outer loop
      vertex 135.06 2.4 1
      vertex 134.18 2.4 2
      vertex 135.06 2.4 2
    endloop
  endfacet
  facet normal 0 1 0
    outer loop
      vertex 134.18 2.4 2
      vertex 135.06 2.4 1
      vertex 134.18 2.4 1
    endloop
  endfacet
  facet normal 0 -1 0
    outer loop
      vertex 134.18 0.799999 1
      vertex 135.06 0.799999 2
      vertex 134.18 0.799999 2
    endloop
  endfacet
  facet normal 0 -1 -0
    outer loop
      vertex 135.06 0.799999 2
      vertex 134.18 0.799999 1
      vertex 135.06 0.799999 1
    endloop
  endfacet
  facet normal 1 0 0
    outer loop
      vertex 140.14 2.4 2
      vertex 140.14 1.2 1
      vertex 140.14 2.4 1
    endloop
  endfacet
  facet normal 1 -0 0
    outer loop
      vertex 140.14 0.799999 2
      vertex 140.14 1.2 1
      vertex 140.14 2.4 2
    endloop
  endfacet
  facet normal 1 0 0
    outer loop
      vertex 140.14 1.2 1
      vertex 140.14 0.799999 2
      vertex 140.14 0.799999 1
    endloop
  endfacet
  facet normal -0 0 1
    outer loop
      vertex 139.26 2.4 2
      vertex 140.14 0.799999 2
      vertex 140.14 2.4 2
    endloop
  endfacet
  facet normal 0 0 1
    outer loop
      vertex 140.14 0.799999 2
      vertex 139.26 2.4 2
      vertex 139.26 0.799999 2
    endloop
  endfacet
  facet normal -1 0 0
    outer loop
      vertex 139.26 1.2 1
      vertex 139.26 2.4 2
      vertex 139.26 2.4 1
    endloop
  endfacet
  facet normal -1 0 0
    outer loop
      vertex 139.26 0.799999 2
      vertex 139.26 1.2 1
      vertex 139.26 0.799999 1
    endloop
  endfacet
  facet normal -1 0 0
    outer loop
      vertex 139.26 1.2 1
      vertex 139.26 0.799999 2
      vertex 139.26 2.4 2
    endloop
  endfacet
  facet normal 0 1 -0
    outer loop
      vertex 140.14 2.4 1
      vertex 139.26 2.4 2
      vertex 140.14 2.4 2
    endloop
  endfacet
  facet normal 0 1 0
    outer loop
      vertex 139.26 2.4 2
      vertex 140.14 2.4 1
      vertex 139.26 2.4 1
    endloop
  endfacet
  facet normal 0 -1 0
    outer loop
      vertex 139.26 0.799999 1
      vertex 140.14 0.799999 2
      vertex 139.26 0.799999 2
    endloop
  endfacet
  facet normal 0 -1 -0
    outer loop
      vertex 140.14 0.799999 2
      vertex 139.26 0.799999 1
      vertex 140.14 0.799999 1
    endloop
  endfacet
  facet normal 1 0 0
    outer loop
      vertex 145.22 2.4 2
      vertex 145.22 1.2 1
      vertex 145.22 2.4 1
    endloop
  endfacet
  facet normal 1 -0 0
    outer loop
      vertex 145.22 0.799999 2
      vertex 145.22 1.2 1
      vertex 145.22 2.4 2
    endloop
  endfacet
  facet normal 1 0 0
    outer loop
      vertex 145.22 1.2 1
      vertex 145.22 0.799999 2
      vertex 145.22 0.799999 1
    endloop
  endfacet
  facet normal -0 0 1
    outer loop
      vertex 144.34 2.4 2
      vertex 145.22 0.799999 2
      vertex 145.22 2.4 2
    endloop
  endfacet
  facet normal 0 0 1
    outer loop
      vertex 145.22 0.799999 2
      vertex 144.34 2.4 2
      vertex 144.34 0.799999 2
    endloop
  endfacet
  facet normal -1 0 0
    outer loop
      vertex 144.34 1.2 1
      vertex 144.34 2.4 2
      vertex 144.34 2.4 1
    endloop
  endfacet
  facet normal -1 0 0
    outer loop
      vertex 144.34 0.799999 2
      vertex 144.34 1.2 1
      vertex 144.34 0.799999 1
    endloop
  endfacet
  facet normal -1 0 0
    outer loop
      vertex 144.34 1.2 1
      vertex 144.34 0.799999 2
      vertex 144.34 2.4 2
    endloop
  endfacet
  facet normal 0 1 -0
    outer loop
      vertex 145.22 2.4 1
      vertex 144.34 2.4 2
      vertex 145.22 2.4 2
    endloop
  endfacet
  facet normal 0 1 0
    outer loop
      vertex 144.34 2.4 2
      vertex 145.22 2.4 1
      vertex 144.34 2.4 1
    endloop
  endfacet
  facet normal 0 -1 0
    outer loop
      vertex 144.34 0.799999 1
      vertex 145.22 0.799999 2
      vertex 144.34 0.799999 2
    endloop
  endfacet
  facet normal 0 -1 -0
    outer loop
      vertex 145.22 0.799999 2
      vertex 144.34 0.799999 1
      vertex 145.22 0.799999 1
    endloop
  endfacet
  facet normal 1 0 0
    outer loop
      vertex 150.3 2.4 2
      vertex 150.3 1.2 1
      vertex 150.3 2.4 1
    endloop
  endfacet
  facet normal 1 -0 0
    outer loop
      vertex 150.3 0.799999 2
      vertex 150.3 1.2 1
      vertex 150.3 2.4 2
    endloop
  endfacet
  facet normal 1 0 0
    outer loop
      vertex 150.3 1.2 1
      vertex 150.3 0.799999 2
      vertex 150.3 0.799999 1
    endloop
  endfacet
  facet normal -0 0 1
    outer loop
      vertex 149.42 2.4 2
      vertex 150.3 0.799999 2
      vertex 150.3 2.4 2
    endloop
  endfacet
  facet normal 0 0 1
    outer loop
      vertex 150.3 0.799999 2
      vertex 149.42 2.4 2
      vertex 149.42 0.799999 2
    endloop
  endfacet
  facet normal -1 0 0
    outer loop
      vertex 149.42 1.2 1
      vertex 149.42 2.4 2
      vertex 149.42 2.4 1
    endloop
  endfacet
  facet normal -1 0 0
    outer loop
      vertex 149.42 0.799999 2
      vertex 149.42 1.2 1
      vertex 149.42 0.799999 1
    endloop
  endfacet
  facet normal -1 0 0
    outer loop
      vertex 149.42 1.2 1
      vertex 149.42 0.799999 2
      vertex 149.42 2.4 2
    endloop
  endfacet
  facet normal 0 1 -0
    outer loop
      vertex 150.3 2.4 1
      vertex 149.42 2.4 2
      vertex 150.3 2.4 2
    endloop
  endfacet
  facet normal 0 1 0
    outer loop
      vertex 149.42 2.4 2
      vertex 150.3 2.4 1
      vertex 149.42 2.4 1
    endloop
  endfacet
  facet normal 0 -1 0
    outer loop
      vertex 149.42 0.799999 1
      vertex 150.3 0.799999 2
      vertex 149.42 0.799999 2
    endloop
  endfacet
  facet normal 0 -1 -0
    outer loop
      vertex 150.3 0.799999 2
      vertex 149.42 0.799999 1
      vertex 150.3 0.799999 1
    endloop
  endfacet
  facet normal 1 0 0
    outer loop
      vertex 155.38 2.4 2
      vertex 155.38 1.2 1
      vertex 155.38 2.4 1
    endloop
  endfacet
  facet normal 1 -0 0
    outer loop
      vertex 155.38 0.799999 2
      vertex 155.38 1.2 1
      vertex 155.38 2.4 2
    endloop
  endfacet
  facet normal 1 0 0
    outer loop
      vertex 155.38 1.2 1
      vertex 155.38 0.799999 2
      vertex 155.38 0.799999 1
    endloop
  endfacet
  facet normal -0 0 1
    outer loop
      vertex 154.5 2.4 2
      vertex 155.38 0.799999 2
      vertex 155.38 2.4 2
    endloop
  endfacet
  facet normal 0 0 1
    outer loop
      vertex 155.38 0.799999 2
      vertex 154.5 2.4 2
      vertex 154.5 0.799999 2
    endloop
  endfacet
  facet normal -1 0 0
    outer loop
      vertex 154.5 1.2 1
      vertex 154.5 2.4 2
      vertex 154.5 2.4 1
    endloop
  endfacet
  facet normal -1 0 0
    outer loop
      vertex 154.5 0.799999 2
      vertex 154.5 1.2 1
      vertex 154.5 0.799999 1
    endloop
  endfacet
  facet normal -1 0 0
    outer loop
      vertex 154.5 1.2 1
      vertex 154.5 0.799999 2
      vertex 154.5 2.4 2
    endloop
  endfacet
  facet normal 0 1 -0
    outer loop
      vertex 155.38 2.4 1
      vertex 154.5 2.4 2
      vertex 155.38 2.4 2
    endloop
  endfacet
  facet normal 0 1 0
    outer loop
      vertex 154.5 2.4 2
      vertex 155.38 2.4 1
      vertex 154.5 2.4 1
    endloop
  endfacet
  facet normal 0 -1 0
    outer loop
      vertex 154.5 0.799999 1
      vertex 155.38 0.799999 2
      vertex 154.5 0.799999 2
    endloop
  endfacet
  facet normal 0 -1 -0
    outer loop
      vertex 155.38 0.799999 2
      vertex 154.5 0.799999 1
      vertex 155.38 0.799999 1
    endloop
  endfacet
  facet normal 1 0 0
    outer loop
      vertex 160.46 2.4 2
      vertex 160.46 1.2 1
      vertex 160.46 2.4 1
    endloop
  endfacet
  facet normal 1 -0 0
    outer loop
      vertex 160.46 0.799999 2
      vertex 160.46 1.2 1
      vertex 160.46 2.4 2
    endloop
  endfacet
  facet normal 1 0 0
    outer loop
      vertex 160.46 1.2 1
      vertex 160.46 0.799999 2
      vertex 160.46 0.799999 1
    endloop
  endfacet
  facet normal -0 0 1
    outer loop
      vertex 159.58 2.4 2
      vertex 160.46 0.799999 2
      vertex 160.46 2.4 2
    endloop
  endfacet
  facet normal 0 0 1
    outer loop
      vertex 160.46 0.799999 2
      vertex 159.58 2.4 2
      vertex 159.58 0.799999 2
    endloop
  endfacet
  facet normal -1 0 0
    outer loop
      vertex 159.58 1.2 1
      vertex 159.58 2.4 2
      vertex 159.58 2.4 1
    endloop
  endfacet
  facet normal -1 0 0
    outer loop
      vertex 159.58 0.799999 2
      vertex 159.58 1.2 1
      vertex 159.58 0.799999 1
    endloop
  endfacet
  facet normal -1 0 0
    outer loop
      vertex 159.58 1.2 1
      vertex 159.58 0.799999 2
      vertex 159.58 2.4 2
    endloop
  endfacet
  facet normal 0 1 -0
    outer loop
      vertex 160.46 2.4 1
      vertex 159.58 2.4 2
      vertex 160.46 2.4 2
    endloop
  endfacet
  facet normal 0 1 0
    outer loop
      vertex 159.58 2.4 2
      vertex 160.46 2.4 1
      vertex 159.58 2.4 1
    endloop
  endfacet
  facet normal 0 -1 0
    outer loop
      vertex 159.58 0.799999 1
      vertex 160.46 0.799999 2
      vertex 159.58 0.799999 2
    endloop
  endfacet
  facet normal 0 -1 -0
    outer loop
      vertex 160.46 0.799999 2
      vertex 159.58 0.799999 1
      vertex 160.46 0.799999 1
    endloop
  endfacet
  facet normal 1 0 0
    outer loop
      vertex 165.54 2.4 2
      vertex 165.54 1.2 1
      vertex 165.54 2.4 1
    endloop
  endfacet
  facet normal 1 -0 0
    outer loop
      vertex 165.54 0.799999 2
      vertex 165.54 1.2 1
      vertex 165.54 2.4 2
    endloop
  endfacet
  facet normal 1 0 0
    outer loop
      vertex 165.54 1.2 1
      vertex 165.54 0.799999 2
      vertex 165.54 0.799999 1
    endloop
  endfacet
  facet normal -0 0 1
    outer loop
      vertex 164.66 2.4 2
      vertex 165.54 0.799999 2
      vertex 165.54 2.4 2
    endloop
  endfacet
  facet normal 0 0 1
    outer loop
      vertex 165.54 0.799999 2
      vertex 164.66 2.4 2
      vertex 164.66 0.799999 2
    endloop
  endfacet
  facet normal -1 0 0
    outer loop
      vertex 164.66 1.2 1
      vertex 164.66 2.4 2
      vertex 164.66 2.4 1
    endloop
  endfacet
  facet normal -1 0 0
    outer loop
      vertex 164.66 0.799999 2
      vertex 164.66 1.2 1
      vertex 164.66 0.799999 1
    endloop
  endfacet
  facet normal -1 0 0
    outer loop
      vertex 164.66 1.2 1
      vertex 164.66 0.799999 2
      vertex 164.66 2.4 2
    endloop
  endfacet
  facet normal 0 1 -0
    outer loop
      vertex 165.54 2.4 1
      vertex 164.66 2.4 2
      vertex 165.54 2.4 2
    endloop
  endfacet
  facet normal 0 1 0
    outer loop
      vertex 164.66 2.4 2
      vertex 165.54 2.4 1
      vertex 164.66 2.4 1
    endloop
  endfacet
  facet normal 0 -1 0
    outer loop
      vertex 164.66 0.799999 1
      vertex 165.54 0.799999 2
      vertex 164.66 0.799999 2
    endloop
  endfacet
  facet normal 0 -1 -0
    outer loop
      vertex 165.54 0.799999 2
      vertex 164.66 0.799999 1
      vertex 165.54 0.799999 1
    endloop
  endfacet
  facet normal 1 0 0
    outer loop
      vertex 170.62 2.4 2
      vertex 170.62 1.2 1
      vertex 170.62 2.4 1
    endloop
  endfacet
  facet normal 1 -0 0
    outer loop
      vertex 170.62 0.799999 2
      vertex 170.62 1.2 1
      vertex 170.62 2.4 2
    endloop
  endfacet
  facet normal 1 0 0
    outer loop
      vertex 170.62 1.2 1
      vertex 170.62 0.799999 2
      vertex 170.62 0.799999 1
    endloop
  endfacet
  facet normal -0 0 1
    outer loop
      vertex 169.74 2.4 2
      vertex 170.62 0.799999 2
      vertex 170.62 2.4 2
    endloop
  endfacet
  facet normal 0 0 1
    outer loop
      vertex 170.62 0.799999 2
      vertex 169.74 2.4 2
      vertex 169.74 0.799999 2
    endloop
  endfacet
  facet normal -1 0 0
    outer loop
      vertex 169.74 1.2 1
      vertex 169.74 2.4 2
      vertex 169.74 2.4 1
    endloop
  endfacet
  facet normal -1 0 0
    outer loop
      vertex 169.74 0.799999 2
      vertex 169.74 1.2 1
      vertex 169.74 0.799999 1
    endloop
  endfacet
  facet normal -1 0 0
    outer loop
      vertex 169.74 1.2 1
      vertex 169.74 0.799999 2
      vertex 169.74 2.4 2
    endloop
  endfacet
  facet normal 0 1 -0
    outer loop
      vertex 170.62 2.4 1
      vertex 169.74 2.4 2
      vertex 170.62 2.4 2
    endloop
  endfacet
  facet normal 0 1 0
    outer loop
      vertex 169.74 2.4 2
      vertex 170.62 2.4 1
      vertex 169.74 2.4 1
    endloop
  endfacet
  facet normal 0 -1 0
    outer loop
      vertex 169.74 0.799999 1
      vertex 170.62 0.799999 2
      vertex 169.74 0.799999 2
    endloop
  endfacet
  facet normal 0 -1 -0
    outer loop
      vertex 170.62 0.799999 2
      vertex 169.74 0.799999 1
      vertex 170.62 0.799999 1
    endloop
  endfacet
  facet normal 1 0 0
    outer loop
      vertex 175.7 2.4 2
      vertex 175.7 1.2 1
      vertex 175.7 2.4 1
    endloop
  endfacet
  facet normal 1 -0 0
    outer loop
      vertex 175.7 0.799999 2
      vertex 175.7 1.2 1
      vertex 175.7 2.4 2
    endloop
  endfacet
  facet normal 1 0 0
    outer loop
      vertex 175.7 1.2 1
      vertex 175.7 0.799999 2
      vertex 175.7 0.799999 1
    endloop
  endfacet
  facet normal -0 0 1
    outer loop
      vertex 174.82 2.4 2
      vertex 175.7 0.799999 2
      vertex 175.7 2.4 2
    endloop
  endfacet
  facet normal 0 0 1
    outer loop
      vertex 175.7 0.799999 2
      vertex 174.82 2.4 2
      vertex 174.82 0.799999 2
    endloop
  endfacet
  facet normal -1 0 0
    outer loop
      vertex 174.82 1.2 1
      vertex 174.82 2.4 2
      vertex 174.82 2.4 1
    endloop
  endfacet
  facet normal -1 0 0
    outer loop
      vertex 174.82 0.799999 2
      vertex 174.82 1.2 1
      vertex 174.82 0.799999 1
    endloop
  endfacet
  facet normal -1 0 0
    outer loop
      vertex 174.82 1.2 1
      vertex 174.82 0.799999 2
      vertex 174.82 2.4 2
    endloop
  endfacet
  facet normal 0 1 -0
    outer loop
      vertex 175.7 2.4 1
      vertex 174.82 2.4 2
      vertex 175.7 2.4 2
    endloop
  endfacet
  facet normal 0 1 0
    outer loop
      vertex 174.82 2.4 2
      vertex 175.7 2.4 1
      vertex 174.82 2.4 1
    endloop
  endfacet
  facet normal 0 -1 0
    outer loop
      vertex 174.82 0.799999 1
      vertex 175.7 0.799999 2
      vertex 174.82 0.799999 2
    endloop
  endfacet
  facet normal 0 -1 -0
    outer loop
      vertex 175.7 0.799999 2
      vertex 174.82 0.799999 1
      vertex 175.7 0.799999 1
    endloop
  endfacet
  facet normal 1 0 0
    outer loop
      vertex 180.78 2.4 2
      vertex 180.78 1.2 1
      vertex 180.78 2.4 1
    endloop
  endfacet
  facet normal 1 -0 0
    outer loop
      vertex 180.78 0.799999 2
      vertex 180.78 1.2 1
      vertex 180.78 2.4 2
    endloop
  endfacet
  facet normal 1 0 0
    outer loop
      vertex 180.78 1.2 1
      vertex 180.78 0.799999 2
      vertex 180.78 0.799999 1
    endloop
  endfacet
  facet normal -0 0 1
    outer loop
      vertex 179.9 2.4 2
      vertex 180.78 0.799999 2
      vertex 180.78 2.4 2
    endloop
  endfacet
  facet normal 0 0 1
    outer loop
      vertex 180.78 0.799999 2
      vertex 179.9 2.4 2
      vertex 179.9 0.799999 2
    endloop
  endfacet
  facet normal -1 0 0
    outer loop
      vertex 179.9 1.2 1
      vertex 179.9 2.4 2
      vertex 179.9 2.4 1
    endloop
  endfacet
  facet normal -1 0 0
    outer loop
      vertex 179.9 0.799999 2
      vertex 179.9 1.2 1
      vertex 179.9 0.799999 1
    endloop
  endfacet
  facet normal -1 0 0
    outer loop
      vertex 179.9 1.2 1
      vertex 179.9 0.799999 2
      vertex 179.9 2.4 2
    endloop
  endfacet
  facet normal 0 1 -0
    outer loop
      vertex 180.78 2.4 1
      vertex 179.9 2.4 2
      vertex 180.78 2.4 2
    endloop
  endfacet
  facet normal 0 1 0
    outer loop
      vertex 179.9 2.4 2
      vertex 180.78 2.4 1
      vertex 179.9 2.4 1
    endloop
  endfacet
  facet normal 0 -1 0
    outer loop
      vertex 179.9 0.799999 1
      vertex 180.78 0.799999 2
      vertex 179.9 0.799999 2
    endloop
  endfacet
  facet normal 0 -1 -0
    outer loop
      vertex 180.78 0.799999 2
      vertex 179.9 0.799999 1
      vertex 180.78 0.799999 1
    endloop
  endfacet
  facet normal 1 0 0
    outer loop
      vertex 185.86 2.4 2
      vertex 185.86 1.2 1
      vertex 185.86 2.4 1
    endloop
  endfacet
  facet normal 1 -0 0
    outer loop
      vertex 185.86 0.799999 2
      vertex 185.86 1.2 1
      vertex 185.86 2.4 2
    endloop
  endfacet
  facet normal 1 0 0
    outer loop
      vertex 185.86 1.2 1
      vertex 185.86 0.799999 2
      vertex 185.86 0.799999 1
    endloop
  endfacet
  facet normal -0 0 1
    outer loop
      vertex 184.98 2.4 2
      vertex 185.86 0.799999 2
      vertex 185.86 2.4 2
    endloop
  endfacet
  facet normal 0 0 1
    outer loop
      vertex 185.86 0.799999 2
      vertex 184.98 2.4 2
      vertex 184.98 0.799999 2
    endloop
  endfacet
  facet normal -1 0 0
    outer loop
      vertex 184.98 1.2 1
      vertex 184.98 2.4 2
      vertex 184.98 2.4 1
    endloop
  endfacet
  facet normal -1 0 0
    outer loop
      vertex 184.98 0.799999 2
      vertex 184.98 1.2 1
      vertex 184.98 0.799999 1
    endloop
  endfacet
  facet normal -1 0 0
    outer loop
      vertex 184.98 1.2 1
      vertex 184.98 0.799999 2
      vertex 184.98 2.4 2
    endloop
  endfacet
  facet normal 0 1 -0
    outer loop
      vertex 185.86 2.4 1
      vertex 184.98 2.4 2
      vertex 185.86 2.4 2
    endloop
  endfacet
  facet normal 0 1 0
    outer loop
      vertex 184.98 2.4 2
      vertex 185.86 2.4 1
      vertex 184.98 2.4 1
    endloop
  endfacet
  facet normal 0 -1 0
    outer loop
      vertex 184.98 0.799999 1
      vertex 185.86 0.799999 2
      vertex 184.98 0.799999 2
    endloop
  endfacet
  facet normal 0 -1 -0
    outer loop
      vertex 185.86 0.799999 2
      vertex 184.98 0.799999 1
      vertex 185.86 0.799999 1
    endloop
  endfacet
  facet normal 1 0 0
    outer loop
      vertex 190.94 2.4 2
      vertex 190.94 1.2 1
      vertex 190.94 2.4 1
    endloop
  endfacet
  facet normal 1 -0 0
    outer loop
      vertex 190.94 0.799999 2
      vertex 190.94 1.2 1
      vertex 190.94 2.4 2
    endloop
  endfacet
  facet normal 1 0 0
    outer loop
      vertex 190.94 1.2 1
      vertex 190.94 0.799999 2
      vertex 190.94 0.799999 1
    endloop
  endfacet
  facet normal -0 0 1
    outer loop
      vertex 190.06 2.4 2
      vertex 190.94 0.799999 2
      vertex 190.94 2.4 2
    endloop
  endfacet
  facet normal 0 0 1
    outer loop
      vertex 190.94 0.799999 2
      vertex 190.06 2.4 2
      vertex 190.06 0.799999 2
    endloop
  endfacet
  facet normal -1 0 0
    outer loop
      vertex 190.06 1.2 1
      vertex 190.06 2.4 2
      vertex 190.06 2.4 1
    endloop
  endfacet
  facet normal -1 0 0
    outer loop
      vertex 190.06 0.799999 2
      vertex 190.06 1.2 1
      vertex 190.06 0.799999 1
    endloop
  endfacet
  facet normal -1 0 0
    outer loop
      vertex 190.06 1.2 1
      vertex 190.06 0.799999 2
      vertex 190.06 2.4 2
    endloop
  endfacet
  facet normal 0 1 -0
    outer loop
      vertex 190.94 2.4 1
      vertex 190.06 2.4 2
      vertex 190.94 2.4 2
    endloop
  endfacet
  facet normal 0 1 0
    outer loop
      vertex 190.06 2.4 2
      vertex 190.94 2.4 1
      vertex 190.06 2.4 1
    endloop
  endfacet
  facet normal 0 -1 0
    outer loop
      vertex 190.06 0.799999 1
      vertex 190.94 0.799999 2
      vertex 190.06 0.799999 2
    endloop
  endfacet
  facet normal 0 -1 -0
    outer loop
      vertex 190.94 0.799999 2
      vertex 190.06 0.799999 1
      vertex 190.94 0.799999 1
    endloop
  endfacet
  facet normal 1 0 0
    outer loop
      vertex 196.02 2.4 2
      vertex 196.02 1.2 1
      vertex 196.02 2.4 1
    endloop
  endfacet
  facet normal 1 -0 0
    outer loop
      vertex 196.02 0.799999 2
      vertex 196.02 1.2 1
      vertex 196.02 2.4 2
    endloop
  endfacet
  facet normal 1 0 0
    outer loop
      vertex 196.02 1.2 1
      vertex 196.02 0.799999 2
      vertex 196.02 0.799999 1
    endloop
  endfacet
  facet normal -0 0 1
    outer loop
      vertex 195.14 2.4 2
      vertex 196.02 0.799999 2
      vertex 196.02 2.4 2
    endloop
  endfacet
  facet normal 0 0 1
    outer loop
      vertex 196.02 0.799999 2
      vertex 195.14 2.4 2
      vertex 195.14 0.799999 2
    endloop
  endfacet
  facet normal -1 0 0
    outer loop
      vertex 195.14 1.2 1
      vertex 195.14 2.4 2
      vertex 195.14 2.4 1
    endloop
  endfacet
  facet normal -1 0 0
    outer loop
      vertex 195.14 0.799999 2
      vertex 195.14 1.2 1
      vertex 195.14 0.799999 1
    endloop
  endfacet
  facet normal -1 0 0
    outer loop
      vertex 195.14 1.2 1
      vertex 195.14 0.799999 2
      vertex 195.14 2.4 2
    endloop
  endfacet
  facet normal 0 1 -0
    outer loop
      vertex 196.02 2.4 1
      vertex 195.14 2.4 2
      vertex 196.02 2.4 2
    endloop
  endfacet
  facet normal 0 1 0
    outer loop
      vertex 195.14 2.4 2
      vertex 196.02 2.4 1
      vertex 195.14 2.4 1
    endloop
  endfacet
  facet normal 0 -1 0
    outer loop
      vertex 195.14 0.799999 1
      vertex 196.02 0.799999 2
      vertex 195.14 0.799999 2
    endloop
  endfacet
  facet normal 0 -1 -0
    outer loop
      vertex 196.02 0.799999 2
      vertex 195.14 0.799999 1
      vertex 196.02 0.799999 1
    endloop
  endfacet
  facet normal 1 0 0
    outer loop
      vertex 201.1 2.4 2
      vertex 201.1 1.2 1
      vertex 201.1 2.4 1
    endloop
  endfacet
  facet normal 1 -0 0
    outer loop
      vertex 201.1 0.799999 2
      vertex 201.1 1.2 1
      vertex 201.1 2.4 2
    endloop
  endfacet
  facet normal 1 0 0
    outer loop
      vertex 201.1 1.2 1
      vertex 201.1 0.799999 2
      vertex 201.1 0.799999 1
    endloop
  endfacet
  facet normal -0 0 1
    outer loop
      vertex 200.22 2.4 2
      vertex 201.1 0.799999 2
      vertex 201.1 2.4 2
    endloop
  endfacet
  facet normal 0 0 1
    outer loop
      vertex 201.1 0.799999 2
      vertex 200.22 2.4 2
      vertex 200.22 0.799999 2
    endloop
  endfacet
  facet normal -1 0 0
    outer loop
      vertex 200.22 1.2 1
      vertex 200.22 2.4 2
      vertex 200.22 2.4 1
    endloop
  endfacet
  facet normal -1 0 0
    outer loop
      vertex 200.22 0.799999 2
      vertex 200.22 1.2 1
      vertex 200.22 0.799999 1
    endloop
  endfacet
  facet normal -1 0 0
    outer loop
      vertex 200.22 1.2 1
      vertex 200.22 0.799999 2
      vertex 200.22 2.4 2
    endloop
  endfacet
  facet normal 0 1 -0
    outer loop
      vertex 201.1 2.4 1
      vertex 200.22 2.4 2
      vertex 201.1 2.4 2
    endloop
  endfacet
  facet normal 0 1 0
    outer loop
      vertex 200.22 2.4 2
      vertex 201.1 2.4 1
      vertex 200.22 2.4 1
    endloop
  endfacet
  facet normal 0 -1 0
    outer loop
      vertex 200.22 0.799999 1
      vertex 201.1 0.799999 2
      vertex 200.22 0.799999 2
    endloop
  endfacet
  facet normal 0 -1 -0
    outer loop
      vertex 201.1 0.799999 2
      vertex 200.22 0.799999 1
      vertex 201.1 0.799999 1
    endloop
  endfacet
  facet normal 1 0 0
    outer loop
      vertex 206.18 2.4 2
      vertex 206.18 1.2 1
      vertex 206.18 2.4 1
    endloop
  endfacet
  facet normal 1 -0 0
    outer loop
      vertex 206.18 0.799999 2
      vertex 206.18 1.2 1
      vertex 206.18 2.4 2
    endloop
  endfacet
  facet normal 1 0 0
    outer loop
      vertex 206.18 1.2 1
      vertex 206.18 0.799999 2
      vertex 206.18 0.799999 1
    endloop
  endfacet
  facet normal -0 0 1
    outer loop
      vertex 205.3 2.4 2
      vertex 206.18 0.799999 2
      vertex 206.18 2.4 2
    endloop
  endfacet
  facet normal 0 0 1
    outer loop
      vertex 206.18 0.799999 2
      vertex 205.3 2.4 2
      vertex 205.3 0.799999 2
    endloop
  endfacet
  facet normal -1 0 0
    outer loop
      vertex 205.3 1.2 1
      vertex 205.3 2.4 2
      vertex 205.3 2.4 1
    endloop
  endfacet
  facet normal -1 0 0
    outer loop
      vertex 205.3 0.799999 2
      vertex 205.3 1.2 1
      vertex 205.3 0.799999 1
    endloop
  endfacet
  facet normal -1 0 0
    outer loop
      vertex 205.3 1.2 1
      vertex 205.3 0.799999 2
      vertex 205.3 2.4 2
    endloop
  endfacet
  facet normal 0 1 -0
    outer loop
      vertex 206.18 2.4 1
      vertex 205.3 2.4 2
      vertex 206.18 2.4 2
    endloop
  endfacet
  facet normal 0 1 0
    outer loop
      vertex 205.3 2.4 2
      vertex 206.18 2.4 1
      vertex 205.3 2.4 1
    endloop
  endfacet
  facet normal 0 -1 0
    outer loop
      vertex 205.3 0.799999 1
      vertex 206.18 0.799999 2
      vertex 205.3 0.799999 2
    endloop
  endfacet
  facet normal 0 -1 -0
    outer loop
      vertex 206.18 0.799999 2
      vertex 205.3 0.799999 1
      vertex 206.18 0.799999 1
    endloop
  endfacet
  facet normal 1 0 0
    outer loop
      vertex 211.26 2.4 2
      vertex 211.26 1.2 1
      vertex 211.26 2.4 1
    endloop
  endfacet
  facet normal 1 -0 0
    outer loop
      vertex 211.26 0.799999 2
      vertex 211.26 1.2 1
      vertex 211.26 2.4 2
    endloop
  endfacet
  facet normal 1 0 0
    outer loop
      vertex 211.26 1.2 1
      vertex 211.26 0.799999 2
      vertex 211.26 0.799999 1
    endloop
  endfacet
  facet normal -0 0 1
    outer loop
      vertex 210.38 2.4 2
      vertex 211.26 0.799999 2
      vertex 211.26 2.4 2
    endloop
  endfacet
  facet normal 0 0 1
    outer loop
      vertex 211.26 0.799999 2
      vertex 210.38 2.4 2
      vertex 210.38 0.799999 2
    endloop
  endfacet
  facet normal -1 0 0
    outer loop
      vertex 210.38 1.2 1
      vertex 210.38 2.4 2
      vertex 210.38 2.4 1
    endloop
  endfacet
  facet normal -1 0 0
    outer loop
      vertex 210.38 0.799999 2
      vertex 210.38 1.2 1
      vertex 210.38 0.799999 1
    endloop
  endfacet
  facet normal -1 0 0
    outer loop
      vertex 210.38 1.2 1
      vertex 210.38 0.799999 2
      vertex 210.38 2.4 2
    endloop
  endfacet
  facet normal 0 1 -0
    outer loop
      vertex 211.26 2.4 1
      vertex 210.38 2.4 2
      vertex 211.26 2.4 2
    endloop
  endfacet
  facet normal 0 1 0
    outer loop
      vertex 210.38 2.4 2
      vertex 211.26 2.4 1
      vertex 210.38 2.4 1
    endloop
  endfacet
  facet normal 0 -1 0
    outer loop
      vertex 210.38 0.799999 1
      vertex 211.26 0.799999 2
      vertex 210.38 0.799999 2
    endloop
  endfacet
  facet normal 0 -1 -0
    outer loop
      vertex 211.26 0.799999 2
      vertex 210.38 0.799999 1
      vertex 211.26 0.799999 1
    endloop
  endfacet
  facet normal 1 0 0
    outer loop
      vertex 216.34 2.4 2
      vertex 216.34 1.2 1
      vertex 216.34 2.4 1
    endloop
  endfacet
  facet normal 1 -0 0
    outer loop
      vertex 216.34 0.799999 2
      vertex 216.34 1.2 1
      vertex 216.34 2.4 2
    endloop
  endfacet
  facet normal 1 0 0
    outer loop
      vertex 216.34 1.2 1
      vertex 216.34 0.799999 2
      vertex 216.34 0.799999 1
    endloop
  endfacet
  facet normal -0 0 1
    outer loop
      vertex 215.46 2.4 2
      vertex 216.34 0.799999 2
      vertex 216.34 2.4 2
    endloop
  endfacet
  facet normal 0 0 1
    outer loop
      vertex 216.34 0.799999 2
      vertex 215.46 2.4 2
      vertex 215.46 0.799999 2
    endloop
  endfacet
  facet normal -1 0 0
    outer loop
      vertex 215.46 1.2 1
      vertex 215.46 2.4 2
      vertex 215.46 2.4 1
    endloop
  endfacet
  facet normal -1 0 0
    outer loop
      vertex 215.46 0.799999 2
      vertex 215.46 1.2 1
      vertex 215.46 0.799999 1
    endloop
  endfacet
  facet normal -1 0 0
    outer loop
      vertex 215.46 1.2 1
      vertex 215.46 0.799999 2
      vertex 215.46 2.4 2
    endloop
  endfacet
  facet normal 0 1 -0
    outer loop
      vertex 216.34 2.4 1
      vertex 215.46 2.4 2
      vertex 216.34 2.4 2
    endloop
  endfacet
  facet normal 0 1 0
    outer loop
      vertex 215.46 2.4 2
      vertex 216.34 2.4 1
      vertex 215.46 2.4 1
    endloop
  endfacet
  facet normal 0 -1 0
    outer loop
      vertex 215.46 0.799999 1
      vertex 216.34 0.799999 2
      vertex 215.46 0.799999 2
    endloop
  endfacet
  facet normal 0 -1 -0
    outer loop
      vertex 216.34 0.799999 2
      vertex 215.46 0.799999 1
      vertex 216.34 0.799999 1
    endloop
  endfacet
  facet normal 1 0 0
    outer loop
      vertex 221.42 2.4 2
      vertex 221.42 1.2 1
      vertex 221.42 2.4 1
    endloop
  endfacet
  facet normal 1 -0 0
    outer loop
      vertex 221.42 0.799999 2
      vertex 221.42 1.2 1
      vertex 221.42 2.4 2
    endloop
  endfacet
  facet normal 1 0 0
    outer loop
      vertex 221.42 1.2 1
      vertex 221.42 0.799999 2
      vertex 221.42 0.799999 1
    endloop
  endfacet
  facet normal -0 0 1
    outer loop
      vertex 220.54 2.4 2
      vertex 221.42 0.799999 2
      vertex 221.42 2.4 2
    endloop
  endfacet
  facet normal 0 0 1
    outer loop
      vertex 221.42 0.799999 2
      vertex 220.54 2.4 2
      vertex 220.54 0.799999 2
    endloop
  endfacet
  facet normal -1 0 0
    outer loop
      vertex 220.54 1.2 1
      vertex 220.54 2.4 2
      vertex 220.54 2.4 1
    endloop
  endfacet
  facet normal -1 0 0
    outer loop
      vertex 220.54 0.799999 2
      vertex 220.54 1.2 1
      vertex 220.54 0.799999 1
    endloop
  endfacet
  facet normal -1 0 0
    outer loop
      vertex 220.54 1.2 1
      vertex 220.54 0.799999 2
      vertex 220.54 2.4 2
    endloop
  endfacet
  facet normal 0 1 -0
    outer loop
      vertex 221.42 2.4 1
      vertex 220.54 2.4 2
      vertex 221.42 2.4 2
    endloop
  endfacet
  facet normal 0 1 0
    outer loop
      vertex 220.54 2.4 2
      vertex 221.42 2.4 1
      vertex 220.54 2.4 1
    endloop
  endfacet
  facet normal 0 -1 0
    outer loop
      vertex 220.54 0.799999 1
      vertex 221.42 0.799999 2
      vertex 220.54 0.799999 2
    endloop
  endfacet
  facet normal 0 -1 -0
    outer loop
      vertex 221.42 0.799999 2
      vertex 220.54 0.799999 1
      vertex 221.42 0.799999 1
    endloop
  endfacet
  facet normal 1 0 0
    outer loop
      vertex 226.5 2.4 2
      vertex 226.5 1.2 1
      vertex 226.5 2.4 1
    endloop
  endfacet
  facet normal 1 -0 0
    outer loop
      vertex 226.5 0.799999 2
      vertex 226.5 1.2 1
      vertex 226.5 2.4 2
    endloop
  endfacet
  facet normal 1 0 0
    outer loop
      vertex 226.5 1.2 1
      vertex 226.5 0.799999 2
      vertex 226.5 0.799999 1
    endloop
  endfacet
  facet normal -0 0 1
    outer loop
      vertex 225.62 2.4 2
      vertex 226.5 0.799999 2
      vertex 226.5 2.4 2
    endloop
  endfacet
  facet normal 0 0 1
    outer loop
      vertex 226.5 0.799999 2
      vertex 225.62 2.4 2
      vertex 225.62 0.799999 2
    endloop
  endfacet
  facet normal -1 0 0
    outer loop
      vertex 225.62 1.2 1
      vertex 225.62 2.4 2
      vertex 225.62 2.4 1
    endloop
  endfacet
  facet normal -1 0 0
    outer loop
      vertex 225.62 0.799999 2
      vertex 225.62 1.2 1
      vertex 225.62 0.799999 1
    endloop
  endfacet
  facet normal -1 0 0
    outer loop
      vertex 225.62 1.2 1
      vertex 225.62 0.799999 2
      vertex 225.62 2.4 2
    endloop
  endfacet
  facet normal 0 1 -0
    outer loop
      vertex 226.5 2.4 1
      vertex 225.62 2.4 2
      vertex 226.5 2.4 2
    endloop
  endfacet
  facet normal 0 1 0
    outer loop
      vertex 225.62 2.4 2
      vertex 226.5 2.4 1
      vertex 225.62 2.4 1
    endloop
  endfacet
  facet normal 0 -1 0
    outer loop
      vertex 225.62 0.799999 1
      vertex 226.5 0.799999 2
      vertex 225.62 0.799999 2
    endloop
  endfacet
  facet normal 0 -1 -0
    outer loop
      vertex 226.5 0.799999 2
      vertex 225.62 0.799999 1
      vertex 226.5 0.799999 1
    endloop
  endfacet
  facet normal 1 0 0
    outer loop
      vertex 231.58 2.4 2
      vertex 231.58 1.2 1
      vertex 231.58 2.4 1
    endloop
  endfacet
  facet normal 1 -0 0
    outer loop
      vertex 231.58 0.799999 2
      vertex 231.58 1.2 1
      vertex 231.58 2.4 2
    endloop
  endfacet
  facet normal 1 0 0
    outer loop
      vertex 231.58 1.2 1
      vertex 231.58 0.799999 2
      vertex 231.58 0.799999 1
    endloop
  endfacet
  facet normal -0 0 1
    outer loop
      vertex 230.7 2.4 2
      vertex 231.58 0.799999 2
      vertex 231.58 2.4 2
    endloop
  endfacet
  facet normal 0 0 1
    outer loop
      vertex 231.58 0.799999 2
      vertex 230.7 2.4 2
      vertex 230.7 0.799999 2
    endloop
  endfacet
  facet normal -1 0 0
    outer loop
      vertex 230.7 1.2 1
      vertex 230.7 2.4 2
      vertex 230.7 2.4 1
    endloop
  endfacet
  facet normal -1 0 0
    outer loop
      vertex 230.7 0.799999 2
      vertex 230.7 1.2 1
      vertex 230.7 0.799999 1
    endloop
  endfacet
  facet normal -1 0 0
    outer loop
      vertex 230.7 1.2 1
      vertex 230.7 0.799999 2
      vertex 230.7 2.4 2
    endloop
  endfacet
  facet normal 0 1 -0
    outer loop
      vertex 231.58 2.4 1
      vertex 230.7 2.4 2
      vertex 231.58 2.4 2
    endloop
  endfacet
  facet normal 0 1 0
    outer loop
      vertex 230.7 2.4 2
      vertex 231.58 2.4 1
      vertex 230.7 2.4 1
    endloop
  endfacet
  facet normal 0 -1 0
    outer loop
      vertex 230.7 0.799999 1
      vertex 231.58 0.799999 2
      vertex 230.7 0.799999 2
    endloop
  endfacet
  facet normal 0 -1 -0
    outer loop
      vertex 231.58 0.799999 2
      vertex 230.7 0.799999 1
      vertex 231.58 0.799999 1
    endloop
  endfacet
  facet normal 1 0 0
    outer loop
      vertex 236.66 2.4 2
      vertex 236.66 1.2 1
      vertex 236.66 2.4 1
    endloop
  endfacet
  facet normal 1 -0 0
    outer loop
      vertex 236.66 0.799999 2
      vertex 236.66 1.2 1
      vertex 236.66 2.4 2
    endloop
  endfacet
  facet normal 1 0 0
    outer loop
      vertex 236.66 1.2 1
      vertex 236.66 0.799999 2
      vertex 236.66 0.799999 1
    endloop
  endfacet
  facet normal -0 0 1
    outer loop
      vertex 235.78 2.4 2
      vertex 236.66 0.799999 2
      vertex 236.66 2.4 2
    endloop
  endfacet
  facet normal 0 0 1
    outer loop
      vertex 236.66 0.799999 2
      vertex 235.78 2.4 2
      vertex 235.78 0.799999 2
    endloop
  endfacet
  facet normal -1 0 0
    outer loop
      vertex 235.78 1.2 1
      vertex 235.78 2.4 2
      vertex 235.78 2.4 1
    endloop
  endfacet
  facet normal -1 0 0
    outer loop
      vertex 235.78 0.799999 2
      vertex 235.78 1.2 1
      vertex 235.78 0.799999 1
    endloop
  endfacet
  facet normal -1 0 0
    outer loop
      vertex 235.78 1.2 1
      vertex 235.78 0.799999 2
      vertex 235.78 2.4 2
    endloop
  endfacet
  facet normal 0 1 -0
    outer loop
      vertex 236.66 2.4 1
      vertex 235.78 2.4 2
      vertex 236.66 2.4 2
    endloop
  endfacet
  facet normal 0 1 0
    outer loop
      vertex 235.78 2.4 2
      vertex 236.66 2.4 1
      vertex 235.78 2.4 1
    endloop
  endfacet
  facet normal 0 -1 0
    outer loop
      vertex 235.78 0.799999 1
      vertex 236.66 0.799999 2
      vertex 235.78 0.799999 2
    endloop
  endfacet
  facet normal 0 -1 -0
    outer loop
      vertex 236.66 0.799999 2
      vertex 235.78 0.799999 1
      vertex 236.66 0.799999 1
    endloop
  endfacet
  facet normal 1 0 0
    outer loop
      vertex 241.74 2.4 2
      vertex 241.74 1.2 1
      vertex 241.74 2.4 1
    endloop
  endfacet
  facet normal 1 -0 0
    outer loop
      vertex 241.74 0.799999 2
      vertex 241.74 1.2 1
      vertex 241.74 2.4 2
    endloop
  endfacet
  facet normal 1 0 0
    outer loop
      vertex 241.74 1.2 1
      vertex 241.74 0.799999 2
      vertex 241.74 0.799999 1
    endloop
  endfacet
  facet normal -0 0 1
    outer loop
      vertex 240.86 2.4 2
      vertex 241.74 0.799999 2
      vertex 241.74 2.4 2
    endloop
  endfacet
  facet normal 0 0 1
    outer loop
      vertex 241.74 0.799999 2
      vertex 240.86 2.4 2
      vertex 240.86 0.799999 2
    endloop
  endfacet
  facet normal -1 0 0
    outer loop
      vertex 240.86 1.2 1
      vertex 240.86 2.4 2
      vertex 240.86 2.4 1
    endloop
  endfacet
  facet normal -1 0 0
    outer loop
      vertex 240.86 0.799999 2
      vertex 240.86 1.2 1
      vertex 240.86 0.799999 1
    endloop
  endfacet
  facet normal -1 0 0
    outer loop
      vertex 240.86 1.2 1
      vertex 240.86 0.799999 2
      vertex 240.86 2.4 2
    endloop
  endfacet
  facet normal 0 1 -0
    outer loop
      vertex 241.74 2.4 1
      vertex 240.86 2.4 2
      vertex 241.74 2.4 2
    endloop
  endfacet
  facet normal 0 1 0
    outer loop
      vertex 240.86 2.4 2
      vertex 241.74 2.4 1
      vertex 240.86 2.4 1
    endloop
  endfacet
  facet normal 0 -1 0
    outer loop
      vertex 240.86 0.799999 1
      vertex 241.74 0.799999 2
      vertex 240.86 0.799999 2
    endloop
  endfacet
  facet normal 0 -1 -0
    outer loop
      vertex 241.74 0.799999 2
      vertex 240.86 0.799999 1
      vertex 241.74 0.799999 1
    endloop
  endfacet
  facet normal 1 0 0
    outer loop
      vertex 246.82 2.4 2
      vertex 246.82 1.2 1
      vertex 246.82 2.4 1
    endloop
  endfacet
  facet normal 1 -0 0
    outer loop
      vertex 246.82 0.799999 2
      vertex 246.82 1.2 1
      vertex 246.82 2.4 2
    endloop
  endfacet
  facet normal 1 0 0
    outer loop
      vertex 246.82 1.2 1
      vertex 246.82 0.799999 2
      vertex 246.82 0.799999 1
    endloop
  endfacet
  facet normal -0 0 1
    outer loop
      vertex 245.94 2.4 2
      vertex 246.82 0.799999 2
      vertex 246.82 2.4 2
    endloop
  endfacet
  facet normal 0 0 1
    outer loop
      vertex 246.82 0.799999 2
      vertex 245.94 2.4 2
      vertex 245.94 0.799999 2
    endloop
  endfacet
  facet normal -1 0 0
    outer loop
      vertex 245.94 1.2 1
      vertex 245.94 2.4 2
      vertex 245.94 2.4 1
    endloop
  endfacet
  facet normal -1 0 0
    outer loop
      vertex 245.94 0.799999 2
      vertex 245.94 1.2 1
      vertex 245.94 0.799999 1
    endloop
  endfacet
  facet normal -1 0 0
    outer loop
      vertex 245.94 1.2 1
      vertex 245.94 0.799999 2
      vertex 245.94 2.4 2
    endloop
  endfacet
  facet normal 0 1 -0
    outer loop
      vertex 246.82 2.4 1
      vertex 245.94 2.4 2
      vertex 246.82 2.4 2
    endloop
  endfacet
  facet normal 0 1 0
    outer loop
      vertex 245.94 2.4 2
      vertex 246.82 2.4 1
      vertex 245.94 2.4 1
    endloop
  endfacet
  facet normal 0 -1 0
    outer loop
      vertex 245.94 0.799999 1
      vertex 246.82 0.799999 2
      vertex 245.94 0.799999 2
    endloop
  endfacet
  facet normal 0 -1 -0
    outer loop
      vertex 246.82 0.799999 2
      vertex 245.94 0.799999 1
      vertex 246.82 0.799999 1
    endloop
  endfacet
  facet normal 1 0 0
    outer loop
      vertex 251.9 2.4 2
      vertex 251.9 1.2 1
      vertex 251.9 2.4 1
    endloop
  endfacet
  facet normal 1 -0 0
    outer loop
      vertex 251.9 0.799999 2
      vertex 251.9 1.2 1
      vertex 251.9 2.4 2
    endloop
  endfacet
  facet normal 1 0 0
    outer loop
      vertex 251.9 1.2 1
      vertex 251.9 0.799999 2
      vertex 251.9 0.799999 1
    endloop
  endfacet
  facet normal -0 0 1
    outer loop
      vertex 251.02 2.4 2
      vertex 251.9 0.799999 2
      vertex 251.9 2.4 2
    endloop
  endfacet
  facet normal 0 0 1
    outer loop
      vertex 251.9 0.799999 2
      vertex 251.02 2.4 2
      vertex 251.02 0.799999 2
    endloop
  endfacet
  facet normal -1 0 0
    outer loop
      vertex 251.02 1.2 1
      vertex 251.02 2.4 2
      vertex 251.02 2.4 1
    endloop
  endfacet
  facet normal -1 0 0
    outer loop
      vertex 251.02 0.799999 2
      vertex 251.02 1.2 1
      vertex 251.02 0.799999 1
    endloop
  endfacet
  facet normal -1 0 0
    outer loop
      vertex 251.02 1.2 1
      vertex 251.02 0.799999 2
      vertex 251.02 2.4 2
    endloop
  endfacet
  facet normal 0 1 -0
    outer loop
      vertex 251.9 2.4 1
      vertex 251.02 2.4 2
      vertex 251.9 2.4 2
    endloop
  endfacet
  facet normal 0 1 0
    outer loop
      vertex 251.02 2.4 2
      vertex 251.9 2.4 1
      vertex 251.02 2.4 1
    endloop
  endfacet
  facet normal 0 -1 0
    outer loop
      vertex 251.02 0.799999 1
      vertex 251.9 0.799999 2
      vertex 251.02 0.799999 2
    endloop
  endfacet
  facet normal 0 -1 -0
    outer loop
      vertex 251.9 0.799999 2
      vertex 251.02 0.799999 1
      vertex 251.9 0.799999 1
    endloop
  endfacet
  facet normal 1 0 0
    outer loop
      vertex 256.98 2.4 2
      vertex 256.98 1.2 1
      vertex 256.98 2.4 1
    endloop
  endfacet
  facet normal 1 -0 0
    outer loop
      vertex 256.98 0.799999 2
      vertex 256.98 1.2 1
      vertex 256.98 2.4 2
    endloop
  endfacet
  facet normal 1 0 0
    outer loop
      vertex 256.98 1.2 1
      vertex 256.98 0.799999 2
      vertex 256.98 0.799999 1
    endloop
  endfacet
  facet normal -0 0 1
    outer loop
      vertex 256.1 2.4 2
      vertex 256.98 0.799999 2
      vertex 256.98 2.4 2
    endloop
  endfacet
  facet normal 0 0 1
    outer loop
      vertex 256.98 0.799999 2
      vertex 256.1 2.4 2
      vertex 256.1 0.799999 2
    endloop
  endfacet
  facet normal -1 0 0
    outer loop
      vertex 256.1 1.2 1
      vertex 256.1 2.4 2
      vertex 256.1 2.4 1
    endloop
  endfacet
  facet normal -1 0 0
    outer loop
      vertex 256.1 0.799999 2
      vertex 256.1 1.2 1
      vertex 256.1 0.799999 1
    endloop
  endfacet
  facet normal -1 0 0
    outer loop
      vertex 256.1 1.2 1
      vertex 256.1 0.799999 2
      vertex 256.1 2.4 2
    endloop
  endfacet
  facet normal 0 1 -0
    outer loop
      vertex 256.98 2.4 1
      vertex 256.1 2.4 2
      vertex 256.98 2.4 2
    endloop
  endfacet
  facet normal 0 1 0
    outer loop
      vertex 256.1 2.4 2
      vertex 256.98 2.4 1
      vertex 256.1 2.4 1
    endloop
  endfacet
  facet normal 0 -1 0
    outer loop
      vertex 256.1 0.799999 1
      vertex 256.98 0.799999 2
      vertex 256.1 0.799999 2
    endloop
  endfacet
  facet normal 0 -1 -0
    outer loop
      vertex 256.98 0.799999 2
      vertex 256.1 0.799999 1
      vertex 256.98 0.799999 1
    endloop
  endfacet
  facet normal 1 0 0
    outer loop
      vertex 262.06 2.4 2
      vertex 262.06 1.2 1
      vertex 262.06 2.4 1
    endloop
  endfacet
  facet normal 1 -0 0
    outer loop
      vertex 262.06 0.799999 2
      vertex 262.06 1.2 1
      vertex 262.06 2.4 2
    endloop
  endfacet
  facet normal 1 0 0
    outer loop
      vertex 262.06 1.2 1
      vertex 262.06 0.799999 2
      vertex 262.06 0.799999 1
    endloop
  endfacet
  facet normal -0 0 1
    outer loop
      vertex 261.18 2.4 2
      vertex 262.06 0.799999 2
      vertex 262.06 2.4 2
    endloop
  endfacet
  facet normal 0 0 1
    outer loop
      vertex 262.06 0.799999 2
      vertex 261.18 2.4 2
      vertex 261.18 0.799999 2
    endloop
  endfacet
  facet normal -1 0 0
    outer loop
      vertex 261.18 1.2 1
      vertex 261.18 2.4 2
      vertex 261.18 2.4 1
    endloop
  endfacet
  facet normal -1 0 0
    outer loop
      vertex 261.18 0.799999 2
      vertex 261.18 1.2 1
      vertex 261.18 0.799999 1
    endloop
  endfacet
  facet normal -1 0 0
    outer loop
      vertex 261.18 1.2 1
      vertex 261.18 0.799999 2
      vertex 261.18 2.4 2
    endloop
  endfacet
  facet normal 0 1 -0
    outer loop
      vertex 262.06 2.4 1
      vertex 261.18 2.4 2
      vertex 262.06 2.4 2
    endloop
  endfacet
  facet normal 0 1 0
    outer loop
      vertex 261.18 2.4 2
      vertex 262.06 2.4 1
      vertex 261.18 2.4 1
    endloop
  endfacet
  facet normal 0 -1 0
    outer loop
      vertex 261.18 0.799999 1
      vertex 262.06 0.799999 2
      vertex 261.18 0.799999 2
    endloop
  endfacet
  facet normal 0 -1 -0
    outer loop
      vertex 262.06 0.799999 2
      vertex 261.18 0.799999 1
      vertex 262.06 0.799999 1
    endloop
  endfacet
  facet normal 1 0 0
    outer loop
      vertex 267.14 2.4 2
      vertex 267.14 1.2 1
      vertex 267.14 2.4 1
    endloop
  endfacet
  facet normal 1 -0 0
    outer loop
      vertex 267.14 0.799999 2
      vertex 267.14 1.2 1
      vertex 267.14 2.4 2
    endloop
  endfacet
  facet normal 1 0 0
    outer loop
      vertex 267.14 1.2 1
      vertex 267.14 0.799999 2
      vertex 267.14 0.799999 1
    endloop
  endfacet
  facet normal -0 0 1
    outer loop
      vertex 266.26 2.4 2
      vertex 267.14 0.799999 2
      vertex 267.14 2.4 2
    endloop
  endfacet
  facet normal 0 0 1
    outer loop
      vertex 267.14 0.799999 2
      vertex 266.26 2.4 2
      vertex 266.26 0.799999 2
    endloop
  endfacet
  facet normal -1 0 0
    outer loop
      vertex 266.26 1.2 1
      vertex 266.26 2.4 2
      vertex 266.26 2.4 1
    endloop
  endfacet
  facet normal -1 0 0
    outer loop
      vertex 266.26 0.799999 2
      vertex 266.26 1.2 1
      vertex 266.26 0.799999 1
    endloop
  endfacet
  facet normal -1 0 0
    outer loop
      vertex 266.26 1.2 1
      vertex 266.26 0.799999 2
      vertex 266.26 2.4 2
    endloop
  endfacet
  facet normal 0 1 -0
    outer loop
      vertex 267.14 2.4 1
      vertex 266.26 2.4 2
      vertex 267.14 2.4 2
    endloop
  endfacet
  facet normal 0 1 0
    outer loop
      vertex 266.26 2.4 2
      vertex 267.14 2.4 1
      vertex 266.26 2.4 1
    endloop
  endfacet
  facet normal 0 -1 0
    outer loop
      vertex 266.26 0.799999 1
      vertex 267.14 0.799999 2
      vertex 266.26 0.799999 2
    endloop
  endfacet
  facet normal 0 -1 -0
    outer loop
      vertex 267.14 0.799999 2
      vertex 266.26 0.799999 1
      vertex 267.14 0.799999 1
    endloop
  endfacet
  facet normal 1 0 0
    outer loop
      vertex 272.22 2.4 2
      vertex 272.22 1.2 1
      vertex 272.22 2.4 1
    endloop
  endfacet
  facet normal 1 -0 0
    outer loop
      vertex 272.22 0.799999 2
      vertex 272.22 1.2 1
      vertex 272.22 2.4 2
    endloop
  endfacet
  facet normal 1 0 0
    outer loop
      vertex 272.22 1.2 1
      vertex 272.22 0.799999 2
      vertex 272.22 0.799999 1
    endloop
  endfacet
  facet normal -0 0 1
    outer loop
      vertex 271.34 2.4 2
      vertex 272.22 0.799999 2
      vertex 272.22 2.4 2
    endloop
  endfacet
  facet normal 0 0 1
    outer loop
      vertex 272.22 0.799999 2
      vertex 271.34 2.4 2
      vertex 271.34 0.799999 2
    endloop
  endfacet
  facet normal -1 0 0
    outer loop
      vertex 271.34 1.2 1
      vertex 271.34 2.4 2
      vertex 271.34 2.4 1
    endloop
  endfacet
  facet normal -1 0 0
    outer loop
      vertex 271.34 0.799999 2
      vertex 271.34 1.2 1
      vertex 271.34 0.799999 1
    endloop
  endfacet
  facet normal -1 0 0
    outer loop
      vertex 271.34 1.2 1
      vertex 271.34 0.799999 2
      vertex 271.34 2.4 2
    endloop
  endfacet
  facet normal 0 1 -0
    outer loop
      vertex 272.22 2.4 1
      vertex 271.34 2.4 2
      vertex 272.22 2.4 2
    endloop
  endfacet
  facet normal 0 1 0
    outer loop
      vertex 271.34 2.4 2
      vertex 272.22 2.4 1
      vertex 271.34 2.4 1
    endloop
  endfacet
  facet normal 0 -1 0
    outer loop
      vertex 271.34 0.799999 1
      vertex 272.22 0.799999 2
      vertex 271.34 0.799999 2
    endloop
  endfacet
  facet normal 0 -1 -0
    outer loop
      vertex 272.22 0.799999 2
      vertex 271.34 0.799999 1
      vertex 272.22 0.799999 1
    endloop
  endfacet
  facet normal 1 0 0
    outer loop
      vertex 277.3 2.4 2
      vertex 277.3 1.2 1
      vertex 277.3 2.4 1
    endloop
  endfacet
  facet normal 1 -0 0
    outer loop
      vertex 277.3 0.799999 2
      vertex 277.3 1.2 1
      vertex 277.3 2.4 2
    endloop
  endfacet
  facet normal 1 0 0
    outer loop
      vertex 277.3 1.2 1
      vertex 277.3 0.799999 2
      vertex 277.3 0.799999 1
    endloop
  endfacet
  facet normal -0 0 1
    outer loop
      vertex 276.42 2.4 2
      vertex 277.3 0.799999 2
      vertex 277.3 2.4 2
    endloop
  endfacet
  facet normal 0 0 1
    outer loop
      vertex 277.3 0.799999 2
      vertex 276.42 2.4 2
      vertex 276.42 0.799999 2
    endloop
  endfacet
  facet normal -1 0 0
    outer loop
      vertex 276.42 1.2 1
      vertex 276.42 2.4 2
      vertex 276.42 2.4 1
    endloop
  endfacet
  facet normal -1 0 0
    outer loop
      vertex 276.42 0.799999 2
      vertex 276.42 1.2 1
      vertex 276.42 0.799999 1
    endloop
  endfacet
  facet normal -1 0 0
    outer loop
      vertex 276.42 1.2 1
      vertex 276.42 0.799999 2
      vertex 276.42 2.4 2
    endloop
  endfacet
  facet normal 0 1 -0
    outer loop
      vertex 277.3 2.4 1
      vertex 276.42 2.4 2
      vertex 277.3 2.4 2
    endloop
  endfacet
  facet normal 0 1 0
    outer loop
      vertex 276.42 2.4 2
      vertex 277.3 2.4 1
      vertex 276.42 2.4 1
    endloop
  endfacet
  facet normal 0 -1 0
    outer loop
      vertex 276.42 0.799999 1
      vertex 277.3 0.799999 2
      vertex 276.42 0.799999 2
    endloop
  endfacet
  facet normal 0 -1 -0
    outer loop
      vertex 277.3 0.799999 2
      vertex 276.42 0.799999 1
      vertex 277.3 0.799999 1
    endloop
  endfacet
  facet normal 1 0 0
    outer loop
      vertex 282.38 2.4 2
      vertex 282.38 1.2 1
      vertex 282.38 2.4 1
    endloop
  endfacet
  facet normal 1 -0 0
    outer loop
      vertex 282.38 0.799999 2
      vertex 282.38 1.2 1
      vertex 282.38 2.4 2
    endloop
  endfacet
  facet normal 1 0 0
    outer loop
      vertex 282.38 1.2 1
      vertex 282.38 0.799999 2
      vertex 282.38 0.799999 1
    endloop
  endfacet
  facet normal -0 0 1
    outer loop
      vertex 281.5 2.4 2
      vertex 282.38 0.799999 2
      vertex 282.38 2.4 2
    endloop
  endfacet
  facet normal 0 0 1
    outer loop
      vertex 282.38 0.799999 2
      vertex 281.5 2.4 2
      vertex 281.5 0.799999 2
    endloop
  endfacet
  facet normal -1 0 0
    outer loop
      vertex 281.5 1.2 1
      vertex 281.5 2.4 2
      vertex 281.5 2.4 1
    endloop
  endfacet
  facet normal -1 0 0
    outer loop
      vertex 281.5 0.799999 2
      vertex 281.5 1.2 1
      vertex 281.5 0.799999 1
    endloop
  endfacet
  facet normal -1 0 0
    outer loop
      vertex 281.5 1.2 1
      vertex 281.5 0.799999 2
      vertex 281.5 2.4 2
    endloop
  endfacet
  facet normal 0 1 -0
    outer loop
      vertex 282.38 2.4 1
      vertex 281.5 2.4 2
      vertex 282.38 2.4 2
    endloop
  endfacet
  facet normal 0 1 0
    outer loop
      vertex 281.5 2.4 2
      vertex 282.38 2.4 1
      vertex 281.5 2.4 1
    endloop
  endfacet
  facet normal 0 -1 0
    outer loop
      vertex 281.5 0.799999 1
      vertex 282.38 0.799999 2
      vertex 281.5 0.799999 2
    endloop
  endfacet
  facet normal 0 -1 -0
    outer loop
      vertex 282.38 0.799999 2
      vertex 281.5 0.799999 1
      vertex 282.38 0.799999 1
    endloop
  endfacet
  facet normal 1 0 0
    outer loop
      vertex 287.46 2.4 2
      vertex 287.46 1.2 1
      vertex 287.46 2.4 1
    endloop
  endfacet
  facet normal 1 -0 0
    outer loop
      vertex 287.46 0.799999 2
      vertex 287.46 1.2 1
      vertex 287.46 2.4 2
    endloop
  endfacet
  facet normal 1 0 0
    outer loop
      vertex 287.46 1.2 1
      vertex 287.46 0.799999 2
      vertex 287.46 0.799999 1
    endloop
  endfacet
  facet normal -0 0 1
    outer loop
      vertex 286.58 2.4 2
      vertex 287.46 0.799999 2
      vertex 287.46 2.4 2
    endloop
  endfacet
  facet normal 0 0 1
    outer loop
      vertex 287.46 0.799999 2
      vertex 286.58 2.4 2
      vertex 286.58 0.799999 2
    endloop
  endfacet
  facet normal -1 0 0
    outer loop
      vertex 286.58 1.2 1
      vertex 286.58 2.4 2
      vertex 286.58 2.4 1
    endloop
  endfacet
  facet normal -1 0 0
    outer loop
      vertex 286.58 0.799999 2
      vertex 286.58 1.2 1
      vertex 286.58 0.799999 1
    endloop
  endfacet
  facet normal -1 0 0
    outer loop
      vertex 286.58 1.2 1
      vertex 286.58 0.799999 2
      vertex 286.58 2.4 2
    endloop
  endfacet
  facet normal 0 1 -0
    outer loop
      vertex 287.46 2.4 1
      vertex 286.58 2.4 2
      vertex 287.46 2.4 2
    endloop
  endfacet
  facet normal 0 1 0
    outer loop
      vertex 286.58 2.4 2
      vertex 287.46 2.4 1
      vertex 286.58 2.4 1
    endloop
  endfacet
  facet normal 0 -1 0
    outer loop
      vertex 286.58 0.799999 1
      vertex 287.46 0.799999 2
      vertex 286.58 0.799999 2
    endloop
  endfacet
  facet normal 0 -1 -0
    outer loop
      vertex 287.46 0.799999 2
      vertex 286.58 0.799999 1
      vertex 287.46 0.799999 1
    endloop
  endfacet
  facet normal 1 0 0
    outer loop
      vertex 292.54 2.4 2
      vertex 292.54 1.2 1
      vertex 292.54 2.4 1
    endloop
  endfacet
  facet normal 1 -0 0
    outer loop
      vertex 292.54 0.799999 2
      vertex 292.54 1.2 1
      vertex 292.54 2.4 2
    endloop
  endfacet
  facet normal 1 0 0
    outer loop
      vertex 292.54 1.2 1
      vertex 292.54 0.799999 2
      vertex 292.54 0.799999 1
    endloop
  endfacet
  facet normal -0 0 1
    outer loop
      vertex 291.66 2.4 2
      vertex 292.54 0.799999 2
      vertex 292.54 2.4 2
    endloop
  endfacet
  facet normal 0 0 1
    outer loop
      vertex 292.54 0.799999 2
      vertex 291.66 2.4 2
      vertex 291.66 0.799999 2
    endloop
  endfacet
  facet normal -1 0 0
    outer loop
      vertex 291.66 1.2 1
      vertex 291.66 2.4 2
      vertex 291.66 2.4 1
    endloop
  endfacet
  facet normal -1 0 0
    outer loop
      vertex 291.66 0.799999 2
      vertex 291.66 1.2 1
      vertex 291.66 0.799999 1
    endloop
  endfacet
  facet normal -1 0 0
    outer loop
      vertex 291.66 1.2 1
      vertex 291.66 0.799999 2
      vertex 291.66 2.4 2
    endloop
  endfacet
  facet normal 0 1 -0
    outer loop
      vertex 292.54 2.4 1
      vertex 291.66 2.4 2
      vertex 292.54 2.4 2
    endloop
  endfacet
  facet normal 0 1 0
    outer loop
      vertex 291.66 2.4 2
      vertex 292.54 2.4 1
      vertex 291.66 2.4 1
    endloop
  endfacet
  facet normal 0 -1 0
    outer loop
      vertex 291.66 0.799999 1
      vertex 292.54 0.799999 2
      vertex 291.66 0.799999 2
    endloop
  endfacet
  facet normal 0 -1 -0
    outer loop
      vertex 292.54 0.799999 2
      vertex 291.66 0.799999 1
      vertex 292.54 0.799999 1
    endloop
  endfacet
  facet normal 1 0 0
    outer loop
      vertex 297.62 2.4 2
      vertex 297.62 1.2 1
      vertex 297.62 2.4 1
    endloop
  endfacet
  facet normal 1 -0 0
    outer loop
      vertex 297.62 0.799999 2
      vertex 297.62 1.2 1
      vertex 297.62 2.4 2
    endloop
  endfacet
  facet normal 1 0 0
    outer loop
      vertex 297.62 1.2 1
      vertex 297.62 0.799999 2
      vertex 297.62 0.799999 1
    endloop
  endfacet
  facet normal -0 0 1
    outer loop
      vertex 296.74 2.4 2
      vertex 297.62 0.799999 2
      vertex 297.62 2.4 2
    endloop
  endfacet
  facet normal 0 0 1
    outer loop
      vertex 297.62 0.799999 2
      vertex 296.74 2.4 2
      vertex 296.74 0.799999 2
    endloop
  endfacet
  facet normal -1 0 0
    outer loop
      vertex 296.74 1.2 1
      vertex 296.74 2.4 2
      vertex 296.74 2.4 1
    endloop
  endfacet
  facet normal -1 0 0
    outer loop
      vertex 296.74 0.799999 2
      vertex 296.74 1.2 1
      vertex 296.74 0.799999 1
    endloop
  endfacet
  facet normal -1 0 0
    outer loop
      vertex 296.74 1.2 1
      vertex 296.74 0.799999 2
      vertex 296.74 2.4 2
    endloop
  endfacet
  facet normal 0 1 -0
    outer loop
      vertex 297.62 2.4 1
      vertex 296.74 2.4 2
      vertex 297.62 2.4 2
    endloop
  endfacet
  facet normal 0 1 0
    outer loop
      vertex 296.74 2.4 2
      vertex 297.62 2.4 1
      vertex 296.74 2.4 1
    endloop
  endfacet
  facet normal 0 -1 0
    outer loop
      vertex 296.74 0.799999 1
      vertex 297.62 0.799999 2
      vertex 296.74 0.799999 2
    endloop
  endfacet
  facet normal 0 -1 -0
    outer loop
      vertex 297.62 0.799999 2
      vertex 296.74 0.799999 1
      vertex 297.62 0.799999 1
    endloop
  endfacet
  facet normal 1 0 0
    outer loop
      vertex 302.7 2.4 2
      vertex 302.7 1.2 1
      vertex 302.7 2.4 1
    endloop
  endfacet
  facet normal 1 -0 0
    outer loop
      vertex 302.7 0.799999 2
      vertex 302.7 1.2 1
      vertex 302.7 2.4 2
    endloop
  endfacet
  facet normal 1 0 0
    outer loop
      vertex 302.7 1.2 1
      vertex 302.7 0.799999 2
      vertex 302.7 0.799999 1
    endloop
  endfacet
  facet normal -0 0 1
    outer loop
      vertex 301.82 2.4 2
      vertex 302.7 0.799999 2
      vertex 302.7 2.4 2
    endloop
  endfacet
  facet normal 0 0 1
    outer loop
      vertex 302.7 0.799999 2
      vertex 301.82 2.4 2
      vertex 301.82 0.799999 2
    endloop
  endfacet
  facet normal -1 0 0
    outer loop
      vertex 301.82 1.2 1
      vertex 301.82 2.4 2
      vertex 301.82 2.4 1
    endloop
  endfacet
  facet normal -1 0 0
    outer loop
      vertex 301.82 0.799999 2
      vertex 301.82 1.2 1
      vertex 301.82 0.799999 1
    endloop
  endfacet
  facet normal -1 0 0
    outer loop
      vertex 301.82 1.2 1
      vertex 301.82 0.799999 2
      vertex 301.82 2.4 2
    endloop
  endfacet
  facet normal 0 1 -0
    outer loop
      vertex 302.7 2.4 1
      vertex 301.82 2.4 2
      vertex 302.7 2.4 2
    endloop
  endfacet
  facet normal 0 1 0
    outer loop
      vertex 301.82 2.4 2
      vertex 302.7 2.4 1
      vertex 301.82 2.4 1
    endloop
  endfacet
  facet normal 0 -1 0
    outer loop
      vertex 301.82 0.799999 1
      vertex 302.7 0.799999 2
      vertex 301.82 0.799999 2
    endloop
  endfacet
  facet normal 0 -1 -0
    outer loop
      vertex 302.7 0.799999 2
      vertex 301.82 0.799999 1
      vertex 302.7 0.799999 1
    endloop
  endfacet
  facet normal 1 0 0
    outer loop
      vertex 307.78 2.4 2
      vertex 307.78 1.2 1
      vertex 307.78 2.4 1
    endloop
  endfacet
  facet normal 1 -0 0
    outer loop
      vertex 307.78 0.799999 2
      vertex 307.78 1.2 1
      vertex 307.78 2.4 2
    endloop
  endfacet
  facet normal 1 0 0
    outer loop
      vertex 307.78 1.2 1
      vertex 307.78 0.799999 2
      vertex 307.78 0.799999 1
    endloop
  endfacet
  facet normal -0 0 1
    outer loop
      vertex 306.9 2.4 2
      vertex 307.78 0.799999 2
      vertex 307.78 2.4 2
    endloop
  endfacet
  facet normal 0 0 1
    outer loop
      vertex 307.78 0.799999 2
      vertex 306.9 2.4 2
      vertex 306.9 0.799999 2
    endloop
  endfacet
  facet normal -1 0 0
    outer loop
      vertex 306.9 1.2 1
      vertex 306.9 2.4 2
      vertex 306.9 2.4 1
    endloop
  endfacet
  facet normal -1 0 0
    outer loop
      vertex 306.9 0.799999 2
      vertex 306.9 1.2 1
      vertex 306.9 0.799999 1
    endloop
  endfacet
  facet normal -1 0 0
    outer loop
      vertex 306.9 1.2 1
      vertex 306.9 0.799999 2
      vertex 306.9 2.4 2
    endloop
  endfacet
  facet normal 0 1 -0
    outer loop
      vertex 307.78 2.4 1
      vertex 306.9 2.4 2
      vertex 307.78 2.4 2
    endloop
  endfacet
  facet normal 0 1 0
    outer loop
      vertex 306.9 2.4 2
      vertex 307.78 2.4 1
      vertex 306.9 2.4 1
    endloop
  endfacet
  facet normal 0 -1 0
    outer loop
      vertex 306.9 0.799999 1
      vertex 307.78 0.799999 2
      vertex 306.9 0.799999 2
    endloop
  endfacet
  facet normal 0 -1 -0
    outer loop
      vertex 307.78 0.799999 2
      vertex 306.9 0.799999 1
      vertex 307.78 0.799999 1
    endloop
  endfacet
  facet normal 1 0 0
    outer loop
      vertex 312.86 2.4 2
      vertex 312.86 1.2 1
      vertex 312.86 2.4 1
    endloop
  endfacet
  facet normal 1 -0 0
    outer loop
      vertex 312.86 0.799999 2
      vertex 312.86 1.2 1
      vertex 312.86 2.4 2
    endloop
  endfacet
  facet normal 1 0 0
    outer loop
      vertex 312.86 1.2 1
      vertex 312.86 0.799999 2
      vertex 312.86 0.799999 1
    endloop
  endfacet
  facet normal -0 0 1
    outer loop
      vertex 311.98 2.4 2
      vertex 312.86 0.799999 2
      vertex 312.86 2.4 2
    endloop
  endfacet
  facet normal 0 0 1
    outer loop
      vertex 312.86 0.799999 2
      vertex 311.98 2.4 2
      vertex 311.98 0.799999 2
    endloop
  endfacet
  facet normal -1 0 0
    outer loop
      vertex 311.98 1.2 1
      vertex 311.98 2.4 2
      vertex 311.98 2.4 1
    endloop
  endfacet
  facet normal -1 0 0
    outer loop
      vertex 311.98 0.799999 2
      vertex 311.98 1.2 1
      vertex 311.98 0.799999 1
    endloop
  endfacet
  facet normal -1 0 0
    outer loop
      vertex 311.98 1.2 1
      vertex 311.98 0.799999 2
      vertex 311.98 2.4 2
    endloop
  endfacet
  facet normal 0 1 -0
    outer loop
      vertex 312.86 2.4 1
      vertex 311.98 2.4 2
      vertex 312.86 2.4 2
    endloop
  endfacet
  facet normal 0 1 0
    outer loop
      vertex 311.98 2.4 2
      vertex 312.86 2.4 1
      vertex 311.98 2.4 1
    endloop
  endfacet
  facet normal 0 -1 0
    outer loop
      vertex 311.98 0.799999 1
      vertex 312.86 0.799999 2
      vertex 311.98 0.799999 2
    endloop
  endfacet
  facet normal 0 -1 -0
    outer loop
      vertex 312.86 0.799999 2
      vertex 311.98 0.799999 1
      vertex 312.86 0.799999 1
    endloop
  endfacet
  facet normal 1 0 0
    outer loop
      vertex 317.94 2.4 2
      vertex 317.94 1.2 1
      vertex 317.94 2.4 1
    endloop
  endfacet
  facet normal 1 -0 0
    outer loop
      vertex 317.94 0.799999 2
      vertex 317.94 1.2 1
      vertex 317.94 2.4 2
    endloop
  endfacet
  facet normal 1 0 0
    outer loop
      vertex 317.94 1.2 1
      vertex 317.94 0.799999 2
      vertex 317.94 0.799999 1
    endloop
  endfacet
  facet normal -0 0 1
    outer loop
      vertex 317.06 2.4 2
      vertex 317.94 0.799999 2
      vertex 317.94 2.4 2
    endloop
  endfacet
  facet normal 0 0 1
    outer loop
      vertex 317.94 0.799999 2
      vertex 317.06 2.4 2
      vertex 317.06 0.799999 2
    endloop
  endfacet
  facet normal -1 0 0
    outer loop
      vertex 317.06 1.2 1
      vertex 317.06 2.4 2
      vertex 317.06 2.4 1
    endloop
  endfacet
  facet normal -1 0 0
    outer loop
      vertex 317.06 0.799999 2
      vertex 317.06 1.2 1
      vertex 317.06 0.799999 1
    endloop
  endfacet
  facet normal -1 0 0
    outer loop
      vertex 317.06 1.2 1
      vertex 317.06 0.799999 2
      vertex 317.06 2.4 2
    endloop
  endfacet
  facet normal 0 1 -0
    outer loop
      vertex 317.94 2.4 1
      vertex 317.06 2.4 2
      vertex 317.94 2.4 2
    endloop
  endfacet
  facet normal 0 1 0
    outer loop
      vertex 317.06 2.4 2
      vertex 317.94 2.4 1
      vertex 317.06 2.4 1
    endloop
  endfacet
  facet normal 0 -1 0
    outer loop
      vertex 317.06 0.799999 1
      vertex 317.94 0.799999 2
      vertex 317.06 0.799999 2
    endloop
  endfacet
  facet normal 0 -1 -0
    outer loop
      vertex 317.94 0.799999 2
      vertex 317.06 0.799999 1
      vertex 317.94 0.799999 1
    endloop
  endfacet
  facet normal 1 0 0
    outer loop
      vertex 323.02 2.4 2
      vertex 323.02 1.2 1
      vertex 323.02 2.4 1
    endloop
  endfacet
  facet normal 1 -0 0
    outer loop
      vertex 323.02 0.799999 2
      vertex 323.02 1.2 1
      vertex 323.02 2.4 2
    endloop
  endfacet
  facet normal 1 0 0
    outer loop
      vertex 323.02 1.2 1
      vertex 323.02 0.799999 2
      vertex 323.02 0.799999 1
    endloop
  endfacet
  facet normal -0 0 1
    outer loop
      vertex 322.14 2.4 2
      vertex 323.02 0.799999 2
      vertex 323.02 2.4 2
    endloop
  endfacet
  facet normal 0 0 1
    outer loop
      vertex 323.02 0.799999 2
      vertex 322.14 2.4 2
      vertex 322.14 0.799999 2
    endloop
  endfacet
  facet normal -1 0 0
    outer loop
      vertex 322.14 1.2 1
      vertex 322.14 2.4 2
      vertex 322.14 2.4 1
    endloop
  endfacet
  facet normal -1 0 0
    outer loop
      vertex 322.14 0.799999 2
      vertex 322.14 1.2 1
      vertex 322.14 0.799999 1
    endloop
  endfacet
  facet normal -1 0 0
    outer loop
      vertex 322.14 1.2 1
      vertex 322.14 0.799999 2
      vertex 322.14 2.4 2
    endloop
  endfacet
  facet normal 0 1 -0
    outer loop
      vertex 323.02 2.4 1
      vertex 322.14 2.4 2
      vertex 323.02 2.4 2
    endloop
  endfacet
  facet normal 0 1 0
    outer loop
      vertex 322.14 2.4 2
      vertex 323.02 2.4 1
      vertex 322.14 2.4 1
    endloop
  endfacet
  facet normal 0 -1 0
    outer loop
      vertex 322.14 0.799999 1
      vertex 323.02 0.799999 2
      vertex 322.14 0.799999 2
    endloop
  endfacet
  facet normal 0 -1 -0
    outer loop
      vertex 323.02 0.799999 2
      vertex 322.14 0.799999 1
      vertex 323.02 0.799999 1
    endloop
  endfacet
  facet normal 1 0 0
    outer loop
      vertex 328.1 2.4 2
      vertex 328.1 1.2 1
      vertex 328.1 2.4 1
    endloop
  endfacet
  facet normal 1 -0 0
    outer loop
      vertex 328.1 0.799999 2
      vertex 328.1 1.2 1
      vertex 328.1 2.4 2
    endloop
  endfacet
  facet normal 1 0 0
    outer loop
      vertex 328.1 1.2 1
      vertex 328.1 0.799999 2
      vertex 328.1 0.799999 1
    endloop
  endfacet
  facet normal -0 0 1
    outer loop
      vertex 327.22 2.4 2
      vertex 328.1 0.799999 2
      vertex 328.1 2.4 2
    endloop
  endfacet
  facet normal 0 0 1
    outer loop
      vertex 328.1 0.799999 2
      vertex 327.22 2.4 2
      vertex 327.22 0.799999 2
    endloop
  endfacet
  facet normal -1 0 0
    outer loop
      vertex 327.22 1.2 1
      vertex 327.22 2.4 2
      vertex 327.22 2.4 1
    endloop
  endfacet
  facet normal -1 0 0
    outer loop
      vertex 327.22 0.799999 2
      vertex 327.22 1.2 1
      vertex 327.22 0.799999 1
    endloop
  endfacet
  facet normal -1 0 0
    outer loop
      vertex 327.22 1.2 1
      vertex 327.22 0.799999 2
      vertex 327.22 2.4 2
    endloop
  endfacet
  facet normal 0 1 -0
    outer loop
      vertex 328.1 2.4 1
      vertex 327.22 2.4 2
      vertex 328.1 2.4 2
    endloop
  endfacet
  facet normal 0 1 0
    outer loop
      vertex 327.22 2.4 2
      vertex 328.1 2.4 1
      vertex 327.22 2.4 1
    endloop
  endfacet
  facet normal 0 -1 0
    outer loop
      vertex 327.22 0.799999 1
      vertex 328.1 0.799999 2
      vertex 327.22 0.799999 2
    endloop
  endfacet
  facet normal 0 -1 -0
    outer loop
      vertex 328.1 0.799999 2
      vertex 327.22 0.799999 1
      vertex 328.1 0.799999 1
    endloop
  endfacet
  facet normal 1 0 0
    outer loop
      vertex 333.18 2.4 2
      vertex 333.18 1.2 1
      vertex 333.18 2.4 1
    endloop
  endfacet
  facet normal 1 -0 0
    outer loop
      vertex 333.18 0.799999 2
      vertex 333.18 1.2 1
      vertex 333.18 2.4 2
    endloop
  endfacet
  facet normal 1 0 0
    outer loop
      vertex 333.18 1.2 1
      vertex 333.18 0.799999 2
      vertex 333.18 0.799999 1
    endloop
  endfacet
  facet normal -0 0 1
    outer loop
      vertex 332.3 2.4 2
      vertex 333.18 0.799999 2
      vertex 333.18 2.4 2
    endloop
  endfacet
  facet normal 0 0 1
    outer loop
      vertex 333.18 0.799999 2
      vertex 332.3 2.4 2
      vertex 332.3 0.799999 2
    endloop
  endfacet
  facet normal -1 0 0
    outer loop
      vertex 332.3 1.2 1
      vertex 332.3 2.4 2
      vertex 332.3 2.4 1
    endloop
  endfacet
  facet normal -1 0 0
    outer loop
      vertex 332.3 0.799999 2
      vertex 332.3 1.2 1
      vertex 332.3 0.799999 1
    endloop
  endfacet
  facet normal -1 0 0
    outer loop
      vertex 332.3 1.2 1
      vertex 332.3 0.799999 2
      vertex 332.3 2.4 2
    endloop
  endfacet
  facet normal 0 1 -0
    outer loop
      vertex 333.18 2.4 1
      vertex 332.3 2.4 2
      vertex 333.18 2.4 2
    endloop
  endfacet
  facet normal 0 1 0
    outer loop
      vertex 332.3 2.4 2
      vertex 333.18 2.4 1
      vertex 332.3 2.4 1
    endloop
  endfacet
  facet normal 0 -1 0
    outer loop
      vertex 332.3 0.799999 1
      vertex 333.18 0.799999 2
      vertex 332.3 0.799999 2
    endloop
  endfacet
  facet normal 0 -1 -0
    outer loop
      vertex 333.18 0.799999 2
      vertex 332.3 0.799999 1
      vertex 333.18 0.799999 1
    endloop
  endfacet
  facet normal 1 0 0
    outer loop
      vertex 338.26 2.4 2
      vertex 338.26 1.2 1
      vertex 338.26 2.4 1
    endloop
  endfacet
  facet normal 1 -0 0
    outer loop
      vertex 338.26 0.799999 2
      vertex 338.26 1.2 1
      vertex 338.26 2.4 2
    endloop
  endfacet
  facet normal 1 0 0
    outer loop
      vertex 338.26 1.2 1
      vertex 338.26 0.799999 2
      vertex 338.26 0.799999 1
    endloop
  endfacet
  facet normal -0 0 1
    outer loop
      vertex 337.38 2.4 2
      vertex 338.26 0.799999 2
      vertex 338.26 2.4 2
    endloop
  endfacet
  facet normal 0 0 1
    outer loop
      vertex 338.26 0.799999 2
      vertex 337.38 2.4 2
      vertex 337.38 0.799999 2
    endloop
  endfacet
  facet normal -1 0 0
    outer loop
      vertex 337.38 1.2 1
      vertex 337.38 2.4 2
      vertex 337.38 2.4 1
    endloop
  endfacet
  facet normal -1 0 0
    outer loop
      vertex 337.38 0.799999 2
      vertex 337.38 1.2 1
      vertex 337.38 0.799999 1
    endloop
  endfacet
  facet normal -1 0 0
    outer loop
      vertex 337.38 1.2 1
      vertex 337.38 0.799999 2
      vertex 337.38 2.4 2
    endloop
  endfacet
  facet normal 0 1 -0
    outer loop
      vertex 338.26 2.4 1
      vertex 337.38 2.4 2
      vertex 338.26 2.4 2
    endloop
  endfacet
  facet normal 0 1 0
    outer loop
      vertex 337.38 2.4 2
      vertex 338.26 2.4 1
      vertex 337.38 2.4 1
    endloop
  endfacet
  facet normal 0 -1 0
    outer loop
      vertex 337.38 0.799999 1
      vertex 338.26 0.799999 2
      vertex 337.38 0.799999 2
    endloop
  endfacet
  facet normal 0 -1 -0
    outer loop
      vertex 338.26 0.799999 2
      vertex 337.38 0.799999 1
      vertex 338.26 0.799999 1
    endloop
  endfacet
  facet normal 1 0 0
    outer loop
      vertex 343.34 2.4 2
      vertex 343.34 1.2 1
      vertex 343.34 2.4 1
    endloop
  endfacet
  facet normal 1 -0 0
    outer loop
      vertex 343.34 0.799999 2
      vertex 343.34 1.2 1
      vertex 343.34 2.4 2
    endloop
  endfacet
  facet normal 1 0 0
    outer loop
      vertex 343.34 1.2 1
      vertex 343.34 0.799999 2
      vertex 343.34 0.799999 1
    endloop
  endfacet
  facet normal -0 0 1
    outer loop
      vertex 342.46 2.4 2
      vertex 343.34 0.799999 2
      vertex 343.34 2.4 2
    endloop
  endfacet
  facet normal 0 0 1
    outer loop
      vertex 343.34 0.799999 2
      vertex 342.46 2.4 2
      vertex 342.46 0.799999 2
    endloop
  endfacet
  facet normal -1 0 0
    outer loop
      vertex 342.46 1.2 1
      vertex 342.46 2.4 2
      vertex 342.46 2.4 1
    endloop
  endfacet
  facet normal -1 0 0
    outer loop
      vertex 342.46 0.799999 2
      vertex 342.46 1.2 1
      vertex 342.46 0.799999 1
    endloop
  endfacet
  facet normal -1 0 0
    outer loop
      vertex 342.46 1.2 1
      vertex 342.46 0.799999 2
      vertex 342.46 2.4 2
    endloop
  endfacet
  facet normal 0 1 -0
    outer loop
      vertex 343.34 2.4 1
      vertex 342.46 2.4 2
      vertex 343.34 2.4 2
    endloop
  endfacet
  facet normal 0 1 0
    outer loop
      vertex 342.46 2.4 2
      vertex 343.34 2.4 1
      vertex 342.46 2.4 1
    endloop
  endfacet
  facet normal 0 -1 0
    outer loop
      vertex 342.46 0.799999 1
      vertex 343.34 0.799999 2
      vertex 342.46 0.799999 2
    endloop
  endfacet
  facet normal 0 -1 -0
    outer loop
      vertex 343.34 0.799999 2
      vertex 342.46 0.799999 1
      vertex 343.34 0.799999 1
    endloop
  endfacet
  facet normal 1 0 0
    outer loop
      vertex 348.42 2.4 2
      vertex 348.42 1.2 1
      vertex 348.42 2.4 1
    endloop
  endfacet
  facet normal 1 -0 0
    outer loop
      vertex 348.42 0.799999 2
      vertex 348.42 1.2 1
      vertex 348.42 2.4 2
    endloop
  endfacet
  facet normal 1 0 0
    outer loop
      vertex 348.42 1.2 1
      vertex 348.42 0.799999 2
      vertex 348.42 0.799999 1
    endloop
  endfacet
  facet normal -0 0 1
    outer loop
      vertex 347.54 2.4 2
      vertex 348.42 0.799999 2
      vertex 348.42 2.4 2
    endloop
  endfacet
  facet normal 0 0 1
    outer loop
      vertex 348.42 0.799999 2
      vertex 347.54 2.4 2
      vertex 347.54 0.799999 2
    endloop
  endfacet
  facet normal -1 0 0
    outer loop
      vertex 347.54 1.2 1
      vertex 347.54 2.4 2
      vertex 347.54 2.4 1
    endloop
  endfacet
  facet normal -1 0 0
    outer loop
      vertex 347.54 0.799999 2
      vertex 347.54 1.2 1
      vertex 347.54 0.799999 1
    endloop
  endfacet
  facet normal -1 0 0
    outer loop
      vertex 347.54 1.2 1
      vertex 347.54 0.799999 2
      vertex 347.54 2.4 2
    endloop
  endfacet
  facet normal 0 1 -0
    outer loop
      vertex 348.42 2.4 1
      vertex 347.54 2.4 2
      vertex 348.42 2.4 2
    endloop
  endfacet
  facet normal 0 1 0
    outer loop
      vertex 347.54 2.4 2
      vertex 348.42 2.4 1
      vertex 347.54 2.4 1
    endloop
  endfacet
  facet normal 0 -1 0
    outer loop
      vertex 347.54 0.799999 1
      vertex 348.42 0.799999 2
      vertex 347.54 0.799999 2
    endloop
  endfacet
  facet normal 0 -1 -0
    outer loop
      vertex 348.42 0.799999 2
      vertex 347.54 0.799999 1
      vertex 348.42 0.799999 1
    endloop
  endfacet
  facet normal 1 0 0
    outer loop
      vertex 353.5 2.4 2
      vertex 353.5 1.2 1
      vertex 353.5 2.4 1
    endloop
  endfacet
  facet normal 1 -0 0
    outer loop
      vertex 353.5 0.799999 2
      vertex 353.5 1.2 1
      vertex 353.5 2.4 2
    endloop
  endfacet
  facet normal 1 0 0
    outer loop
      vertex 353.5 1.2 1
      vertex 353.5 0.799999 2
      vertex 353.5 0.799999 1
    endloop
  endfacet
  facet normal -0 0 1
    outer loop
      vertex 352.62 2.4 2
      vertex 353.5 0.799999 2
      vertex 353.5 2.4 2
    endloop
  endfacet
  facet normal 0 0 1
    outer loop
      vertex 353.5 0.799999 2
      vertex 352.62 2.4 2
      vertex 352.62 0.799999 2
    endloop
  endfacet
  facet normal -1 0 0
    outer loop
      vertex 352.62 1.2 1
      vertex 352.62 2.4 2
      vertex 352.62 2.4 1
    endloop
  endfacet
  facet normal -1 0 0
    outer loop
      vertex 352.62 0.799999 2
      vertex 352.62 1.2 1
      vertex 352.62 0.799999 1
    endloop
  endfacet
  facet normal -1 0 0
    outer loop
      vertex 352.62 1.2 1
      vertex 352.62 0.799999 2
      vertex 352.62 2.4 2
    endloop
  endfacet
  facet normal 0 1 -0
    outer loop
      vertex 353.5 2.4 1
      vertex 352.62 2.4 2
      vertex 353.5 2.4 2
    endloop
  endfacet
  facet normal 0 1 0
    outer loop
      vertex 352.62 2.4 2
      vertex 353.5 2.4 1
      vertex 352.62 2.4 1
    endloop
  endfacet
  facet normal 0 -1 0
    outer loop
      vertex 352.62 0.799999 1
      vertex 353.5 0.799999 2
      vertex 352.62 0.799999 2
    endloop
  endfacet
  facet normal 0 -1 -0
    outer loop
      vertex 353.5 0.799999 2
      vertex 352.62 0.799999 1
      vertex 353.5 0.799999 1
    endloop
  endfacet
  facet normal 1 0 0
    outer loop
      vertex 358.58 2.4 2
      vertex 358.58 1.2 1
      vertex 358.58 2.4 1
    endloop
  endfacet
  facet normal 1 -0 0
    outer loop
      vertex 358.58 0.799999 2
      vertex 358.58 1.2 1
      vertex 358.58 2.4 2
    endloop
  endfacet
  facet normal 1 0 0
    outer loop
      vertex 358.58 1.2 1
      vertex 358.58 0.799999 2
      vertex 358.58 0.799999 1
    endloop
  endfacet
  facet normal -0 0 1
    outer loop
      vertex 357.7 2.4 2
      vertex 358.58 0.799999 2
      vertex 358.58 2.4 2
    endloop
  endfacet
  facet normal 0 0 1
    outer loop
      vertex 358.58 0.799999 2
      vertex 357.7 2.4 2
      vertex 357.7 0.799999 2
    endloop
  endfacet
  facet normal -1 0 0
    outer loop
      vertex 357.7 1.2 1
      vertex 357.7 2.4 2
      vertex 357.7 2.4 1
    endloop
  endfacet
  facet normal -1 0 0
    outer loop
      vertex 357.7 0.799999 2
      vertex 357.7 1.2 1
      vertex 357.7 0.799999 1
    endloop
  endfacet
  facet normal -1 0 0
    outer loop
      vertex 357.7 1.2 1
      vertex 357.7 0.799999 2
      vertex 357.7 2.4 2
    endloop
  endfacet
  facet normal 0 1 -0
    outer loop
      vertex 358.58 2.4 1
      vertex 357.7 2.4 2
      vertex 358.58 2.4 2
    endloop
  endfacet
  facet normal 0 1 0
    outer loop
      vertex 357.7 2.4 2
      vertex 358.58 2.4 1
      vertex 357.7 2.4 1
    endloop
  endfacet
  facet normal 0 -1 0
    outer loop
      vertex 357.7 0.799999 1
      vertex 358.58 0.799999 2
      vertex 357.7 0.799999 2
    endloop
  endfacet
  facet normal 0 -1 -0
    outer loop
      vertex 358.58 0.799999 2
      vertex 357.7 0.799999 1
      vertex 358.58 0.799999 1
    endloop
  endfacet
  facet normal 1 0 0
    outer loop
      vertex 363.66 2.4 2
      vertex 363.66 1.2 1
      vertex 363.66 2.4 1
    endloop
  endfacet
  facet normal 1 -0 0
    outer loop
      vertex 363.66 0.799999 2
      vertex 363.66 1.2 1
      vertex 363.66 2.4 2
    endloop
  endfacet
  facet normal 1 0 0
    outer loop
      vertex 363.66 1.2 1
      vertex 363.66 0.799999 2
      vertex 363.66 0.799999 1
    endloop
  endfacet
  facet normal -0 0 1
    outer loop
      vertex 362.78 2.4 2
      vertex 363.66 0.799999 2
      vertex 363.66 2.4 2
    endloop
  endfacet
  facet normal 0 0 1
    outer loop
      vertex 363.66 0.799999 2
      vertex 362.78 2.4 2
      vertex 362.78 0.799999 2
    endloop
  endfacet
  facet normal -1 0 0
    outer loop
      vertex 362.78 1.2 1
      vertex 362.78 2.4 2
      vertex 362.78 2.4 1
    endloop
  endfacet
  facet normal -1 0 0
    outer loop
      vertex 362.78 0.799999 2
      vertex 362.78 1.2 1
      vertex 362.78 0.799999 1
    endloop
  endfacet
  facet normal -1 0 0
    outer loop
      vertex 362.78 1.2 1
      vertex 362.78 0.799999 2
      vertex 362.78 2.4 2
    endloop
  endfacet
  facet normal 0 1 -0
    outer loop
      vertex 363.66 2.4 1
      vertex 362.78 2.4 2
      vertex 363.66 2.4 2
    endloop
  endfacet
  facet normal 0 1 0
    outer loop
      vertex 362.78 2.4 2
      vertex 363.66 2.4 1
      vertex 362.78 2.4 1
    endloop
  endfacet
  facet normal 0 -1 0
    outer loop
      vertex 362.78 0.799999 1
      vertex 363.66 0.799999 2
      vertex 362.78 0.799999 2
    endloop
  endfacet
  facet normal 0 -1 -0
    outer loop
      vertex 363.66 0.799999 2
      vertex 362.78 0.799999 1
      vertex 363.66 0.799999 1
    endloop
  endfacet
  facet normal 1 0 0
    outer loop
      vertex 368.74 2.4 2
      vertex 368.74 1.2 1
      vertex 368.74 2.4 1
    endloop
  endfacet
  facet normal 1 -0 0
    outer loop
      vertex 368.74 0.799999 2
      vertex 368.74 1.2 1
      vertex 368.74 2.4 2
    endloop
  endfacet
  facet normal 1 0 0
    outer loop
      vertex 368.74 1.2 1
      vertex 368.74 0.799999 2
      vertex 368.74 0.799999 1
    endloop
  endfacet
  facet normal -0 0 1
    outer loop
      vertex 367.86 2.4 2
      vertex 368.74 0.799999 2
      vertex 368.74 2.4 2
    endloop
  endfacet
  facet normal 0 0 1
    outer loop
      vertex 368.74 0.799999 2
      vertex 367.86 2.4 2
      vertex 367.86 0.799999 2
    endloop
  endfacet
  facet normal -1 0 0
    outer loop
      vertex 367.86 1.2 1
      vertex 367.86 2.4 2
      vertex 367.86 2.4 1
    endloop
  endfacet
  facet normal -1 0 0
    outer loop
      vertex 367.86 0.799999 2
      vertex 367.86 1.2 1
      vertex 367.86 0.799999 1
    endloop
  endfacet
  facet normal -1 0 0
    outer loop
      vertex 367.86 1.2 1
      vertex 367.86 0.799999 2
      vertex 367.86 2.4 2
    endloop
  endfacet
  facet normal 0 1 -0
    outer loop
      vertex 368.74 2.4 1
      vertex 367.86 2.4 2
      vertex 368.74 2.4 2
    endloop
  endfacet
  facet normal 0 1 0
    outer loop
      vertex 367.86 2.4 2
      vertex 368.74 2.4 1
      vertex 367.86 2.4 1
    endloop
  endfacet
  facet normal 0 -1 0
    outer loop
      vertex 367.86 0.799999 1
      vertex 368.74 0.799999 2
      vertex 367.86 0.799999 2
    endloop
  endfacet
  facet normal 0 -1 -0
    outer loop
      vertex 368.74 0.799999 2
      vertex 367.86 0.799999 1
      vertex 368.74 0.799999 1
    endloop
  endfacet
  facet normal 1 0 0
    outer loop
      vertex 373.82 2.4 2
      vertex 373.82 1.2 1
      vertex 373.82 2.4 1
    endloop
  endfacet
  facet normal 1 -0 0
    outer loop
      vertex 373.82 0.799999 2
      vertex 373.82 1.2 1
      vertex 373.82 2.4 2
    endloop
  endfacet
  facet normal 1 0 0
    outer loop
      vertex 373.82 1.2 1
      vertex 373.82 0.799999 2
      vertex 373.82 0.799999 1
    endloop
  endfacet
  facet normal -0 0 1
    outer loop
      vertex 372.94 2.4 2
      vertex 373.82 0.799999 2
      vertex 373.82 2.4 2
    endloop
  endfacet
  facet normal 0 0 1
    outer loop
      vertex 373.82 0.799999 2
      vertex 372.94 2.4 2
      vertex 372.94 0.799999 2
    endloop
  endfacet
  facet normal -1 0 0
    outer loop
      vertex 372.94 1.2 1
      vertex 372.94 2.4 2
      vertex 372.94 2.4 1
    endloop
  endfacet
  facet normal -1 0 0
    outer loop
      vertex 372.94 0.799999 2
      vertex 372.94 1.2 1
      vertex 372.94 0.799999 1
    endloop
  endfacet
  facet normal -1 0 0
    outer loop
      vertex 372.94 1.2 1
      vertex 372.94 0.799999 2
      vertex 372.94 2.4 2
    endloop
  endfacet
  facet normal 0 1 -0
    outer loop
      vertex 373.82 2.4 1
      vertex 372.94 2.4 2
      vertex 373.82 2.4 2
    endloop
  endfacet
  facet normal 0 1 0
    outer loop
      vertex 372.94 2.4 2
      vertex 373.82 2.4 1
      vertex 372.94 2.4 1
    endloop
  endfacet
  facet normal 0 -1 0
    outer loop
      vertex 372.94 0.799999 1
      vertex 373.82 0.799999 2
      vertex 372.94 0.799999 2
    endloop
  endfacet
  facet normal 0 -1 -0
    outer loop
      vertex 373.82 0.799999 2
      vertex 372.94 0.799999 1
      vertex 373.82 0.799999 1
    endloop
  endfacet
  facet normal 1 0 0
    outer loop
      vertex 378.9 2.4 2
      vertex 378.9 1.2 1
      vertex 378.9 2.4 1
    endloop
  endfacet
  facet normal 1 -0 0
    outer loop
      vertex 378.9 0.799999 2
      vertex 378.9 1.2 1
      vertex 378.9 2.4 2
    endloop
  endfacet
  facet normal 1 0 0
    outer loop
      vertex 378.9 1.2 1
      vertex 378.9 0.799999 2
      vertex 378.9 0.799999 1
    endloop
  endfacet
  facet normal -0 0 1
    outer loop
      vertex 378.02 2.4 2
      vertex 378.9 0.799999 2
      vertex 378.9 2.4 2
    endloop
  endfacet
  facet normal 0 0 1
    outer loop
      vertex 378.9 0.799999 2
      vertex 378.02 2.4 2
      vertex 378.02 0.799999 2
    endloop
  endfacet
  facet normal -1 0 0
    outer loop
      vertex 378.02 1.2 1
      vertex 378.02 2.4 2
      vertex 378.02 2.4 1
    endloop
  endfacet
  facet normal -1 0 0
    outer loop
      vertex 378.02 0.799999 2
      vertex 378.02 1.2 1
      vertex 378.02 0.799999 1
    endloop
  endfacet
  facet normal -1 0 0
    outer loop
      vertex 378.02 1.2 1
      vertex 378.02 0.799999 2
      vertex 378.02 2.4 2
    endloop
  endfacet
  facet normal 0 1 -0
    outer loop
      vertex 378.9 2.4 1
      vertex 378.02 2.4 2
      vertex 378.9 2.4 2
    endloop
  endfacet
  facet normal 0 1 0
    outer loop
      vertex 378.02 2.4 2
      vertex 378.9 2.4 1
      vertex 378.02 2.4 1
    endloop
  endfacet
  facet normal 0 -1 0
    outer loop
      vertex 378.02 0.799999 1
      vertex 378.9 0.799999 2
      vertex 378.02 0.799999 2
    endloop
  endfacet
  facet normal 0 -1 -0
    outer loop
      vertex 378.9 0.799999 2
      vertex 378.02 0.799999 1
      vertex 378.9 0.799999 1
    endloop
  endfacet
  facet normal 1 0 0
    outer loop
      vertex 383.98 2.4 2
      vertex 383.98 1.2 1
      vertex 383.98 2.4 1
    endloop
  endfacet
  facet normal 1 -0 0
    outer loop
      vertex 383.98 0.799999 2
      vertex 383.98 1.2 1
      vertex 383.98 2.4 2
    endloop
  endfacet
  facet normal 1 0 0
    outer loop
      vertex 383.98 1.2 1
      vertex 383.98 0.799999 2
      vertex 383.98 0.799999 1
    endloop
  endfacet
  facet normal -0 0 1
    outer loop
      vertex 383.1 2.4 2
      vertex 383.98 0.799999 2
      vertex 383.98 2.4 2
    endloop
  endfacet
  facet normal 0 0 1
    outer loop
      vertex 383.98 0.799999 2
      vertex 383.1 2.4 2
      vertex 383.1 0.799999 2
    endloop
  endfacet
  facet normal -1 0 0
    outer loop
      vertex 383.1 1.2 1
      vertex 383.1 2.4 2
      vertex 383.1 2.4 1
    endloop
  endfacet
  facet normal -1 0 0
    outer loop
      vertex 383.1 0.799999 2
      vertex 383.1 1.2 1
      vertex 383.1 0.799999 1
    endloop
  endfacet
  facet normal -1 0 0
    outer loop
      vertex 383.1 1.2 1
      vertex 383.1 0.799999 2
      vertex 383.1 2.4 2
    endloop
  endfacet
  facet normal 0 1 -0
    outer loop
      vertex 383.98 2.4 1
      vertex 383.1 2.4 2
      vertex 383.98 2.4 2
    endloop
  endfacet
  facet normal 0 1 0
    outer loop
      vertex 383.1 2.4 2
      vertex 383.98 2.4 1
      vertex 383.1 2.4 1
    endloop
  endfacet
  facet normal 0 -1 0
    outer loop
      vertex 383.1 0.799999 1
      vertex 383.98 0.799999 2
      vertex 383.1 0.799999 2
    endloop
  endfacet
  facet normal 0 -1 -0
    outer loop
      vertex 383.98 0.799999 2
      vertex 383.1 0.799999 1
      vertex 383.98 0.799999 1
    endloop
  endfacet
  facet normal 1 0 0
    outer loop
      vertex 389.06 2.4 2
      vertex 389.06 1.2 1
      vertex 389.06 2.4 1
    endloop
  endfacet
  facet normal 1 -0 0
    outer loop
      vertex 389.06 0.799999 2
      vertex 389.06 1.2 1
      vertex 389.06 2.4 2
    endloop
  endfacet
  facet normal 1 0 0
    outer loop
      vertex 389.06 1.2 1
      vertex 389.06 0.799999 2
      vertex 389.06 0.799999 1
    endloop
  endfacet
  facet normal -0 0 1
    outer loop
      vertex 388.18 2.4 2
      vertex 389.06 0.799999 2
      vertex 389.06 2.4 2
    endloop
  endfacet
  facet normal 0 0 1
    outer loop
      vertex 389.06 0.799999 2
      vertex 388.18 2.4 2
      vertex 388.18 0.799999 2
    endloop
  endfacet
  facet normal -1 0 0
    outer loop
      vertex 388.18 1.2 1
      vertex 388.18 2.4 2
      vertex 388.18 2.4 1
    endloop
  endfacet
  facet normal -1 0 0
    outer loop
      vertex 388.18 0.799999 2
      vertex 388.18 1.2 1
      vertex 388.18 0.799999 1
    endloop
  endfacet
  facet normal -1 0 0
    outer loop
      vertex 388.18 1.2 1
      vertex 388.18 0.799999 2
      vertex 388.18 2.4 2
    endloop
  endfacet
  facet normal 0 1 -0
    outer loop
      vertex 389.06 2.4 1
      vertex 388.18 2.4 2
      vertex 389.06 2.4 2
    endloop
  endfacet
  facet normal 0 1 0
    outer loop
      vertex 388.18 2.4 2
      vertex 389.06 2.4 1
      vertex 388.18 2.4 1
    endloop
  endfacet
  facet normal 0 -1 0
    outer loop
      vertex 388.18 0.799999 1
      vertex 389.06 0.799999 2
      vertex 388.18 0.799999 2
    endloop
  endfacet
  facet normal 0 -1 -0
    outer loop
      vertex 389.06 0.799999 2
      vertex 388.18 0.799999 1
      vertex 389.06 0.799999 1
    endloop
  endfacet
  facet normal 1 0 0
    outer loop
      vertex 394.14 2.4 2
      vertex 394.14 1.2 1
      vertex 394.14 2.4 1
    endloop
  endfacet
  facet normal 1 -0 0
    outer loop
      vertex 394.14 0.799999 2
      vertex 394.14 1.2 1
      vertex 394.14 2.4 2
    endloop
  endfacet
  facet normal 1 0 0
    outer loop
      vertex 394.14 1.2 1
      vertex 394.14 0.799999 2
      vertex 394.14 0.799999 1
    endloop
  endfacet
  facet normal -0 0 1
    outer loop
      vertex 393.26 2.4 2
      vertex 394.14 0.799999 2
      vertex 394.14 2.4 2
    endloop
  endfacet
  facet normal 0 0 1
    outer loop
      vertex 394.14 0.799999 2
      vertex 393.26 2.4 2
      vertex 393.26 0.799999 2
    endloop
  endfacet
  facet normal -1 0 0
    outer loop
      vertex 393.26 1.2 1
      vertex 393.26 2.4 2
      vertex 393.26 2.4 1
    endloop
  endfacet
  facet normal -1 0 0
    outer loop
      vertex 393.26 0.799999 2
      vertex 393.26 1.2 1
      vertex 393.26 0.799999 1
    endloop
  endfacet
  facet normal -1 0 0
    outer loop
      vertex 393.26 1.2 1
      vertex 393.26 0.799999 2
      vertex 393.26 2.4 2
    endloop
  endfacet
  facet normal 0 1 -0
    outer loop
      vertex 394.14 2.4 1
      vertex 393.26 2.4 2
      vertex 394.14 2.4 2
    endloop
  endfacet
  facet normal 0 1 0
    outer loop
      vertex 393.26 2.4 2
      vertex 394.14 2.4 1
      vertex 393.26 2.4 1
    endloop
  endfacet
  facet normal 0 -1 0
    outer loop
      vertex 393.26 0.799999 1
      vertex 394.14 0.799999 2
      vertex 393.26 0.799999 2
    endloop
  endfacet
  facet normal 0 -1 -0
    outer loop
      vertex 394.14 0.799999 2
      vertex 393.26 0.799999 1
      vertex 394.14 0.799999 1
    endloop
  endfacet
  facet normal 1 0 0
    outer loop
      vertex 399.22 2.4 2
      vertex 399.22 1.2 1
      vertex 399.22 2.4 1
    endloop
  endfacet
  facet normal 1 -0 0
    outer loop
      vertex 399.22 0.799999 2
      vertex 399.22 1.2 1
      vertex 399.22 2.4 2
    endloop
  endfacet
  facet normal 1 0 0
    outer loop
      vertex 399.22 1.2 1
      vertex 399.22 0.799999 2
      vertex 399.22 0.799999 1
    endloop
  endfacet
  facet normal -0 0 1
    outer loop
      vertex 398.34 2.4 2
      vertex 399.22 0.799999 2
      vertex 399.22 2.4 2
    endloop
  endfacet
  facet normal 0 0 1
    outer loop
      vertex 399.22 0.799999 2
      vertex 398.34 2.4 2
      vertex 398.34 0.799999 2
    endloop
  endfacet
  facet normal -1 0 0
    outer loop
      vertex 398.34 1.2 1
      vertex 398.34 2.4 2
      vertex 398.34 2.4 1
    endloop
  endfacet
  facet normal -1 0 0
    outer loop
      vertex 398.34 0.799999 2
      vertex 398.34 1.2 1
      vertex 398.34 0.799999 1
    endloop
  endfacet
  facet normal -1 0 0
    outer loop
      vertex 398.34 1.2 1
      vertex 398.34 0.799999 2
      vertex 398.34 2.4 2
    endloop
  endfacet
  facet normal 0 1 -0
    outer loop
      vertex 399.22 2.4 1
      vertex 398.34 2.4 2
      vertex 399.22 2.4 2
    endloop
  endfacet
  facet normal 0 1 0
    outer loop
      vertex 398.34 2.4 2
      vertex 399.22 2.4 1
      vertex 398.34 2.4 1
    endloop
  endfacet
  facet normal 0 -1 0
    outer loop
      vertex 398.34 0.799999 1
      vertex 399.22 0.799999 2
      vertex 398.34 0.799999 2
    endloop
  endfacet
  facet normal 0 -1 -0
    outer loop
      vertex 399.22 0.799999 2
      vertex 398.34 0.799999 1
      vertex 399.22 0.799999 1
    endloop
  endfacet
  facet normal 1 0 0
    outer loop
      vertex 404.3 2.4 2
      vertex 404.3 1.2 1
      vertex 404.3 2.4 1
    endloop
  endfacet
  facet normal 1 -0 0
    outer loop
      vertex 404.3 0.799999 2
      vertex 404.3 1.2 1
      vertex 404.3 2.4 2
    endloop
  endfacet
  facet normal 1 0 0
    outer loop
      vertex 404.3 1.2 1
      vertex 404.3 0.799999 2
      vertex 404.3 0.799999 1
    endloop
  endfacet
  facet normal -0 0 1
    outer loop
      vertex 403.42 2.4 2
      vertex 404.3 0.799999 2
      vertex 404.3 2.4 2
    endloop
  endfacet
  facet normal 0 0 1
    outer loop
      vertex 404.3 0.799999 2
      vertex 403.42 2.4 2
      vertex 403.42 0.799999 2
    endloop
  endfacet
  facet normal -1 0 0
    outer loop
      vertex 403.42 1.2 1
      vertex 403.42 2.4 2
      vertex 403.42 2.4 1
    endloop
  endfacet
  facet normal -1 0 0
    outer loop
      vertex 403.42 0.799999 2
      vertex 403.42 1.2 1
      vertex 403.42 0.799999 1
    endloop
  endfacet
  facet normal -1 0 0
    outer loop
      vertex 403.42 1.2 1
      vertex 403.42 0.799999 2
      vertex 403.42 2.4 2
    endloop
  endfacet
  facet normal 0 1 -0
    outer loop
      vertex 404.3 2.4 1
      vertex 403.42 2.4 2
      vertex 404.3 2.4 2
    endloop
  endfacet
  facet normal 0 1 0
    outer loop
      vertex 403.42 2.4 2
      vertex 404.3 2.4 1
      vertex 403.42 2.4 1
    endloop
  endfacet
  facet normal 0 -1 0
    outer loop
      vertex 403.42 0.799999 1
      vertex 404.3 0.799999 2
      vertex 403.42 0.799999 2
    endloop
  endfacet
  facet normal 0 -1 -0
    outer loop
      vertex 404.3 0.799999 2
      vertex 403.42 0.799999 1
      vertex 404.3 0.799999 1
    endloop
  endfacet
  facet normal 1 -0 0
    outer loop
      vertex 406.4 0 1
      vertex 406.4 1.2 0
      vertex 406.4 1.2 1
    endloop
  endfacet
  facet normal 1 0 0
    outer loop
      vertex 406.4 1.2 0
      vertex 406.4 0 1
      vertex 406.4 0 0
    endloop
  endfacet
  facet normal 0 0 -1
    outer loop
      vertex 0 0 0
      vertex 406.4 1.2 0
      vertex 406.4 0 0
    endloop
  endfacet
  facet normal -0 0 -1
    outer loop
      vertex 406.4 1.2 0
      vertex 0 0 0
      vertex 0 1.2 0
    endloop
  endfacet
  facet normal -1 0 0
    outer loop
      vertex 0 0 0
      vertex 0 1.2 1
      vertex 0 1.2 0
    endloop
  endfacet
  facet normal -1 -0 0
    outer loop
      vertex 0 1.2 1
      vertex 0 0 0
      vertex 0 0 1
    endloop
  endfacet
  facet normal 0 1 -0
    outer loop
      vertex 406.4 1.2 0
      vertex 404.3 1.2 1
      vertex 406.4 1.2 1
    endloop
  endfacet
  facet normal 0 1 0
    outer loop
      vertex 404.3 1.2 1
      vertex 406.4 1.2 0
      vertex 403.42 1.2 1
    endloop
  endfacet
  facet normal 0 1 0
    outer loop
      vertex 403.42 1.2 1
      vertex 406.4 1.2 0
      vertex 399.22 1.2 1
    endloop
  endfacet
  facet normal 0 1 0
    outer loop
      vertex 399.22 1.2 1
      vertex 406.4 1.2 0
      vertex 398.34 1.2 1
    endloop
  endfacet
  facet normal 0 1 0
    outer loop
      vertex 398.34 1.2 1
      vertex 406.4 1.2 0
      vertex 394.14 1.2 1
    endloop
  endfacet
  facet normal 0 1 0
    outer loop
      vertex 394.14 1.2 1
      vertex 406.4 1.2 0
      vertex 393.26 1.2 1
    endloop
  endfacet
  facet normal 0 1 0
    outer loop
      vertex 393.26 1.2 1
      vertex 406.4 1.2 0
      vertex 389.06 1.2 1
    endloop
  endfacet
  facet normal 0 1 0
    outer loop
      vertex 389.06 1.2 1
      vertex 406.4 1.2 0
      vertex 388.18 1.2 1
    endloop
  endfacet
  facet normal 0 1 0
    outer loop
      vertex 388.18 1.2 1
      vertex 406.4 1.2 0
      vertex 383.98 1.2 1
    endloop
  endfacet
  facet normal 0 1 0
    outer loop
      vertex 383.98 1.2 1
      vertex 406.4 1.2 0
      vertex 383.1 1.2 1
    endloop
  endfacet
  facet normal 0 1 0
    outer loop
      vertex 383.1 1.2 1
      vertex 406.4 1.2 0
      vertex 378.9 1.2 1
    endloop
  endfacet
  facet normal 0 1 0
    outer loop
      vertex 378.9 1.2 1
      vertex 406.4 1.2 0
      vertex 378.02 1.2 1
    endloop
  endfacet
  facet normal 0 1 0
    outer loop
      vertex 378.02 1.2 1
      vertex 406.4 1.2 0
      vertex 373.82 1.2 1
    endloop
  endfacet
  facet normal 0 1 0
    outer loop
      vertex 373.82 1.2 1
      vertex 406.4 1.2 0
      vertex 372.94 1.2 1
    endloop
  endfacet
  facet normal 0 1 0
    outer loop
      vertex 372.94 1.2 1
      vertex 406.4 1.2 0
      vertex 368.74 1.2 1
    endloop
  endfacet
  facet normal 0 1 0
    outer loop
      vertex 368.74 1.2 1
      vertex 406.4 1.2 0
      vertex 367.86 1.2 1
    endloop
  endfacet
  facet normal 0 1 0
    outer loop
      vertex 367.86 1.2 1
      vertex 406.4 1.2 0
      vertex 363.66 1.2 1
    endloop
  endfacet
  facet normal 0 1 0
    outer loop
      vertex 363.66 1.2 1
      vertex 406.4 1.2 0
      vertex 362.78 1.2 1
    endloop
  endfacet
  facet normal 0 1 0
    outer loop
      vertex 362.78 1.2 1
      vertex 406.4 1.2 0
      vertex 358.58 1.2 1
    endloop
  endfacet
  facet normal 0 1 0
    outer loop
      vertex 358.58 1.2 1
      vertex 406.4 1.2 0
      vertex 357.7 1.2 1
    endloop
  endfacet
  facet normal 0 1 0
    outer loop
      vertex 357.7 1.2 1
      vertex 406.4 1.2 0
      vertex 353.5 1.2 1
    endloop
  endfacet
  facet normal 0 1 0
    outer loop
      vertex 353.5 1.2 1
      vertex 406.4 1.2 0
      vertex 352.62 1.2 1
    endloop
  endfacet
  facet normal 0 1 0
    outer loop
      vertex 352.62 1.2 1
      vertex 406.4 1.2 0
      vertex 348.42 1.2 1
    endloop
  endfacet
  facet normal 0 1 0
    outer loop
      vertex 348.42 1.2 1
      vertex 406.4 1.2 0
      vertex 347.54 1.2 1
    endloop
  endfacet
  facet normal 0 1 0
    outer loop
      vertex 347.54 1.2 1
      vertex 406.4 1.2 0
      vertex 343.34 1.2 1
    endloop
  endfacet
  facet normal 0 1 0
    outer loop
      vertex 343.34 1.2 1
      vertex 406.4 1.2 0
      vertex 342.46 1.2 1
    endloop
  endfacet
  facet normal 0 1 0
    outer loop
      vertex 342.46 1.2 1
      vertex 406.4 1.2 0
      vertex 338.26 1.2 1
    endloop
  endfacet
  facet normal 0 1 0
    outer loop
      vertex 338.26 1.2 1
      vertex 406.4 1.2 0
      vertex 337.38 1.2 1
    endloop
  endfacet
  facet normal 0 1 0
    outer loop
      vertex 337.38 1.2 1
      vertex 406.4 1.2 0
      vertex 333.18 1.2 1
    endloop
  endfacet
  facet normal 0 1 0
    outer loop
      vertex 333.18 1.2 1
      vertex 406.4 1.2 0
      vertex 332.3 1.2 1
    endloop
  endfacet
  facet normal 0 1 0
    outer loop
      vertex 332.3 1.2 1
      vertex 406.4 1.2 0
      vertex 328.1 1.2 1
    endloop
  endfacet
  facet normal 0 1 0
    outer loop
      vertex 328.1 1.2 1
      vertex 406.4 1.2 0
      vertex 327.22 1.2 1
    endloop
  endfacet
  facet normal 0 1 0
    outer loop
      vertex 327.22 1.2 1
      vertex 406.4 1.2 0
      vertex 323.02 1.2 1
    endloop
  endfacet
  facet normal 0 1 0
    outer loop
      vertex 323.02 1.2 1
      vertex 406.4 1.2 0
      vertex 322.14 1.2 1
    endloop
  endfacet
  facet normal 0 1 0
    outer loop
      vertex 322.14 1.2 1
      vertex 406.4 1.2 0
      vertex 317.94 1.2 1
    endloop
  endfacet
  facet normal 0 1 0
    outer loop
      vertex 317.94 1.2 1
      vertex 406.4 1.2 0
      vertex 317.06 1.2 1
    endloop
  endfacet
  facet normal 0 1 0
    outer loop
      vertex 317.06 1.2 1
      vertex 406.4 1.2 0
      vertex 312.86 1.2 1
    endloop
  endfacet
  facet normal 0 1 0
    outer loop
      vertex 312.86 1.2 1
      vertex 406.4 1.2 0
      vertex 311.98 1.2 1
    endloop
  endfacet
  facet normal 0 1 0
    outer loop
      vertex 311.98 1.2 1
      vertex 406.4 1.2 0
      vertex 307.78 1.2 1
    endloop
  endfacet
  facet normal 0 1 0
    outer loop
      vertex 307.78 1.2 1
      vertex 406.4 1.2 0
      vertex 306.9 1.2 1
    endloop
  endfacet
  facet normal 0 1 0
    outer loop
      vertex 306.9 1.2 1
      vertex 406.4 1.2 0
      vertex 302.7 1.2 1
    endloop
  endfacet
  facet normal 0 1 0
    outer loop
      vertex 302.7 1.2 1
      vertex 406.4 1.2 0
      vertex 301.82 1.2 1
    endloop
  endfacet
  facet normal 0 1 0
    outer loop
      vertex 301.82 1.2 1
      vertex 406.4 1.2 0
      vertex 297.62 1.2 1
    endloop
  endfacet
  facet normal 0 1 0
    outer loop
      vertex 297.62 1.2 1
      vertex 406.4 1.2 0
      vertex 296.74 1.2 1
    endloop
  endfacet
  facet normal 0 1 0
    outer loop
      vertex 296.74 1.2 1
      vertex 406.4 1.2 0
      vertex 292.54 1.2 1
    endloop
  endfacet
  facet normal 0 1 0
    outer loop
      vertex 292.54 1.2 1
      vertex 406.4 1.2 0
      vertex 291.66 1.2 1
    endloop
  endfacet
  facet normal 0 1 0
    outer loop
      vertex 291.66 1.2 1
      vertex 406.4 1.2 0
      vertex 287.46 1.2 1
    endloop
  endfacet
  facet normal 0 1 0
    outer loop
      vertex 287.46 1.2 1
      vertex 406.4 1.2 0
      vertex 286.58 1.2 1
    endloop
  endfacet
  facet normal 0 1 0
    outer loop
      vertex 286.58 1.2 1
      vertex 406.4 1.2 0
      vertex 282.38 1.2 1
    endloop
  endfacet
  facet normal 0 1 0
    outer loop
      vertex 282.38 1.2 1
      vertex 406.4 1.2 0
      vertex 281.5 1.2 1
    endloop
  endfacet
  facet normal 0 1 0
    outer loop
      vertex 281.5 1.2 1
      vertex 406.4 1.2 0
      vertex 277.3 1.2 1
    endloop
  endfacet
  facet normal 0 1 0
    outer loop
      vertex 277.3 1.2 1
      vertex 406.4 1.2 0
      vertex 276.42 1.2 1
    endloop
  endfacet
  facet normal 0 1 0
    outer loop
      vertex 276.42 1.2 1
      vertex 406.4 1.2 0
      vertex 272.22 1.2 1
    endloop
  endfacet
  facet normal 0 1 0
    outer loop
      vertex 272.22 1.2 1
      vertex 406.4 1.2 0
      vertex 271.34 1.2 1
    endloop
  endfacet
  facet normal 0 1 0
    outer loop
      vertex 271.34 1.2 1
      vertex 406.4 1.2 0
      vertex 267.14 1.2 1
    endloop
  endfacet
  facet normal 0 1 0
    outer loop
      vertex 267.14 1.2 1
      vertex 406.4 1.2 0
      vertex 266.26 1.2 1
    endloop
  endfacet
  facet normal 0 1 0
    outer loop
      vertex 266.26 1.2 1
      vertex 406.4 1.2 0
      vertex 262.06 1.2 1
    endloop
  endfacet
  facet normal 0 1 0
    outer loop
      vertex 262.06 1.2 1
      vertex 406.4 1.2 0
      vertex 261.18 1.2 1
    endloop
  endfacet
  facet normal 0 1 0
    outer loop
      vertex 261.18 1.2 1
      vertex 406.4 1.2 0
      vertex 256.98 1.2 1
    endloop
  endfacet
  facet normal 0 1 0
    outer loop
      vertex 256.98 1.2 1
      vertex 406.4 1.2 0
      vertex 256.1 1.2 1
    endloop
  endfacet
  facet normal 0 1 0
    outer loop
      vertex 256.1 1.2 1
      vertex 406.4 1.2 0
      vertex 251.9 1.2 1
    endloop
  endfacet
  facet normal 0 1 0
    outer loop
      vertex 251.9 1.2 1
      vertex 406.4 1.2 0
      vertex 251.02 1.2 1
    endloop
  endfacet
  facet normal 0 1 0
    outer loop
      vertex 251.02 1.2 1
      vertex 406.4 1.2 0
      vertex 246.82 1.2 1
    endloop
  endfacet
  facet normal 0 1 0
    outer loop
      vertex 246.82 1.2 1
      vertex 406.4 1.2 0
      vertex 245.94 1.2 1
    endloop
  endfacet
  facet normal 0 1 0
    outer loop
      vertex 245.94 1.2 1
      vertex 406.4 1.2 0
      vertex 241.74 1.2 1
    endloop
  endfacet
  facet normal 0 1 0
    outer loop
      vertex 241.74 1.2 1
      vertex 406.4 1.2 0
      vertex 240.86 1.2 1
    endloop
  endfacet
  facet normal 0 1 0
    outer loop
      vertex 240.86 1.2 1
      vertex 406.4 1.2 0
      vertex 236.66 1.2 1
    endloop
  endfacet
  facet normal 0 1 0
    outer loop
      vertex 236.66 1.2 1
      vertex 406.4 1.2 0
      vertex 235.78 1.2 1
    endloop
  endfacet
  facet normal 0 1 0
    outer loop
      vertex 235.78 1.2 1
      vertex 406.4 1.2 0
      vertex 231.58 1.2 1
    endloop
  endfacet
  facet normal 0 1 0
    outer loop
      vertex 231.58 1.2 1
      vertex 406.4 1.2 0
      vertex 230.7 1.2 1
    endloop
  endfacet
  facet normal 0 1 0
    outer loop
      vertex 230.7 1.2 1
      vertex 406.4 1.2 0
      vertex 226.5 1.2 1
    endloop
  endfacet
  facet normal 0 1 0
    outer loop
      vertex 226.5 1.2 1
      vertex 406.4 1.2 0
      vertex 225.62 1.2 1
    endloop
  endfacet
  facet normal 0 1 0
    outer loop
      vertex 225.62 1.2 1
      vertex 406.4 1.2 0
      vertex 221.42 1.2 1
    endloop
  endfacet
  facet normal 0 1 0
    outer loop
      vertex 221.42 1.2 1
      vertex 406.4 1.2 0
      vertex 220.54 1.2 1
    endloop
  endfacet
  facet normal 0 1 0
    outer loop
      vertex 220.54 1.2 1
      vertex 406.4 1.2 0
      vertex 216.34 1.2 1
    endloop
  endfacet
  facet normal 0 1 0
    outer loop
      vertex 216.34 1.2 1
      vertex 406.4 1.2 0
      vertex 215.46 1.2 1
    endloop
  endfacet
  facet normal 0 1 0
    outer loop
      vertex 215.46 1.2 1
      vertex 406.4 1.2 0
      vertex 211.26 1.2 1
    endloop
  endfacet
  facet normal 0 1 0
    outer loop
      vertex 211.26 1.2 1
      vertex 406.4 1.2 0
      vertex 210.38 1.2 1
    endloop
  endfacet
  facet normal 0 1 0
    outer loop
      vertex 210.38 1.2 1
      vertex 406.4 1.2 0
      vertex 206.18 1.2 1
    endloop
  endfacet
  facet normal 0 1 0
    outer loop
      vertex 206.18 1.2 1
      vertex 406.4 1.2 0
      vertex 205.3 1.2 1
    endloop
  endfacet
  facet normal 0 1 0
    outer loop
      vertex 205.3 1.2 1
      vertex 406.4 1.2 0
      vertex 201.1 1.2 1
    endloop
  endfacet
  facet normal 0 1 0
    outer loop
      vertex 201.1 1.2 1
      vertex 406.4 1.2 0
      vertex 200.22 1.2 1
    endloop
  endfacet
  facet normal 0 1 0
    outer loop
      vertex 200.22 1.2 1
      vertex 406.4 1.2 0
      vertex 196.02 1.2 1
    endloop
  endfacet
  facet normal 0 1 0
    outer loop
      vertex 196.02 1.2 1
      vertex 406.4 1.2 0
      vertex 195.14 1.2 1
    endloop
  endfacet
  facet normal 0 1 0
    outer loop
      vertex 195.14 1.2 1
      vertex 406.4 1.2 0
      vertex 190.94 1.2 1
    endloop
  endfacet
  facet normal 0 1 0
    outer loop
      vertex 190.94 1.2 1
      vertex 406.4 1.2 0
      vertex 190.06 1.2 1
    endloop
  endfacet
  facet normal 0 1 0
    outer loop
      vertex 190.06 1.2 1
      vertex 406.4 1.2 0
      vertex 185.86 1.2 1
    endloop
  endfacet
  facet normal 0 1 0
    outer loop
      vertex 185.86 1.2 1
      vertex 406.4 1.2 0
      vertex 184.98 1.2 1
    endloop
  endfacet
  facet normal 0 1 0
    outer loop
      vertex 184.98 1.2 1
      vertex 406.4 1.2 0
      vertex 180.78 1.2 1
    endloop
  endfacet
  facet normal 0 1 0
    outer loop
      vertex 180.78 1.2 1
      vertex 406.4 1.2 0
      vertex 179.9 1.2 1
    endloop
  endfacet
  facet normal 0 1 0
    outer loop
      vertex 179.9 1.2 1
      vertex 406.4 1.2 0
      vertex 175.7 1.2 1
    endloop
  endfacet
  facet normal 0 1 0
    outer loop
      vertex 175.7 1.2 1
      vertex 406.4 1.2 0
      vertex 174.82 1.2 1
    endloop
  endfacet
  facet normal 0 1 0
    outer loop
      vertex 174.82 1.2 1
      vertex 406.4 1.2 0
      vertex 170.62 1.2 1
    endloop
  endfacet
  facet normal 0 1 0
    outer loop
      vertex 170.62 1.2 1
      vertex 406.4 1.2 0
      vertex 169.74 1.2 1
    endloop
  endfacet
  facet normal 0 1 0
    outer loop
      vertex 169.74 1.2 1
      vertex 406.4 1.2 0
      vertex 165.54 1.2 1
    endloop
  endfacet
  facet normal 0 1 0
    outer loop
      vertex 165.54 1.2 1
      vertex 406.4 1.2 0
      vertex 164.66 1.2 1
    endloop
  endfacet
  facet normal 0 1 0
    outer loop
      vertex 164.66 1.2 1
      vertex 406.4 1.2 0
      vertex 160.46 1.2 1
    endloop
  endfacet
  facet normal 0 1 0
    outer loop
      vertex 160.46 1.2 1
      vertex 406.4 1.2 0
      vertex 159.58 1.2 1
    endloop
  endfacet
  facet normal 0 1 0
    outer loop
      vertex 159.58 1.2 1
      vertex 406.4 1.2 0
      vertex 155.38 1.2 1
    endloop
  endfacet
  facet normal 0 1 0
    outer loop
      vertex 155.38 1.2 1
      vertex 406.4 1.2 0
      vertex 154.5 1.2 1
    endloop
  endfacet
  facet normal 0 1 0
    outer loop
      vertex 154.5 1.2 1
      vertex 406.4 1.2 0
      vertex 150.3 1.2 1
    endloop
  endfacet
  facet normal 0 1 0
    outer loop
      vertex 150.3 1.2 1
      vertex 406.4 1.2 0
      vertex 149.42 1.2 1
    endloop
  endfacet
  facet normal 0 1 0
    outer loop
      vertex 149.42 1.2 1
      vertex 406.4 1.2 0
      vertex 145.22 1.2 1
    endloop
  endfacet
  facet normal 0 1 0
    outer loop
      vertex 145.22 1.2 1
      vertex 406.4 1.2 0
      vertex 144.34 1.2 1
    endloop
  endfacet
  facet normal 0 1 0
    outer loop
      vertex 144.34 1.2 1
      vertex 406.4 1.2 0
      vertex 140.14 1.2 1
    endloop
  endfacet
  facet normal 0 1 0
    outer loop
      vertex 140.14 1.2 1
      vertex 406.4 1.2 0
      vertex 139.26 1.2 1
    endloop
  endfacet
  facet normal 0 1 0
    outer loop
      vertex 139.26 1.2 1
      vertex 406.4 1.2 0
      vertex 135.06 1.2 1
    endloop
  endfacet
  facet normal 0 1 0
    outer loop
      vertex 135.06 1.2 1
      vertex 406.4 1.2 0
      vertex 134.18 1.2 1
    endloop
  endfacet
  facet normal 0 1 0
    outer loop
      vertex 134.18 1.2 1
      vertex 406.4 1.2 0
      vertex 129.98 1.2 1
    endloop
  endfacet
  facet normal 0 1 0
    outer loop
      vertex 129.98 1.2 1
      vertex 406.4 1.2 0
      vertex 129.1 1.2 1
    endloop
  endfacet
  facet normal 0 1 0
    outer loop
      vertex 129.1 1.2 1
      vertex 406.4 1.2 0
      vertex 124.9 1.2 1
    endloop
  endfacet
  facet normal 0 1 0
    outer loop
      vertex 124.9 1.2 1
      vertex 406.4 1.2 0
      vertex 124.02 1.2 1
    endloop
  endfacet
  facet normal 0 1 0
    outer loop
      vertex 124.02 1.2 1
      vertex 406.4 1.2 0
      vertex 119.82 1.2 1
    endloop
  endfacet
  facet normal 0 1 0
    outer loop
      vertex 119.82 1.2 1
      vertex 406.4 1.2 0
      vertex 118.94 1.2 1
    endloop
  endfacet
  facet normal 0 1 0
    outer loop
      vertex 118.94 1.2 1
      vertex 406.4 1.2 0
      vertex 114.74 1.2 1
    endloop
  endfacet
  facet normal 0 1 0
    outer loop
      vertex 114.74 1.2 1
      vertex 406.4 1.2 0
      vertex 113.86 1.2 1
    endloop
  endfacet
  facet normal 0 1 0
    outer loop
      vertex 113.86 1.2 1
      vertex 406.4 1.2 0
      vertex 109.66 1.2 1
    endloop
  endfacet
  facet normal 0 1 0
    outer loop
      vertex 109.66 1.2 1
      vertex 406.4 1.2 0
      vertex 108.78 1.2 1
    endloop
  endfacet
  facet normal 0 1 0
    outer loop
      vertex 108.78 1.2 1
      vertex 406.4 1.2 0
      vertex 104.58 1.2 1
    endloop
  endfacet
  facet normal 0 1 0
    outer loop
      vertex 104.58 1.2 1
      vertex 406.4 1.2 0
      vertex 103.7 1.2 1
    endloop
  endfacet
  facet normal 0 1 0
    outer loop
      vertex 103.7 1.2 1
      vertex 406.4 1.2 0
      vertex 99.5 1.2 1
    endloop
  endfacet
  facet normal 0 1 0
    outer loop
      vertex 99.5 1.2 1
      vertex 406.4 1.2 0
      vertex 98.62 1.2 1
    endloop
  endfacet
  facet normal 0 1 0
    outer loop
      vertex 98.62 1.2 1
      vertex 406.4 1.2 0
      vertex 94.42 1.2 1
    endloop
  endfacet
  facet normal 0 1 0
    outer loop
      vertex 94.42 1.2 1
      vertex 406.4 1.2 0
      vertex 93.54 1.2 1
    endloop
  endfacet
  facet normal 0 1 0
    outer loop
      vertex 93.54 1.2 1
      vertex 406.4 1.2 0
      vertex 89.34 1.2 1
    endloop
  endfacet
  facet normal 0 1 0
    outer loop
      vertex 89.34 1.2 1
      vertex 406.4 1.2 0
      vertex 88.46 1.2 1
    endloop
  endfacet
  facet normal 0 1 0
    outer loop
      vertex 88.46 1.2 1
      vertex 406.4 1.2 0
      vertex 84.26 1.2 1
    endloop
  endfacet
  facet normal 0 1 0
    outer loop
      vertex 84.26 1.2 1
      vertex 406.4 1.2 0
      vertex 83.38 1.2 1
    endloop
  endfacet
  facet normal 0 1 0
    outer loop
      vertex 83.38 1.2 1
      vertex 406.4 1.2 0
      vertex 79.18 1.2 1
    endloop
  endfacet
  facet normal 0 1 0
    outer loop
      vertex 79.18 1.2 1
      vertex 406.4 1.2 0
      vertex 78.3 1.2 1
    endloop
  endfacet
  facet normal 0 1 0
    outer loop
      vertex 0 1.2 0
      vertex 78.3 1.2 1
      vertex 406.4 1.2 0
    endloop
  endfacet
  facet normal 0 1 0
    outer loop
      vertex 78.3 1.2 1
      vertex 0 1.2 0
      vertex 74.1 1.2 1
    endloop
  endfacet
  facet normal 0 1 0
    outer loop
      vertex 74.1 1.2 1
      vertex 0 1.2 0
      vertex 73.22 1.2 1
    endloop
  endfacet
  facet normal 0 1 0
    outer loop
      vertex 73.22 1.2 1
      vertex 0 1.2 0
      vertex 69.02 1.2 1
    endloop
  endfacet
  facet normal 0 1 0
    outer loop
      vertex 69.02 1.2 1
      vertex 0 1.2 0
      vertex 68.14 1.2 1
    endloop
  endfacet
  facet normal 0 1 0
    outer loop
      vertex 68.14 1.2 1
      vertex 0 1.2 0
      vertex 63.94 1.2 1
    endloop
  endfacet
  facet normal 0 1 0
    outer loop
      vertex 63.94 1.2 1
      vertex 0 1.2 0
      vertex 63.06 1.2 1
    endloop
  endfacet
  facet normal 0 1 0
    outer loop
      vertex 63.06 1.2 1
      vertex 0 1.2 0
      vertex 58.86 1.2 1
    endloop
  endfacet
  facet normal 0 1 0
    outer loop
      vertex 58.86 1.2 1
      vertex 0 1.2 0
      vertex 57.98 1.2 1
    endloop
  endfacet
  facet normal 0 1 0
    outer loop
      vertex 57.98 1.2 1
      vertex 0 1.2 0
      vertex 53.78 1.2 1
    endloop
  endfacet
  facet normal 0 1 0
    outer loop
      vertex 53.78 1.2 1
      vertex 0 1.2 0
      vertex 52.9 1.2 1
    endloop
  endfacet
  facet normal 0 1 0
    outer loop
      vertex 52.9 1.2 1
      vertex 0 1.2 0
      vertex 48.7 1.2 1
    endloop
  endfacet
  facet normal 0 1 0
    outer loop
      vertex 48.7 1.2 1
      vertex 0 1.2 0
      vertex 47.82 1.2 1
    endloop
  endfacet
  facet normal 0 1 0
    outer loop
      vertex 47.82 1.2 1
      vertex 0 1.2 0
      vertex 43.62 1.2 1
    endloop
  endfacet
  facet normal 0 1 0
    outer loop
      vertex 43.62 1.2 1
      vertex 0 1.2 0
      vertex 42.74 1.2 1
    endloop
  endfacet
  facet normal 0 1 0
    outer loop
      vertex 42.74 1.2 1
      vertex 0 1.2 0
      vertex 38.54 1.2 1
    endloop
  endfacet
  facet normal 0 1 0
    outer loop
      vertex 38.54 1.2 1
      vertex 0 1.2 0
      vertex 37.66 1.2 1
    endloop
  endfacet
  facet normal 0 1 0
    outer loop
      vertex 37.66 1.2 1
      vertex 0 1.2 0
      vertex 33.46 1.2 1
    endloop
  endfacet
  facet normal 0 1 0
    outer loop
      vertex 33.46 1.2 1
      vertex 0 1.2 0
      vertex 32.58 1.2 1
    endloop
  endfacet
  facet normal 0 1 0
    outer loop
      vertex 32.58 1.2 1
      vertex 0 1.2 0
      vertex 28.38 1.2 1
    endloop
  endfacet
  facet normal 0 1 0
    outer loop
      vertex 28.38 1.2 1
      vertex 0 1.2 0
      vertex 27.5 1.2 1
    endloop
  endfacet
  facet normal 0 1 0
    outer loop
      vertex 27.5 1.2 1
      vertex 0 1.2 0
      vertex 23.3 1.2 1
    endloop
  endfacet
  facet normal 0 1 0
    outer loop
      vertex 23.3 1.2 1
      vertex 0 1.2 0
      vertex 22.42 1.2 1
    endloop
  endfacet
  facet normal 0 1 0
    outer loop
      vertex 22.42 1.2 1
      vertex 0 1.2 0
      vertex 18.22 1.2 1
    endloop
  endfacet
  facet normal 0 1 0
    outer loop
      vertex 18.22 1.2 1
      vertex 0 1.2 0
      vertex 17.34 1.2 1
    endloop
  endfacet
  facet normal 0 1 0
    outer loop
      vertex 17.34 1.2 1
      vertex 0 1.2 0
      vertex 13.14 1.2 1
    endloop
  endfacet
  facet normal 0 1 0
    outer loop
      vertex 13.14 1.2 1
      vertex 0 1.2 0
      vertex 12.26 1.2 1
    endloop
  endfacet
  facet normal 0 1 0
    outer loop
      vertex 12.26 1.2 1
      vertex 0 1.2 0
      vertex 8.06 1.2 1
    endloop
  endfacet
  facet normal 0 1 0
    outer loop
      vertex 8.06 1.2 1
      vertex 0 1.2 0
      vertex 7.18 1.2 1
    endloop
  endfacet
  facet normal 0 1 0
    outer loop
      vertex 7.18 1.2 1
      vertex 0 1.2 0
      vertex 2.98 1.2 1
    endloop
  endfacet
  facet normal 0 1 0
    outer loop
      vertex 2.98 1.2 1
      vertex 0 1.2 0
      vertex 2.1 1.2 1
    endloop
  endfacet
  facet normal 0 1 0
    outer loop
      vertex 2.1 1.2 1
      vertex 0 1.2 0
      vertex 0 1.2 1
    endloop
  endfacet
  facet normal 0 -1 0
    outer loop
      vertex 0 0 0
      vertex 406.4 0 1
      vertex 0 0 1
    endloop
  endfacet
  facet normal 0 -1 -0
    outer loop
      vertex 406.4 0 1
      vertex 0 0 0
      vertex 406.4 0 0
    endloop
  endfacet
endsolid OpenSCAD_Model
