solid OpenSCAD_Model
  facet normal -1 0 0
    outer loop
      vertex 3.3 -3.3 0
      vertex 3.3 3.3 18.6
      vertex 3.3 3.3 0
    endloop
  endfacet
  facet normal -1 -0 0
    outer loop
      vertex 3.3 3.3 18.6
      vertex 3.3 -3.3 0
      vertex 3.3 -3.3 18.6
    endloop
  endfacet
  facet normal 1 -0 0
    outer loop
      vertex -3.3 -3.3 18.6
      vertex -3.3 3.3 0
      vertex -3.3 3.3 18.6
    endloop
  endfacet
  facet normal 1 0 0
    outer loop
      vertex -3.3 3.3 0
      vertex -3.3 -3.3 18.6
      vertex -3.3 -3.3 0
    endloop
  endfacet
  facet normal 0 -1 0
    outer loop
      vertex -3.3 3.3 0
      vertex 3.3 3.3 18.6
      vertex -3.3 3.3 18.6
    endloop
  endfacet
  facet normal 0 -1 -0
    outer loop
      vertex 3.3 3.3 18.6
      vertex -3.3 3.3 0
      vertex 3.3 3.3 0
    endloop
  endfacet
  facet normal 0 1 -0
    outer loop
      vertex 3.3 -3.3 0
      vertex -3.3 -3.3 18.6
      vertex 3.3 -3.3 18.6
    endloop
  endfacet
  facet normal 0 1 0
    outer loop
      vertex -3.3 -3.3 18.6
      vertex 3.3 -3.3 0
      vertex -3.3 -3.3 0
    endloop
  endfacet
  facet normal 0.761538 -3.76687e-06 0.648121
    outer loop
      vertex -4.25 29.75 19.7162
      vertex -3.3 37.3 18.6
      vertex -4.49149 38.4915 20
    endloop
  endfacet
  facet normal 0.761525 0 0.648135
    outer loop
      vertex -3.3 37.3 18.6
      vertex -4.25 29.75 19.7162
      vertex -3.3 30.7 18.6
    endloop
  endfacet
  facet normal 0.761525 0 0.648135
    outer loop
      vertex -4.25 29.75 19.7162
      vertex -3.3 22.2 18.6
      vertex -3.3 28.8 18.6
    endloop
  endfacet
  facet normal 0.761525 0 0.648135
    outer loop
      vertex -4.25 29.75 19.7162
      vertex -4.25 21.25 19.7162
      vertex -3.3 22.2 18.6
    endloop
  endfacet
  facet normal 0.761595 0 0.648053
    outer loop
      vertex -4.49149 38.4915 20
      vertex -4.25 21.25 19.7162
      vertex -4.25 29.75 19.7162
    endloop
  endfacet
  facet normal 0.761525 0 0.648135
    outer loop
      vertex -4.25 21.25 19.7162
      vertex -3.3 13.7 18.6
      vertex -3.3 20.3 18.6
    endloop
  endfacet
  facet normal 0.761525 0 0.648135
    outer loop
      vertex -4.25 21.25 19.7162
      vertex -4.25 12.75 19.7162
      vertex -3.3 13.7 18.6
    endloop
  endfacet
  facet normal 0.761595 0 0.648053
    outer loop
      vertex -4.49149 38.4915 20
      vertex -4.25 12.75 19.7162
      vertex -4.25 21.25 19.7162
    endloop
  endfacet
  facet normal 0.761525 0 0.648135
    outer loop
      vertex -4.25 12.75 19.7162
      vertex -3.3 5.2 18.6
      vertex -3.3 11.8 18.6
    endloop
  endfacet
  facet normal 0.761525 0 0.648135
    outer loop
      vertex -4.25 12.75 19.7162
      vertex -4.25 4.25 19.7162
      vertex -3.3 5.2 18.6
    endloop
  endfacet
  facet normal 0.761595 -0 0.648053
    outer loop
      vertex -4.49149 -4.49149 20
      vertex -4.25 12.75 19.7162
      vertex -4.49149 38.4915 20
    endloop
  endfacet
  facet normal 0.761525 0 0.648135
    outer loop
      vertex -4.25 4.25 19.7162
      vertex -3.3 -3.3 18.6
      vertex -3.3 3.3 18.6
    endloop
  endfacet
  facet normal 0.761538 3.76688e-06 0.648121
    outer loop
      vertex -4.25 4.25 19.7162
      vertex -4.49149 -4.49149 20
      vertex -3.3 -3.3 18.6
    endloop
  endfacet
  facet normal 0.761595 0 0.648053
    outer loop
      vertex -4.25 12.75 19.7162
      vertex -4.49149 -4.49149 20
      vertex -4.25 4.25 19.7162
    endloop
  endfacet
  facet normal -0.761525 0 0.648135
    outer loop
      vertex 3.3 -3.3 18.6
      vertex 4.25 4.25 19.7162
      vertex 3.3 3.3 18.6
    endloop
  endfacet
  facet normal -0.761525 0 0.648135
    outer loop
      vertex 4.25 4.25 19.7162
      vertex 3.3 -3.3 18.6
      vertex 4.25 -4.25 19.7162
    endloop
  endfacet
  facet normal 0 -0.761525 0.648135
    outer loop
      vertex -3.3 3.3 18.6
      vertex 4.25 4.25 19.7162
      vertex -4.25 4.25 19.7162
    endloop
  endfacet
  facet normal 0 -0.761525 0.648135
    outer loop
      vertex 4.25 4.25 19.7162
      vertex -3.3 3.3 18.6
      vertex 3.3 3.3 18.6
    endloop
  endfacet
  facet normal 0 0.761525 0.648135
    outer loop
      vertex 11.8 -3.3 18.6
      vertex 4.25 -4.25 19.7162
      vertex 12.75 -4.25 19.7162
    endloop
  endfacet
  facet normal 0 0.761525 0.648135
    outer loop
      vertex 4.25 -4.25 19.7162
      vertex 11.8 -3.3 18.6
      vertex 5.2 -3.3 18.6
    endloop
  endfacet
  facet normal 0 0.761525 0.648135
    outer loop
      vertex 20.3 -3.3 18.6
      vertex 12.75 -4.25 19.7162
      vertex 21.25 -4.25 19.7162
    endloop
  endfacet
  facet normal 0 0.761525 0.648135
    outer loop
      vertex 12.75 -4.25 19.7162
      vertex 20.3 -3.3 18.6
      vertex 13.7 -3.3 18.6
    endloop
  endfacet
  facet normal 0 0.761525 0.648135
    outer loop
      vertex 28.8 -3.3 18.6
      vertex 21.25 -4.25 19.7162
      vertex 29.75 -4.25 19.7162
    endloop
  endfacet
  facet normal 0 0.761525 0.648135
    outer loop
      vertex 21.25 -4.25 19.7162
      vertex 28.8 -3.3 18.6
      vertex 22.2 -3.3 18.6
    endloop
  endfacet
  facet normal -0 0.761595 0.648053
    outer loop
      vertex 21.25 -4.25 19.7162
      vertex 38.4915 -4.49149 20
      vertex 29.75 -4.25 19.7162
    endloop
  endfacet
  facet normal -3.76687e-06 0.761538 0.648121
    outer loop
      vertex 37.3 -3.3 18.6
      vertex 29.75 -4.25 19.7162
      vertex 38.4915 -4.49149 20
    endloop
  endfacet
  facet normal 0 0.761525 0.648135
    outer loop
      vertex 29.75 -4.25 19.7162
      vertex 37.3 -3.3 18.6
      vertex 30.7 -3.3 18.6
    endloop
  endfacet
  facet normal 0 0.761595 0.648053
    outer loop
      vertex 38.4915 -4.49149 20
      vertex 21.25 -4.25 19.7162
      vertex -4.49149 -4.49149 20
    endloop
  endfacet
  facet normal -0 0.761595 0.648053
    outer loop
      vertex 12.75 -4.25 19.7162
      vertex -4.49149 -4.49149 20
      vertex 21.25 -4.25 19.7162
    endloop
  endfacet
  facet normal -0 0.761595 0.648053
    outer loop
      vertex 4.25 -4.25 19.7162
      vertex -4.49149 -4.49149 20
      vertex 12.75 -4.25 19.7162
    endloop
  endfacet
  facet normal -0 0.761525 0.648135
    outer loop
      vertex -3.3 -3.3 18.6
      vertex 4.25 -4.25 19.7162
      vertex 3.3 -3.3 18.6
    endloop
  endfacet
  facet normal 3.76688e-06 0.761538 0.648121
    outer loop
      vertex 4.25 -4.25 19.7162
      vertex -3.3 -3.3 18.6
      vertex -4.49149 -4.49149 20
    endloop
  endfacet
  facet normal -1 0 0
    outer loop
      vertex 11.8 -3.3 0
      vertex 11.8 3.3 18.6
      vertex 11.8 3.3 0
    endloop
  endfacet
  facet normal -1 -0 0
    outer loop
      vertex 11.8 3.3 18.6
      vertex 11.8 -3.3 0
      vertex 11.8 -3.3 18.6
    endloop
  endfacet
  facet normal 1 -0 0
    outer loop
      vertex 5.2 -3.3 18.6
      vertex 5.2 3.3 0
      vertex 5.2 3.3 18.6
    endloop
  endfacet
  facet normal 1 0 0
    outer loop
      vertex 5.2 3.3 0
      vertex 5.2 -3.3 18.6
      vertex 5.2 -3.3 0
    endloop
  endfacet
  facet normal 0 -1 0
    outer loop
      vertex 5.2 3.3 0
      vertex 11.8 3.3 18.6
      vertex 5.2 3.3 18.6
    endloop
  endfacet
  facet normal 0 -1 -0
    outer loop
      vertex 11.8 3.3 18.6
      vertex 5.2 3.3 0
      vertex 11.8 3.3 0
    endloop
  endfacet
  facet normal 0 1 -0
    outer loop
      vertex 11.8 -3.3 0
      vertex 5.2 -3.3 18.6
      vertex 11.8 -3.3 18.6
    endloop
  endfacet
  facet normal 0 1 0
    outer loop
      vertex 5.2 -3.3 18.6
      vertex 11.8 -3.3 0
      vertex 5.2 -3.3 0
    endloop
  endfacet
  facet normal 0.761525 0 0.648135
    outer loop
      vertex 4.25 4.25 19.7162
      vertex 5.2 -3.3 18.6
      vertex 5.2 3.3 18.6
    endloop
  endfacet
  facet normal 0.761525 0 0.648135
    outer loop
      vertex 5.2 -3.3 18.6
      vertex 4.25 4.25 19.7162
      vertex 4.25 -4.25 19.7162
    endloop
  endfacet
  facet normal -0.761525 0 0.648135
    outer loop
      vertex 11.8 -3.3 18.6
      vertex 12.75 4.25 19.7162
      vertex 11.8 3.3 18.6
    endloop
  endfacet
  facet normal -0.761525 0 0.648135
    outer loop
      vertex 12.75 4.25 19.7162
      vertex 11.8 -3.3 18.6
      vertex 12.75 -4.25 19.7162
    endloop
  endfacet
  facet normal 0 -0.761525 0.648135
    outer loop
      vertex 13.7 3.3 18.6
      vertex 21.25 4.25 19.7162
      vertex 12.75 4.25 19.7162
    endloop
  endfacet
  facet normal 0 -0.761525 0.648135
    outer loop
      vertex 21.25 4.25 19.7162
      vertex 13.7 3.3 18.6
      vertex 20.3 3.3 18.6
    endloop
  endfacet
  facet normal 0 -0.761525 0.648135
    outer loop
      vertex 5.2 3.3 18.6
      vertex 12.75 4.25 19.7162
      vertex 4.25 4.25 19.7162
    endloop
  endfacet
  facet normal 0 -0.761525 0.648135
    outer loop
      vertex 12.75 4.25 19.7162
      vertex 5.2 3.3 18.6
      vertex 11.8 3.3 18.6
    endloop
  endfacet
  facet normal -1 0 0
    outer loop
      vertex 20.3 -3.3 0
      vertex 20.3 3.3 18.6
      vertex 20.3 3.3 0
    endloop
  endfacet
  facet normal -1 -0 0
    outer loop
      vertex 20.3 3.3 18.6
      vertex 20.3 -3.3 0
      vertex 20.3 -3.3 18.6
    endloop
  endfacet
  facet normal 1 -0 0
    outer loop
      vertex 13.7 -3.3 18.6
      vertex 13.7 3.3 0
      vertex 13.7 3.3 18.6
    endloop
  endfacet
  facet normal 1 0 0
    outer loop
      vertex 13.7 3.3 0
      vertex 13.7 -3.3 18.6
      vertex 13.7 -3.3 0
    endloop
  endfacet
  facet normal 0 -1 0
    outer loop
      vertex 13.7 3.3 0
      vertex 20.3 3.3 18.6
      vertex 13.7 3.3 18.6
    endloop
  endfacet
  facet normal 0 -1 -0
    outer loop
      vertex 20.3 3.3 18.6
      vertex 13.7 3.3 0
      vertex 20.3 3.3 0
    endloop
  endfacet
  facet normal 0 1 -0
    outer loop
      vertex 20.3 -3.3 0
      vertex 13.7 -3.3 18.6
      vertex 20.3 -3.3 18.6
    endloop
  endfacet
  facet normal 0 1 0
    outer loop
      vertex 13.7 -3.3 18.6
      vertex 20.3 -3.3 0
      vertex 13.7 -3.3 0
    endloop
  endfacet
  facet normal 0.761525 0 0.648135
    outer loop
      vertex 12.75 4.25 19.7162
      vertex 13.7 -3.3 18.6
      vertex 13.7 3.3 18.6
    endloop
  endfacet
  facet normal 0.761525 0 0.648135
    outer loop
      vertex 13.7 -3.3 18.6
      vertex 12.75 4.25 19.7162
      vertex 12.75 -4.25 19.7162
    endloop
  endfacet
  facet normal -0.761525 0 0.648135
    outer loop
      vertex 20.3 -3.3 18.6
      vertex 21.25 4.25 19.7162
      vertex 20.3 3.3 18.6
    endloop
  endfacet
  facet normal -0.761525 0 0.648135
    outer loop
      vertex 21.25 4.25 19.7162
      vertex 20.3 -3.3 18.6
      vertex 21.25 -4.25 19.7162
    endloop
  endfacet
  facet normal -1 0 0
    outer loop
      vertex 28.8 -3.3 0
      vertex 28.8 3.3 18.6
      vertex 28.8 3.3 0
    endloop
  endfacet
  facet normal -1 -0 0
    outer loop
      vertex 28.8 3.3 18.6
      vertex 28.8 -3.3 0
      vertex 28.8 -3.3 18.6
    endloop
  endfacet
  facet normal 1 -0 0
    outer loop
      vertex 22.2 -3.3 18.6
      vertex 22.2 3.3 0
      vertex 22.2 3.3 18.6
    endloop
  endfacet
  facet normal 1 0 0
    outer loop
      vertex 22.2 3.3 0
      vertex 22.2 -3.3 18.6
      vertex 22.2 -3.3 0
    endloop
  endfacet
  facet normal 0 -1 0
    outer loop
      vertex 22.2 3.3 0
      vertex 28.8 3.3 18.6
      vertex 22.2 3.3 18.6
    endloop
  endfacet
  facet normal 0 -1 -0
    outer loop
      vertex 28.8 3.3 18.6
      vertex 22.2 3.3 0
      vertex 28.8 3.3 0
    endloop
  endfacet
  facet normal 0 1 -0
    outer loop
      vertex 28.8 -3.3 0
      vertex 22.2 -3.3 18.6
      vertex 28.8 -3.3 18.6
    endloop
  endfacet
  facet normal 0 1 0
    outer loop
      vertex 22.2 -3.3 18.6
      vertex 28.8 -3.3 0
      vertex 22.2 -3.3 0
    endloop
  endfacet
  facet normal 0.761525 0 0.648135
    outer loop
      vertex 21.25 12.75 19.7162
      vertex 22.2 5.2 18.6
      vertex 22.2 11.8 18.6
    endloop
  endfacet
  facet normal 0.761525 0 0.648135
    outer loop
      vertex 22.2 5.2 18.6
      vertex 21.25 12.75 19.7162
      vertex 21.25 4.25 19.7162
    endloop
  endfacet
  facet normal 0.761525 0 0.648135
    outer loop
      vertex 21.25 4.25 19.7162
      vertex 22.2 -3.3 18.6
      vertex 22.2 3.3 18.6
    endloop
  endfacet
  facet normal 0.761525 0 0.648135
    outer loop
      vertex 22.2 -3.3 18.6
      vertex 21.25 4.25 19.7162
      vertex 21.25 -4.25 19.7162
    endloop
  endfacet
  facet normal -0.761525 0 0.648135
    outer loop
      vertex 28.8 5.2 18.6
      vertex 29.75 12.75 19.7162
      vertex 28.8 11.8 18.6
    endloop
  endfacet
  facet normal -0.761525 0 0.648135
    outer loop
      vertex 29.75 12.75 19.7162
      vertex 28.8 5.2 18.6
      vertex 29.75 4.25 19.7162
    endloop
  endfacet
  facet normal -0.761525 0 0.648135
    outer loop
      vertex 28.8 -3.3 18.6
      vertex 29.75 4.25 19.7162
      vertex 28.8 3.3 18.6
    endloop
  endfacet
  facet normal -0.761525 0 0.648135
    outer loop
      vertex 29.75 4.25 19.7162
      vertex 28.8 -3.3 18.6
      vertex 29.75 -4.25 19.7162
    endloop
  endfacet
  facet normal 0 -0.761525 0.648135
    outer loop
      vertex 22.2 3.3 18.6
      vertex 29.75 4.25 19.7162
      vertex 21.25 4.25 19.7162
    endloop
  endfacet
  facet normal 0 -0.761525 0.648135
    outer loop
      vertex 29.75 4.25 19.7162
      vertex 22.2 3.3 18.6
      vertex 28.8 3.3 18.6
    endloop
  endfacet
  facet normal -1 0 0
    outer loop
      vertex 37.3 -3.3 0
      vertex 37.3 3.3 18.6
      vertex 37.3 3.3 0
    endloop
  endfacet
  facet normal -1 -0 0
    outer loop
      vertex 37.3 3.3 18.6
      vertex 37.3 -3.3 0
      vertex 37.3 -3.3 18.6
    endloop
  endfacet
  facet normal 1 -0 0
    outer loop
      vertex 30.7 -3.3 18.6
      vertex 30.7 3.3 0
      vertex 30.7 3.3 18.6
    endloop
  endfacet
  facet normal 1 0 0
    outer loop
      vertex 30.7 3.3 0
      vertex 30.7 -3.3 18.6
      vertex 30.7 -3.3 0
    endloop
  endfacet
  facet normal 0 -1 0
    outer loop
      vertex 30.7 3.3 0
      vertex 37.3 3.3 18.6
      vertex 30.7 3.3 18.6
    endloop
  endfacet
  facet normal 0 -1 -0
    outer loop
      vertex 37.3 3.3 18.6
      vertex 30.7 3.3 0
      vertex 37.3 3.3 0
    endloop
  endfacet
  facet normal 0 1 -0
    outer loop
      vertex 37.3 -3.3 0
      vertex 30.7 -3.3 18.6
      vertex 37.3 -3.3 18.6
    endloop
  endfacet
  facet normal 0 1 0
    outer loop
      vertex 30.7 -3.3 18.6
      vertex 37.3 -3.3 0
      vertex 30.7 -3.3 0
    endloop
  endfacet
  facet normal 0.761525 0 0.648135
    outer loop
      vertex 29.75 4.25 19.7162
      vertex 30.7 -3.3 18.6
      vertex 30.7 3.3 18.6
    endloop
  endfacet
  facet normal 0.761525 0 0.648135
    outer loop
      vertex 30.7 -3.3 18.6
      vertex 29.75 4.25 19.7162
      vertex 29.75 -4.25 19.7162
    endloop
  endfacet
  facet normal -0.761525 0 0.648135
    outer loop
      vertex 38.25 29.75 19.7162
      vertex 37.3 37.3 18.6
      vertex 37.3 30.7 18.6
    endloop
  endfacet
  facet normal -0.761535 -3.05255e-06 0.648123
    outer loop
      vertex 37.3 37.3 18.6
      vertex 38.25 29.75 19.7162
      vertex 38.4915 38.4915 20
    endloop
  endfacet
  facet normal -0.761525 0 0.648135
    outer loop
      vertex 37.3 22.2 18.6
      vertex 38.25 29.75 19.7162
      vertex 37.3 28.8 18.6
    endloop
  endfacet
  facet normal -0.761525 0 0.648135
    outer loop
      vertex 38.25 21.25 19.7162
      vertex 38.25 29.75 19.7162
      vertex 37.3 22.2 18.6
    endloop
  endfacet
  facet normal -0.761582 0 0.648069
    outer loop
      vertex 38.25 21.25 19.7162
      vertex 38.4915 38.4915 20
      vertex 38.25 29.75 19.7162
    endloop
  endfacet
  facet normal -0.761525 0 0.648135
    outer loop
      vertex 37.3 13.7 18.6
      vertex 38.25 21.25 19.7162
      vertex 37.3 20.3 18.6
    endloop
  endfacet
  facet normal -0.761525 0 0.648135
    outer loop
      vertex 38.25 12.75 19.7162
      vertex 38.25 21.25 19.7162
      vertex 37.3 13.7 18.6
    endloop
  endfacet
  facet normal -0.761582 0 0.648069
    outer loop
      vertex 38.25 12.75 19.7162
      vertex 38.4915 38.4915 20
      vertex 38.25 21.25 19.7162
    endloop
  endfacet
  facet normal -0.761525 0 0.648135
    outer loop
      vertex 37.3 5.2 18.6
      vertex 38.25 12.75 19.7162
      vertex 37.3 11.8 18.6
    endloop
  endfacet
  facet normal -0.761525 0 0.648135
    outer loop
      vertex 38.25 4.25 19.7162
      vertex 38.25 12.75 19.7162
      vertex 37.3 5.2 18.6
    endloop
  endfacet
  facet normal -0.761582 0 0.648069
    outer loop
      vertex 38.4915 -4.49149 20
      vertex 38.25 12.75 19.7162
      vertex 38.25 4.25 19.7162
    endloop
  endfacet
  facet normal -0.761525 0 0.648135
    outer loop
      vertex 37.3 -3.3 18.6
      vertex 38.25 4.25 19.7162
      vertex 37.3 3.3 18.6
    endloop
  endfacet
  facet normal -0.761582 0 0.648069
    outer loop
      vertex 38.25 12.75 19.7162
      vertex 38.4915 -4.49149 20
      vertex 38.4915 38.4915 20
    endloop
  endfacet
  facet normal -0.761535 3.05256e-06 0.648123
    outer loop
      vertex 38.4915 -4.49149 20
      vertex 38.25 4.25 19.7162
      vertex 37.3 -3.3 18.6
    endloop
  endfacet
  facet normal 0 -0.761525 0.648135
    outer loop
      vertex 30.7 3.3 18.6
      vertex 38.25 4.25 19.7162
      vertex 29.75 4.25 19.7162
    endloop
  endfacet
  facet normal 0 -0.761525 0.648135
    outer loop
      vertex 38.25 4.25 19.7162
      vertex 30.7 3.3 18.6
      vertex 37.3 3.3 18.6
    endloop
  endfacet
  facet normal -1 0 0
    outer loop
      vertex 3.3 5.2 0
      vertex 3.3 11.8 18.6
      vertex 3.3 11.8 0
    endloop
  endfacet
  facet normal -1 -0 0
    outer loop
      vertex 3.3 11.8 18.6
      vertex 3.3 5.2 0
      vertex 3.3 5.2 18.6
    endloop
  endfacet
  facet normal 1 -0 0
    outer loop
      vertex -3.3 5.2 18.6
      vertex -3.3 11.8 0
      vertex -3.3 11.8 18.6
    endloop
  endfacet
  facet normal 1 0 0
    outer loop
      vertex -3.3 11.8 0
      vertex -3.3 5.2 18.6
      vertex -3.3 5.2 0
    endloop
  endfacet
  facet normal 0 -1 0
    outer loop
      vertex -3.3 11.8 0
      vertex 3.3 11.8 18.6
      vertex -3.3 11.8 18.6
    endloop
  endfacet
  facet normal 0 -1 -0
    outer loop
      vertex 3.3 11.8 18.6
      vertex -3.3 11.8 0
      vertex 3.3 11.8 0
    endloop
  endfacet
  facet normal 0 1 -0
    outer loop
      vertex 3.3 5.2 0
      vertex -3.3 5.2 18.6
      vertex 3.3 5.2 18.6
    endloop
  endfacet
  facet normal 0 1 0
    outer loop
      vertex -3.3 5.2 18.6
      vertex 3.3 5.2 0
      vertex -3.3 5.2 0
    endloop
  endfacet
  facet normal -0.761525 0 0.648135
    outer loop
      vertex 3.3 13.7 18.6
      vertex 4.25 21.25 19.7162
      vertex 3.3 20.3 18.6
    endloop
  endfacet
  facet normal -0.761525 0 0.648135
    outer loop
      vertex 4.25 21.25 19.7162
      vertex 3.3 13.7 18.6
      vertex 4.25 12.75 19.7162
    endloop
  endfacet
  facet normal -0.761525 0 0.648135
    outer loop
      vertex 3.3 5.2 18.6
      vertex 4.25 12.75 19.7162
      vertex 3.3 11.8 18.6
    endloop
  endfacet
  facet normal -0.761525 0 0.648135
    outer loop
      vertex 4.25 12.75 19.7162
      vertex 3.3 5.2 18.6
      vertex 4.25 4.25 19.7162
    endloop
  endfacet
  facet normal 0 -0.761525 0.648135
    outer loop
      vertex -3.3 11.8 18.6
      vertex 4.25 12.75 19.7162
      vertex -4.25 12.75 19.7162
    endloop
  endfacet
  facet normal 0 -0.761525 0.648135
    outer loop
      vertex 4.25 12.75 19.7162
      vertex -3.3 11.8 18.6
      vertex 3.3 11.8 18.6
    endloop
  endfacet
  facet normal 0 0.761525 0.648135
    outer loop
      vertex 3.3 5.2 18.6
      vertex -4.25 4.25 19.7162
      vertex 4.25 4.25 19.7162
    endloop
  endfacet
  facet normal 0 0.761525 0.648135
    outer loop
      vertex -4.25 4.25 19.7162
      vertex 3.3 5.2 18.6
      vertex -3.3 5.2 18.6
    endloop
  endfacet
  facet normal -1 0 0
    outer loop
      vertex 11.8 5.2 0
      vertex 11.8 11.8 18.6
      vertex 11.8 11.8 0
    endloop
  endfacet
  facet normal -1 -0 0
    outer loop
      vertex 11.8 11.8 18.6
      vertex 11.8 5.2 0
      vertex 11.8 5.2 18.6
    endloop
  endfacet
  facet normal 1 -0 0
    outer loop
      vertex 5.2 5.2 18.6
      vertex 5.2 11.8 0
      vertex 5.2 11.8 18.6
    endloop
  endfacet
  facet normal 1 0 0
    outer loop
      vertex 5.2 11.8 0
      vertex 5.2 5.2 18.6
      vertex 5.2 5.2 0
    endloop
  endfacet
  facet normal 0 -1 0
    outer loop
      vertex 5.2 11.8 0
      vertex 11.8 11.8 18.6
      vertex 5.2 11.8 18.6
    endloop
  endfacet
  facet normal 0 -1 -0
    outer loop
      vertex 11.8 11.8 18.6
      vertex 5.2 11.8 0
      vertex 11.8 11.8 0
    endloop
  endfacet
  facet normal 0 1 -0
    outer loop
      vertex 11.8 5.2 0
      vertex 5.2 5.2 18.6
      vertex 11.8 5.2 18.6
    endloop
  endfacet
  facet normal 0 1 0
    outer loop
      vertex 5.2 5.2 18.6
      vertex 11.8 5.2 0
      vertex 5.2 5.2 0
    endloop
  endfacet
  facet normal 0.761525 0 0.648135
    outer loop
      vertex 4.25 12.75 19.7162
      vertex 5.2 5.2 18.6
      vertex 5.2 11.8 18.6
    endloop
  endfacet
  facet normal 0.761525 0 0.648135
    outer loop
      vertex 5.2 5.2 18.6
      vertex 4.25 12.75 19.7162
      vertex 4.25 4.25 19.7162
    endloop
  endfacet
  facet normal -0.761525 0 0.648135
    outer loop
      vertex 11.8 5.2 18.6
      vertex 12.75 12.75 19.7162
      vertex 11.8 11.8 18.6
    endloop
  endfacet
  facet normal -0.761525 0 0.648135
    outer loop
      vertex 12.75 12.75 19.7162
      vertex 11.8 5.2 18.6
      vertex 12.75 4.25 19.7162
    endloop
  endfacet
  facet normal 0 -0.761525 0.648135
    outer loop
      vertex 5.2 11.8 18.6
      vertex 12.75 12.75 19.7162
      vertex 4.25 12.75 19.7162
    endloop
  endfacet
  facet normal 0 -0.761525 0.648135
    outer loop
      vertex 12.75 12.75 19.7162
      vertex 5.2 11.8 18.6
      vertex 11.8 11.8 18.6
    endloop
  endfacet
  facet normal 0 0.761525 0.648135
    outer loop
      vertex 20.3 5.2 18.6
      vertex 12.75 4.25 19.7162
      vertex 21.25 4.25 19.7162
    endloop
  endfacet
  facet normal 0 0.761525 0.648135
    outer loop
      vertex 12.75 4.25 19.7162
      vertex 20.3 5.2 18.6
      vertex 13.7 5.2 18.6
    endloop
  endfacet
  facet normal 0 0.761525 0.648135
    outer loop
      vertex 11.8 5.2 18.6
      vertex 4.25 4.25 19.7162
      vertex 12.75 4.25 19.7162
    endloop
  endfacet
  facet normal 0 0.761525 0.648135
    outer loop
      vertex 4.25 4.25 19.7162
      vertex 11.8 5.2 18.6
      vertex 5.2 5.2 18.6
    endloop
  endfacet
  facet normal -1 0 0
    outer loop
      vertex 20.3 5.2 0
      vertex 20.3 11.8 18.6
      vertex 20.3 11.8 0
    endloop
  endfacet
  facet normal -1 -0 0
    outer loop
      vertex 20.3 11.8 18.6
      vertex 20.3 5.2 0
      vertex 20.3 5.2 18.6
    endloop
  endfacet
  facet normal 1 -0 0
    outer loop
      vertex 13.7 5.2 18.6
      vertex 13.7 11.8 0
      vertex 13.7 11.8 18.6
    endloop
  endfacet
  facet normal 1 0 0
    outer loop
      vertex 13.7 11.8 0
      vertex 13.7 5.2 18.6
      vertex 13.7 5.2 0
    endloop
  endfacet
  facet normal 0 -1 0
    outer loop
      vertex 13.7 11.8 0
      vertex 20.3 11.8 18.6
      vertex 13.7 11.8 18.6
    endloop
  endfacet
  facet normal 0 -1 -0
    outer loop
      vertex 20.3 11.8 18.6
      vertex 13.7 11.8 0
      vertex 20.3 11.8 0
    endloop
  endfacet
  facet normal 0 1 -0
    outer loop
      vertex 20.3 5.2 0
      vertex 13.7 5.2 18.6
      vertex 20.3 5.2 18.6
    endloop
  endfacet
  facet normal 0 1 0
    outer loop
      vertex 13.7 5.2 18.6
      vertex 20.3 5.2 0
      vertex 13.7 5.2 0
    endloop
  endfacet
  facet normal 0.761525 0 0.648135
    outer loop
      vertex 12.75 12.75 19.7162
      vertex 13.7 5.2 18.6
      vertex 13.7 11.8 18.6
    endloop
  endfacet
  facet normal 0.761525 0 0.648135
    outer loop
      vertex 13.7 5.2 18.6
      vertex 12.75 12.75 19.7162
      vertex 12.75 4.25 19.7162
    endloop
  endfacet
  facet normal -0.761525 0 0.648135
    outer loop
      vertex 20.3 5.2 18.6
      vertex 21.25 12.75 19.7162
      vertex 20.3 11.8 18.6
    endloop
  endfacet
  facet normal -0.761525 0 0.648135
    outer loop
      vertex 21.25 12.75 19.7162
      vertex 20.3 5.2 18.6
      vertex 21.25 4.25 19.7162
    endloop
  endfacet
  facet normal 0 -0.761525 0.648135
    outer loop
      vertex 13.7 11.8 18.6
      vertex 21.25 12.75 19.7162
      vertex 12.75 12.75 19.7162
    endloop
  endfacet
  facet normal 0 -0.761525 0.648135
    outer loop
      vertex 21.25 12.75 19.7162
      vertex 13.7 11.8 18.6
      vertex 20.3 11.8 18.6
    endloop
  endfacet
  facet normal -1 0 0
    outer loop
      vertex 28.8 5.2 0
      vertex 28.8 11.8 18.6
      vertex 28.8 11.8 0
    endloop
  endfacet
  facet normal -1 -0 0
    outer loop
      vertex 28.8 11.8 18.6
      vertex 28.8 5.2 0
      vertex 28.8 5.2 18.6
    endloop
  endfacet
  facet normal 1 -0 0
    outer loop
      vertex 22.2 5.2 18.6
      vertex 22.2 11.8 0
      vertex 22.2 11.8 18.6
    endloop
  endfacet
  facet normal 1 0 0
    outer loop
      vertex 22.2 11.8 0
      vertex 22.2 5.2 18.6
      vertex 22.2 5.2 0
    endloop
  endfacet
  facet normal 0 -1 0
    outer loop
      vertex 22.2 11.8 0
      vertex 28.8 11.8 18.6
      vertex 22.2 11.8 18.6
    endloop
  endfacet
  facet normal 0 -1 -0
    outer loop
      vertex 28.8 11.8 18.6
      vertex 22.2 11.8 0
      vertex 28.8 11.8 0
    endloop
  endfacet
  facet normal 0 1 -0
    outer loop
      vertex 28.8 5.2 0
      vertex 22.2 5.2 18.6
      vertex 28.8 5.2 18.6
    endloop
  endfacet
  facet normal 0 1 0
    outer loop
      vertex 22.2 5.2 18.6
      vertex 28.8 5.2 0
      vertex 22.2 5.2 0
    endloop
  endfacet
  facet normal 0 -0.761525 0.648135
    outer loop
      vertex 30.7 11.8 18.6
      vertex 38.25 12.75 19.7162
      vertex 29.75 12.75 19.7162
    endloop
  endfacet
  facet normal 0 -0.761525 0.648135
    outer loop
      vertex 38.25 12.75 19.7162
      vertex 30.7 11.8 18.6
      vertex 37.3 11.8 18.6
    endloop
  endfacet
  facet normal 0 -0.761525 0.648135
    outer loop
      vertex 22.2 11.8 18.6
      vertex 29.75 12.75 19.7162
      vertex 21.25 12.75 19.7162
    endloop
  endfacet
  facet normal 0 -0.761525 0.648135
    outer loop
      vertex 29.75 12.75 19.7162
      vertex 22.2 11.8 18.6
      vertex 28.8 11.8 18.6
    endloop
  endfacet
  facet normal 0 0.761525 0.648135
    outer loop
      vertex 28.8 5.2 18.6
      vertex 21.25 4.25 19.7162
      vertex 29.75 4.25 19.7162
    endloop
  endfacet
  facet normal 0 0.761525 0.648135
    outer loop
      vertex 21.25 4.25 19.7162
      vertex 28.8 5.2 18.6
      vertex 22.2 5.2 18.6
    endloop
  endfacet
  facet normal -1 0 0
    outer loop
      vertex 37.3 5.2 0
      vertex 37.3 11.8 18.6
      vertex 37.3 11.8 0
    endloop
  endfacet
  facet normal -1 -0 0
    outer loop
      vertex 37.3 11.8 18.6
      vertex 37.3 5.2 0
      vertex 37.3 5.2 18.6
    endloop
  endfacet
  facet normal 1 -0 0
    outer loop
      vertex 30.7 5.2 18.6
      vertex 30.7 11.8 0
      vertex 30.7 11.8 18.6
    endloop
  endfacet
  facet normal 1 0 0
    outer loop
      vertex 30.7 11.8 0
      vertex 30.7 5.2 18.6
      vertex 30.7 5.2 0
    endloop
  endfacet
  facet normal 0 -1 0
    outer loop
      vertex 30.7 11.8 0
      vertex 37.3 11.8 18.6
      vertex 30.7 11.8 18.6
    endloop
  endfacet
  facet normal 0 -1 -0
    outer loop
      vertex 37.3 11.8 18.6
      vertex 30.7 11.8 0
      vertex 37.3 11.8 0
    endloop
  endfacet
  facet normal 0 1 -0
    outer loop
      vertex 37.3 5.2 0
      vertex 30.7 5.2 18.6
      vertex 37.3 5.2 18.6
    endloop
  endfacet
  facet normal 0 1 0
    outer loop
      vertex 30.7 5.2 18.6
      vertex 37.3 5.2 0
      vertex 30.7 5.2 0
    endloop
  endfacet
  facet normal 0.761525 0 0.648135
    outer loop
      vertex 29.75 12.75 19.7162
      vertex 30.7 5.2 18.6
      vertex 30.7 11.8 18.6
    endloop
  endfacet
  facet normal 0.761525 0 0.648135
    outer loop
      vertex 30.7 5.2 18.6
      vertex 29.75 12.75 19.7162
      vertex 29.75 4.25 19.7162
    endloop
  endfacet
  facet normal 0 0.761525 0.648135
    outer loop
      vertex 37.3 5.2 18.6
      vertex 29.75 4.25 19.7162
      vertex 38.25 4.25 19.7162
    endloop
  endfacet
  facet normal 0 0.761525 0.648135
    outer loop
      vertex 29.75 4.25 19.7162
      vertex 37.3 5.2 18.6
      vertex 30.7 5.2 18.6
    endloop
  endfacet
  facet normal -1 0 0
    outer loop
      vertex 3.3 13.7 0
      vertex 3.3 20.3 18.6
      vertex 3.3 20.3 0
    endloop
  endfacet
  facet normal -1 -0 0
    outer loop
      vertex 3.3 20.3 18.6
      vertex 3.3 13.7 0
      vertex 3.3 13.7 18.6
    endloop
  endfacet
  facet normal 1 -0 0
    outer loop
      vertex -3.3 13.7 18.6
      vertex -3.3 20.3 0
      vertex -3.3 20.3 18.6
    endloop
  endfacet
  facet normal 1 0 0
    outer loop
      vertex -3.3 20.3 0
      vertex -3.3 13.7 18.6
      vertex -3.3 13.7 0
    endloop
  endfacet
  facet normal 0 -1 0
    outer loop
      vertex -3.3 20.3 0
      vertex 3.3 20.3 18.6
      vertex -3.3 20.3 18.6
    endloop
  endfacet
  facet normal 0 -1 -0
    outer loop
      vertex 3.3 20.3 18.6
      vertex -3.3 20.3 0
      vertex 3.3 20.3 0
    endloop
  endfacet
  facet normal 0 1 -0
    outer loop
      vertex 3.3 13.7 0
      vertex -3.3 13.7 18.6
      vertex 3.3 13.7 18.6
    endloop
  endfacet
  facet normal 0 1 0
    outer loop
      vertex -3.3 13.7 18.6
      vertex 3.3 13.7 0
      vertex -3.3 13.7 0
    endloop
  endfacet
  facet normal 0 -0.761525 0.648135
    outer loop
      vertex -3.3 20.3 18.6
      vertex 4.25 21.25 19.7162
      vertex -4.25 21.25 19.7162
    endloop
  endfacet
  facet normal 0 -0.761525 0.648135
    outer loop
      vertex 4.25 21.25 19.7162
      vertex -3.3 20.3 18.6
      vertex 3.3 20.3 18.6
    endloop
  endfacet
  facet normal 0 0.761525 0.648135
    outer loop
      vertex 3.3 13.7 18.6
      vertex -4.25 12.75 19.7162
      vertex 4.25 12.75 19.7162
    endloop
  endfacet
  facet normal 0 0.761525 0.648135
    outer loop
      vertex -4.25 12.75 19.7162
      vertex 3.3 13.7 18.6
      vertex -3.3 13.7 18.6
    endloop
  endfacet
  facet normal -1 0 0
    outer loop
      vertex 11.8 13.7 0
      vertex 11.8 20.3 18.6
      vertex 11.8 20.3 0
    endloop
  endfacet
  facet normal -1 -0 0
    outer loop
      vertex 11.8 20.3 18.6
      vertex 11.8 13.7 0
      vertex 11.8 13.7 18.6
    endloop
  endfacet
  facet normal 1 -0 0
    outer loop
      vertex 5.2 13.7 18.6
      vertex 5.2 20.3 0
      vertex 5.2 20.3 18.6
    endloop
  endfacet
  facet normal 1 0 0
    outer loop
      vertex 5.2 20.3 0
      vertex 5.2 13.7 18.6
      vertex 5.2 13.7 0
    endloop
  endfacet
  facet normal 0 -1 0
    outer loop
      vertex 5.2 20.3 0
      vertex 11.8 20.3 18.6
      vertex 5.2 20.3 18.6
    endloop
  endfacet
  facet normal 0 -1 -0
    outer loop
      vertex 11.8 20.3 18.6
      vertex 5.2 20.3 0
      vertex 11.8 20.3 0
    endloop
  endfacet
  facet normal 0 1 -0
    outer loop
      vertex 11.8 13.7 0
      vertex 5.2 13.7 18.6
      vertex 11.8 13.7 18.6
    endloop
  endfacet
  facet normal 0 1 0
    outer loop
      vertex 5.2 13.7 18.6
      vertex 11.8 13.7 0
      vertex 5.2 13.7 0
    endloop
  endfacet
  facet normal 0.761525 0 0.648135
    outer loop
      vertex 4.25 21.25 19.7162
      vertex 5.2 13.7 18.6
      vertex 5.2 20.3 18.6
    endloop
  endfacet
  facet normal 0.761525 0 0.648135
    outer loop
      vertex 5.2 13.7 18.6
      vertex 4.25 21.25 19.7162
      vertex 4.25 12.75 19.7162
    endloop
  endfacet
  facet normal -0.761525 0 0.648135
    outer loop
      vertex 11.8 13.7 18.6
      vertex 12.75 21.25 19.7162
      vertex 11.8 20.3 18.6
    endloop
  endfacet
  facet normal -0.761525 0 0.648135
    outer loop
      vertex 12.75 21.25 19.7162
      vertex 11.8 13.7 18.6
      vertex 12.75 12.75 19.7162
    endloop
  endfacet
  facet normal 0 -0.761525 0.648135
    outer loop
      vertex 5.2 20.3 18.6
      vertex 12.75 21.25 19.7162
      vertex 4.25 21.25 19.7162
    endloop
  endfacet
  facet normal 0 -0.761525 0.648135
    outer loop
      vertex 12.75 21.25 19.7162
      vertex 5.2 20.3 18.6
      vertex 11.8 20.3 18.6
    endloop
  endfacet
  facet normal 0 0.761525 0.648135
    outer loop
      vertex 11.8 13.7 18.6
      vertex 4.25 12.75 19.7162
      vertex 12.75 12.75 19.7162
    endloop
  endfacet
  facet normal 0 0.761525 0.648135
    outer loop
      vertex 4.25 12.75 19.7162
      vertex 11.8 13.7 18.6
      vertex 5.2 13.7 18.6
    endloop
  endfacet
  facet normal -1 0 0
    outer loop
      vertex 20.3 13.7 0
      vertex 20.3 20.3 18.6
      vertex 20.3 20.3 0
    endloop
  endfacet
  facet normal -1 -0 0
    outer loop
      vertex 20.3 20.3 18.6
      vertex 20.3 13.7 0
      vertex 20.3 13.7 18.6
    endloop
  endfacet
  facet normal 1 -0 0
    outer loop
      vertex 13.7 13.7 18.6
      vertex 13.7 20.3 0
      vertex 13.7 20.3 18.6
    endloop
  endfacet
  facet normal 1 0 0
    outer loop
      vertex 13.7 20.3 0
      vertex 13.7 13.7 18.6
      vertex 13.7 13.7 0
    endloop
  endfacet
  facet normal 0 -1 0
    outer loop
      vertex 13.7 20.3 0
      vertex 20.3 20.3 18.6
      vertex 13.7 20.3 18.6
    endloop
  endfacet
  facet normal 0 -1 -0
    outer loop
      vertex 20.3 20.3 18.6
      vertex 13.7 20.3 0
      vertex 20.3 20.3 0
    endloop
  endfacet
  facet normal 0 1 -0
    outer loop
      vertex 20.3 13.7 0
      vertex 13.7 13.7 18.6
      vertex 20.3 13.7 18.6
    endloop
  endfacet
  facet normal 0 1 0
    outer loop
      vertex 13.7 13.7 18.6
      vertex 20.3 13.7 0
      vertex 13.7 13.7 0
    endloop
  endfacet
  facet normal 0.761525 0 0.648135
    outer loop
      vertex 12.75 21.25 19.7162
      vertex 13.7 13.7 18.6
      vertex 13.7 20.3 18.6
    endloop
  endfacet
  facet normal 0.761525 0 0.648135
    outer loop
      vertex 13.7 13.7 18.6
      vertex 12.75 21.25 19.7162
      vertex 12.75 12.75 19.7162
    endloop
  endfacet
  facet normal -0.761525 0 0.648135
    outer loop
      vertex 20.3 13.7 18.6
      vertex 21.25 21.25 19.7162
      vertex 20.3 20.3 18.6
    endloop
  endfacet
  facet normal -0.761525 0 0.648135
    outer loop
      vertex 21.25 21.25 19.7162
      vertex 20.3 13.7 18.6
      vertex 21.25 12.75 19.7162
    endloop
  endfacet
  facet normal 0 -0.761525 0.648135
    outer loop
      vertex 13.7 20.3 18.6
      vertex 21.25 21.25 19.7162
      vertex 12.75 21.25 19.7162
    endloop
  endfacet
  facet normal 0 -0.761525 0.648135
    outer loop
      vertex 21.25 21.25 19.7162
      vertex 13.7 20.3 18.6
      vertex 20.3 20.3 18.6
    endloop
  endfacet
  facet normal 0 0.761525 0.648135
    outer loop
      vertex 20.3 13.7 18.6
      vertex 12.75 12.75 19.7162
      vertex 21.25 12.75 19.7162
    endloop
  endfacet
  facet normal 0 0.761525 0.648135
    outer loop
      vertex 12.75 12.75 19.7162
      vertex 20.3 13.7 18.6
      vertex 13.7 13.7 18.6
    endloop
  endfacet
  facet normal -1 0 0
    outer loop
      vertex 28.8 13.7 0
      vertex 28.8 20.3 18.6
      vertex 28.8 20.3 0
    endloop
  endfacet
  facet normal -1 -0 0
    outer loop
      vertex 28.8 20.3 18.6
      vertex 28.8 13.7 0
      vertex 28.8 13.7 18.6
    endloop
  endfacet
  facet normal 1 -0 0
    outer loop
      vertex 22.2 13.7 18.6
      vertex 22.2 20.3 0
      vertex 22.2 20.3 18.6
    endloop
  endfacet
  facet normal 1 0 0
    outer loop
      vertex 22.2 20.3 0
      vertex 22.2 13.7 18.6
      vertex 22.2 13.7 0
    endloop
  endfacet
  facet normal 0 -1 0
    outer loop
      vertex 22.2 20.3 0
      vertex 28.8 20.3 18.6
      vertex 22.2 20.3 18.6
    endloop
  endfacet
  facet normal 0 -1 -0
    outer loop
      vertex 28.8 20.3 18.6
      vertex 22.2 20.3 0
      vertex 28.8 20.3 0
    endloop
  endfacet
  facet normal 0 1 -0
    outer loop
      vertex 28.8 13.7 0
      vertex 22.2 13.7 18.6
      vertex 28.8 13.7 18.6
    endloop
  endfacet
  facet normal 0 1 0
    outer loop
      vertex 22.2 13.7 18.6
      vertex 28.8 13.7 0
      vertex 22.2 13.7 0
    endloop
  endfacet
  facet normal 0.761525 0 0.648135
    outer loop
      vertex 21.25 21.25 19.7162
      vertex 22.2 13.7 18.6
      vertex 22.2 20.3 18.6
    endloop
  endfacet
  facet normal 0.761525 0 0.648135
    outer loop
      vertex 22.2 13.7 18.6
      vertex 21.25 21.25 19.7162
      vertex 21.25 12.75 19.7162
    endloop
  endfacet
  facet normal -0.761525 0 0.648135
    outer loop
      vertex 28.8 13.7 18.6
      vertex 29.75 21.25 19.7162
      vertex 28.8 20.3 18.6
    endloop
  endfacet
  facet normal -0.761525 0 0.648135
    outer loop
      vertex 29.75 21.25 19.7162
      vertex 28.8 13.7 18.6
      vertex 29.75 12.75 19.7162
    endloop
  endfacet
  facet normal 0 -0.761525 0.648135
    outer loop
      vertex 22.2 20.3 18.6
      vertex 29.75 21.25 19.7162
      vertex 21.25 21.25 19.7162
    endloop
  endfacet
  facet normal 0 -0.761525 0.648135
    outer loop
      vertex 29.75 21.25 19.7162
      vertex 22.2 20.3 18.6
      vertex 28.8 20.3 18.6
    endloop
  endfacet
  facet normal 0 0.761525 0.648135
    outer loop
      vertex 37.3 13.7 18.6
      vertex 29.75 12.75 19.7162
      vertex 38.25 12.75 19.7162
    endloop
  endfacet
  facet normal 0 0.761525 0.648135
    outer loop
      vertex 29.75 12.75 19.7162
      vertex 37.3 13.7 18.6
      vertex 30.7 13.7 18.6
    endloop
  endfacet
  facet normal 0 0.761525 0.648135
    outer loop
      vertex 28.8 13.7 18.6
      vertex 21.25 12.75 19.7162
      vertex 29.75 12.75 19.7162
    endloop
  endfacet
  facet normal 0 0.761525 0.648135
    outer loop
      vertex 21.25 12.75 19.7162
      vertex 28.8 13.7 18.6
      vertex 22.2 13.7 18.6
    endloop
  endfacet
  facet normal -1 0 0
    outer loop
      vertex 37.3 13.7 0
      vertex 37.3 20.3 18.6
      vertex 37.3 20.3 0
    endloop
  endfacet
  facet normal -1 -0 0
    outer loop
      vertex 37.3 20.3 18.6
      vertex 37.3 13.7 0
      vertex 37.3 13.7 18.6
    endloop
  endfacet
  facet normal 1 -0 0
    outer loop
      vertex 30.7 13.7 18.6
      vertex 30.7 20.3 0
      vertex 30.7 20.3 18.6
    endloop
  endfacet
  facet normal 1 0 0
    outer loop
      vertex 30.7 20.3 0
      vertex 30.7 13.7 18.6
      vertex 30.7 13.7 0
    endloop
  endfacet
  facet normal 0 -1 0
    outer loop
      vertex 30.7 20.3 0
      vertex 37.3 20.3 18.6
      vertex 30.7 20.3 18.6
    endloop
  endfacet
  facet normal 0 -1 -0
    outer loop
      vertex 37.3 20.3 18.6
      vertex 30.7 20.3 0
      vertex 37.3 20.3 0
    endloop
  endfacet
  facet normal 0 1 -0
    outer loop
      vertex 37.3 13.7 0
      vertex 30.7 13.7 18.6
      vertex 37.3 13.7 18.6
    endloop
  endfacet
  facet normal 0 1 0
    outer loop
      vertex 30.7 13.7 18.6
      vertex 37.3 13.7 0
      vertex 30.7 13.7 0
    endloop
  endfacet
  facet normal 0.761525 0 0.648135
    outer loop
      vertex 29.75 21.25 19.7162
      vertex 30.7 13.7 18.6
      vertex 30.7 20.3 18.6
    endloop
  endfacet
  facet normal 0.761525 0 0.648135
    outer loop
      vertex 30.7 13.7 18.6
      vertex 29.75 21.25 19.7162
      vertex 29.75 12.75 19.7162
    endloop
  endfacet
  facet normal 0.761525 0 0.648135
    outer loop
      vertex 29.75 29.75 19.7162
      vertex 30.7 22.2 18.6
      vertex 30.7 28.8 18.6
    endloop
  endfacet
  facet normal 0.761525 0 0.648135
    outer loop
      vertex 30.7 22.2 18.6
      vertex 29.75 29.75 19.7162
      vertex 29.75 21.25 19.7162
    endloop
  endfacet
  facet normal 0.761525 0 0.648135
    outer loop
      vertex 29.75 38.25 19.7162
      vertex 30.7 30.7 18.6
      vertex 30.7 37.3 18.6
    endloop
  endfacet
  facet normal 0.761525 0 0.648135
    outer loop
      vertex 30.7 30.7 18.6
      vertex 29.75 38.25 19.7162
      vertex 29.75 29.75 19.7162
    endloop
  endfacet
  facet normal 0 -0.761525 0.648135
    outer loop
      vertex 30.7 20.3 18.6
      vertex 38.25 21.25 19.7162
      vertex 29.75 21.25 19.7162
    endloop
  endfacet
  facet normal 0 -0.761525 0.648135
    outer loop
      vertex 38.25 21.25 19.7162
      vertex 30.7 20.3 18.6
      vertex 37.3 20.3 18.6
    endloop
  endfacet
  facet normal -1 0 0
    outer loop
      vertex 3.3 22.2 0
      vertex 3.3 28.8 18.6
      vertex 3.3 28.8 0
    endloop
  endfacet
  facet normal -1 -0 0
    outer loop
      vertex 3.3 28.8 18.6
      vertex 3.3 22.2 0
      vertex 3.3 22.2 18.6
    endloop
  endfacet
  facet normal 1 -0 0
    outer loop
      vertex -3.3 22.2 18.6
      vertex -3.3 28.8 0
      vertex -3.3 28.8 18.6
    endloop
  endfacet
  facet normal 1 0 0
    outer loop
      vertex -3.3 28.8 0
      vertex -3.3 22.2 18.6
      vertex -3.3 22.2 0
    endloop
  endfacet
  facet normal 0 -1 0
    outer loop
      vertex -3.3 28.8 0
      vertex 3.3 28.8 18.6
      vertex -3.3 28.8 18.6
    endloop
  endfacet
  facet normal 0 -1 -0
    outer loop
      vertex 3.3 28.8 18.6
      vertex -3.3 28.8 0
      vertex 3.3 28.8 0
    endloop
  endfacet
  facet normal 0 1 -0
    outer loop
      vertex 3.3 22.2 0
      vertex -3.3 22.2 18.6
      vertex 3.3 22.2 18.6
    endloop
  endfacet
  facet normal 0 1 0
    outer loop
      vertex -3.3 22.2 18.6
      vertex 3.3 22.2 0
      vertex -3.3 22.2 0
    endloop
  endfacet
  facet normal -0.761525 0 0.648135
    outer loop
      vertex 3.3 22.2 18.6
      vertex 4.25 29.75 19.7162
      vertex 3.3 28.8 18.6
    endloop
  endfacet
  facet normal -0.761525 0 0.648135
    outer loop
      vertex 4.25 29.75 19.7162
      vertex 3.3 22.2 18.6
      vertex 4.25 21.25 19.7162
    endloop
  endfacet
  facet normal -0.761525 0 0.648135
    outer loop
      vertex 3.3 30.7 18.6
      vertex 4.25 38.25 19.7162
      vertex 3.3 37.3 18.6
    endloop
  endfacet
  facet normal -0.761525 0 0.648135
    outer loop
      vertex 4.25 38.25 19.7162
      vertex 3.3 30.7 18.6
      vertex 4.25 29.75 19.7162
    endloop
  endfacet
  facet normal 0 -0.761525 0.648135
    outer loop
      vertex -3.3 28.8 18.6
      vertex 4.25 29.75 19.7162
      vertex -4.25 29.75 19.7162
    endloop
  endfacet
  facet normal 0 -0.761525 0.648135
    outer loop
      vertex 4.25 29.75 19.7162
      vertex -3.3 28.8 18.6
      vertex 3.3 28.8 18.6
    endloop
  endfacet
  facet normal 0 0.761525 0.648135
    outer loop
      vertex 3.3 22.2 18.6
      vertex -4.25 21.25 19.7162
      vertex 4.25 21.25 19.7162
    endloop
  endfacet
  facet normal 0 0.761525 0.648135
    outer loop
      vertex -4.25 21.25 19.7162
      vertex 3.3 22.2 18.6
      vertex -3.3 22.2 18.6
    endloop
  endfacet
  facet normal -1 0 0
    outer loop
      vertex 11.8 22.2 0
      vertex 11.8 28.8 18.6
      vertex 11.8 28.8 0
    endloop
  endfacet
  facet normal -1 -0 0
    outer loop
      vertex 11.8 28.8 18.6
      vertex 11.8 22.2 0
      vertex 11.8 22.2 18.6
    endloop
  endfacet
  facet normal 1 -0 0
    outer loop
      vertex 5.2 22.2 18.6
      vertex 5.2 28.8 0
      vertex 5.2 28.8 18.6
    endloop
  endfacet
  facet normal 1 0 0
    outer loop
      vertex 5.2 28.8 0
      vertex 5.2 22.2 18.6
      vertex 5.2 22.2 0
    endloop
  endfacet
  facet normal 0 -1 0
    outer loop
      vertex 5.2 28.8 0
      vertex 11.8 28.8 18.6
      vertex 5.2 28.8 18.6
    endloop
  endfacet
  facet normal 0 -1 -0
    outer loop
      vertex 11.8 28.8 18.6
      vertex 5.2 28.8 0
      vertex 11.8 28.8 0
    endloop
  endfacet
  facet normal 0 1 -0
    outer loop
      vertex 11.8 22.2 0
      vertex 5.2 22.2 18.6
      vertex 11.8 22.2 18.6
    endloop
  endfacet
  facet normal 0 1 0
    outer loop
      vertex 5.2 22.2 18.6
      vertex 11.8 22.2 0
      vertex 5.2 22.2 0
    endloop
  endfacet
  facet normal 0.761525 0 0.648135
    outer loop
      vertex 4.25 29.75 19.7162
      vertex 5.2 22.2 18.6
      vertex 5.2 28.8 18.6
    endloop
  endfacet
  facet normal 0.761525 0 0.648135
    outer loop
      vertex 5.2 22.2 18.6
      vertex 4.25 29.75 19.7162
      vertex 4.25 21.25 19.7162
    endloop
  endfacet
  facet normal 0.761525 0 0.648135
    outer loop
      vertex 4.25 38.25 19.7162
      vertex 5.2 30.7 18.6
      vertex 5.2 37.3 18.6
    endloop
  endfacet
  facet normal 0.761525 0 0.648135
    outer loop
      vertex 5.2 30.7 18.6
      vertex 4.25 38.25 19.7162
      vertex 4.25 29.75 19.7162
    endloop
  endfacet
  facet normal -0.761525 0 0.648135
    outer loop
      vertex 11.8 22.2 18.6
      vertex 12.75 29.75 19.7162
      vertex 11.8 28.8 18.6
    endloop
  endfacet
  facet normal -0.761525 0 0.648135
    outer loop
      vertex 12.75 29.75 19.7162
      vertex 11.8 22.2 18.6
      vertex 12.75 21.25 19.7162
    endloop
  endfacet
  facet normal 0 -0.761525 0.648135
    outer loop
      vertex 5.2 28.8 18.6
      vertex 12.75 29.75 19.7162
      vertex 4.25 29.75 19.7162
    endloop
  endfacet
  facet normal 0 -0.761525 0.648135
    outer loop
      vertex 12.75 29.75 19.7162
      vertex 5.2 28.8 18.6
      vertex 11.8 28.8 18.6
    endloop
  endfacet
  facet normal 0 -0.761525 0.648135
    outer loop
      vertex 13.7 28.8 18.6
      vertex 21.25 29.75 19.7162
      vertex 12.75 29.75 19.7162
    endloop
  endfacet
  facet normal 0 -0.761525 0.648135
    outer loop
      vertex 21.25 29.75 19.7162
      vertex 13.7 28.8 18.6
      vertex 20.3 28.8 18.6
    endloop
  endfacet
  facet normal 0 0.761525 0.648135
    outer loop
      vertex 20.3 22.2 18.6
      vertex 12.75 21.25 19.7162
      vertex 21.25 21.25 19.7162
    endloop
  endfacet
  facet normal 0 0.761525 0.648135
    outer loop
      vertex 12.75 21.25 19.7162
      vertex 20.3 22.2 18.6
      vertex 13.7 22.2 18.6
    endloop
  endfacet
  facet normal 0 0.761525 0.648135
    outer loop
      vertex 11.8 22.2 18.6
      vertex 4.25 21.25 19.7162
      vertex 12.75 21.25 19.7162
    endloop
  endfacet
  facet normal 0 0.761525 0.648135
    outer loop
      vertex 4.25 21.25 19.7162
      vertex 11.8 22.2 18.6
      vertex 5.2 22.2 18.6
    endloop
  endfacet
  facet normal -1 0 0
    outer loop
      vertex 20.3 22.2 0
      vertex 20.3 28.8 18.6
      vertex 20.3 28.8 0
    endloop
  endfacet
  facet normal -1 -0 0
    outer loop
      vertex 20.3 28.8 18.6
      vertex 20.3 22.2 0
      vertex 20.3 22.2 18.6
    endloop
  endfacet
  facet normal 1 -0 0
    outer loop
      vertex 13.7 22.2 18.6
      vertex 13.7 28.8 0
      vertex 13.7 28.8 18.6
    endloop
  endfacet
  facet normal 1 0 0
    outer loop
      vertex 13.7 28.8 0
      vertex 13.7 22.2 18.6
      vertex 13.7 22.2 0
    endloop
  endfacet
  facet normal 0 -1 0
    outer loop
      vertex 13.7 28.8 0
      vertex 20.3 28.8 18.6
      vertex 13.7 28.8 18.6
    endloop
  endfacet
  facet normal 0 -1 -0
    outer loop
      vertex 20.3 28.8 18.6
      vertex 13.7 28.8 0
      vertex 20.3 28.8 0
    endloop
  endfacet
  facet normal 0 1 -0
    outer loop
      vertex 20.3 22.2 0
      vertex 13.7 22.2 18.6
      vertex 20.3 22.2 18.6
    endloop
  endfacet
  facet normal 0 1 0
    outer loop
      vertex 13.7 22.2 18.6
      vertex 20.3 22.2 0
      vertex 13.7 22.2 0
    endloop
  endfacet
  facet normal 0.761525 0 0.648135
    outer loop
      vertex 12.75 29.75 19.7162
      vertex 13.7 22.2 18.6
      vertex 13.7 28.8 18.6
    endloop
  endfacet
  facet normal 0.761525 0 0.648135
    outer loop
      vertex 13.7 22.2 18.6
      vertex 12.75 29.75 19.7162
      vertex 12.75 21.25 19.7162
    endloop
  endfacet
  facet normal -0.761525 0 0.648135
    outer loop
      vertex 20.3 22.2 18.6
      vertex 21.25 29.75 19.7162
      vertex 20.3 28.8 18.6
    endloop
  endfacet
  facet normal -0.761525 0 0.648135
    outer loop
      vertex 21.25 29.75 19.7162
      vertex 20.3 22.2 18.6
      vertex 21.25 21.25 19.7162
    endloop
  endfacet
  facet normal -1 0 0
    outer loop
      vertex 28.8 22.2 0
      vertex 28.8 28.8 18.6
      vertex 28.8 28.8 0
    endloop
  endfacet
  facet normal -1 -0 0
    outer loop
      vertex 28.8 28.8 18.6
      vertex 28.8 22.2 0
      vertex 28.8 22.2 18.6
    endloop
  endfacet
  facet normal 1 -0 0
    outer loop
      vertex 22.2 22.2 18.6
      vertex 22.2 28.8 0
      vertex 22.2 28.8 18.6
    endloop
  endfacet
  facet normal 1 0 0
    outer loop
      vertex 22.2 28.8 0
      vertex 22.2 22.2 18.6
      vertex 22.2 22.2 0
    endloop
  endfacet
  facet normal 0 -1 0
    outer loop
      vertex 22.2 28.8 0
      vertex 28.8 28.8 18.6
      vertex 22.2 28.8 18.6
    endloop
  endfacet
  facet normal 0 -1 -0
    outer loop
      vertex 28.8 28.8 18.6
      vertex 22.2 28.8 0
      vertex 28.8 28.8 0
    endloop
  endfacet
  facet normal 0 1 -0
    outer loop
      vertex 28.8 22.2 0
      vertex 22.2 22.2 18.6
      vertex 28.8 22.2 18.6
    endloop
  endfacet
  facet normal 0 1 0
    outer loop
      vertex 22.2 22.2 18.6
      vertex 28.8 22.2 0
      vertex 22.2 22.2 0
    endloop
  endfacet
  facet normal 0.761525 0 0.648135
    outer loop
      vertex 21.25 29.75 19.7162
      vertex 22.2 22.2 18.6
      vertex 22.2 28.8 18.6
    endloop
  endfacet
  facet normal 0.761525 0 0.648135
    outer loop
      vertex 22.2 22.2 18.6
      vertex 21.25 29.75 19.7162
      vertex 21.25 21.25 19.7162
    endloop
  endfacet
  facet normal -0.761525 0 0.648135
    outer loop
      vertex 28.8 22.2 18.6
      vertex 29.75 29.75 19.7162
      vertex 28.8 28.8 18.6
    endloop
  endfacet
  facet normal -0.761525 0 0.648135
    outer loop
      vertex 29.75 29.75 19.7162
      vertex 28.8 22.2 18.6
      vertex 29.75 21.25 19.7162
    endloop
  endfacet
  facet normal 0 -0.761525 0.648135
    outer loop
      vertex 22.2 28.8 18.6
      vertex 29.75 29.75 19.7162
      vertex 21.25 29.75 19.7162
    endloop
  endfacet
  facet normal 0 -0.761525 0.648135
    outer loop
      vertex 29.75 29.75 19.7162
      vertex 22.2 28.8 18.6
      vertex 28.8 28.8 18.6
    endloop
  endfacet
  facet normal 0 0.761525 0.648135
    outer loop
      vertex 28.8 22.2 18.6
      vertex 21.25 21.25 19.7162
      vertex 29.75 21.25 19.7162
    endloop
  endfacet
  facet normal 0 0.761525 0.648135
    outer loop
      vertex 21.25 21.25 19.7162
      vertex 28.8 22.2 18.6
      vertex 22.2 22.2 18.6
    endloop
  endfacet
  facet normal -1 0 0
    outer loop
      vertex 37.3 22.2 0
      vertex 37.3 28.8 18.6
      vertex 37.3 28.8 0
    endloop
  endfacet
  facet normal -1 -0 0
    outer loop
      vertex 37.3 28.8 18.6
      vertex 37.3 22.2 0
      vertex 37.3 22.2 18.6
    endloop
  endfacet
  facet normal 1 -0 0
    outer loop
      vertex 30.7 22.2 18.6
      vertex 30.7 28.8 0
      vertex 30.7 28.8 18.6
    endloop
  endfacet
  facet normal 1 0 0
    outer loop
      vertex 30.7 28.8 0
      vertex 30.7 22.2 18.6
      vertex 30.7 22.2 0
    endloop
  endfacet
  facet normal 0 -1 0
    outer loop
      vertex 30.7 28.8 0
      vertex 37.3 28.8 18.6
      vertex 30.7 28.8 18.6
    endloop
  endfacet
  facet normal 0 -1 -0
    outer loop
      vertex 37.3 28.8 18.6
      vertex 30.7 28.8 0
      vertex 37.3 28.8 0
    endloop
  endfacet
  facet normal 0 1 -0
    outer loop
      vertex 37.3 22.2 0
      vertex 30.7 22.2 18.6
      vertex 37.3 22.2 18.6
    endloop
  endfacet
  facet normal 0 1 0
    outer loop
      vertex 30.7 22.2 18.6
      vertex 37.3 22.2 0
      vertex 30.7 22.2 0
    endloop
  endfacet
  facet normal 0 -0.761525 0.648135
    outer loop
      vertex 30.7 28.8 18.6
      vertex 38.25 29.75 19.7162
      vertex 29.75 29.75 19.7162
    endloop
  endfacet
  facet normal 0 -0.761525 0.648135
    outer loop
      vertex 38.25 29.75 19.7162
      vertex 30.7 28.8 18.6
      vertex 37.3 28.8 18.6
    endloop
  endfacet
  facet normal 0 0.761525 0.648135
    outer loop
      vertex 37.3 22.2 18.6
      vertex 29.75 21.25 19.7162
      vertex 38.25 21.25 19.7162
    endloop
  endfacet
  facet normal 0 0.761525 0.648135
    outer loop
      vertex 29.75 21.25 19.7162
      vertex 37.3 22.2 18.6
      vertex 30.7 22.2 18.6
    endloop
  endfacet
  facet normal -1 0 0
    outer loop
      vertex 3.3 30.7 0
      vertex 3.3 37.3 18.6
      vertex 3.3 37.3 0
    endloop
  endfacet
  facet normal -1 -0 0
    outer loop
      vertex 3.3 37.3 18.6
      vertex 3.3 30.7 0
      vertex 3.3 30.7 18.6
    endloop
  endfacet
  facet normal 1 -0 0
    outer loop
      vertex -3.3 30.7 18.6
      vertex -3.3 37.3 0
      vertex -3.3 37.3 18.6
    endloop
  endfacet
  facet normal 1 0 0
    outer loop
      vertex -3.3 37.3 0
      vertex -3.3 30.7 18.6
      vertex -3.3 30.7 0
    endloop
  endfacet
  facet normal 0 -1 0
    outer loop
      vertex -3.3 37.3 0
      vertex 3.3 37.3 18.6
      vertex -3.3 37.3 18.6
    endloop
  endfacet
  facet normal 0 -1 -0
    outer loop
      vertex 3.3 37.3 18.6
      vertex -3.3 37.3 0
      vertex 3.3 37.3 0
    endloop
  endfacet
  facet normal 0 1 -0
    outer loop
      vertex 3.3 30.7 0
      vertex -3.3 30.7 18.6
      vertex 3.3 30.7 18.6
    endloop
  endfacet
  facet normal 0 1 0
    outer loop
      vertex -3.3 30.7 18.6
      vertex 3.3 30.7 0
      vertex -3.3 30.7 0
    endloop
  endfacet
  facet normal 0 -0.761525 0.648135
    outer loop
      vertex 22.2 37.3 18.6
      vertex 29.75 38.25 19.7162
      vertex 21.25 38.25 19.7162
    endloop
  endfacet
  facet normal 0 -0.761525 0.648135
    outer loop
      vertex 29.75 38.25 19.7162
      vertex 22.2 37.3 18.6
      vertex 28.8 37.3 18.6
    endloop
  endfacet
  facet normal 0 -0.761525 0.648135
    outer loop
      vertex 13.7 37.3 18.6
      vertex 21.25 38.25 19.7162
      vertex 12.75 38.25 19.7162
    endloop
  endfacet
  facet normal 0 -0.761525 0.648135
    outer loop
      vertex 21.25 38.25 19.7162
      vertex 13.7 37.3 18.6
      vertex 20.3 37.3 18.6
    endloop
  endfacet
  facet normal 0 -0.761525 0.648135
    outer loop
      vertex 5.2 37.3 18.6
      vertex 12.75 38.25 19.7162
      vertex 4.25 38.25 19.7162
    endloop
  endfacet
  facet normal 0 -0.761525 0.648135
    outer loop
      vertex 12.75 38.25 19.7162
      vertex 5.2 37.3 18.6
      vertex 11.8 37.3 18.6
    endloop
  endfacet
  facet normal 0 -0.761582 0.648069
    outer loop
      vertex 12.75 38.25 19.7162
      vertex -4.49149 38.4915 20
      vertex 4.25 38.25 19.7162
    endloop
  endfacet
  facet normal 3.05256e-06 -0.761535 0.648123
    outer loop
      vertex -3.3 37.3 18.6
      vertex 4.25 38.25 19.7162
      vertex -4.49149 38.4915 20
    endloop
  endfacet
  facet normal 0 -0.761525 0.648135
    outer loop
      vertex 4.25 38.25 19.7162
      vertex -3.3 37.3 18.6
      vertex 3.3 37.3 18.6
    endloop
  endfacet
  facet normal 0 -0.761582 0.648069
    outer loop
      vertex -4.49149 38.4915 20
      vertex 12.75 38.25 19.7162
      vertex 38.4915 38.4915 20
    endloop
  endfacet
  facet normal 0 -0.761582 0.648069
    outer loop
      vertex 21.25 38.25 19.7162
      vertex 38.4915 38.4915 20
      vertex 12.75 38.25 19.7162
    endloop
  endfacet
  facet normal 0 -0.761582 0.648069
    outer loop
      vertex 29.75 38.25 19.7162
      vertex 38.4915 38.4915 20
      vertex 21.25 38.25 19.7162
    endloop
  endfacet
  facet normal 0 -0.761525 0.648135
    outer loop
      vertex 37.3 37.3 18.6
      vertex 29.75 38.25 19.7162
      vertex 30.7 37.3 18.6
    endloop
  endfacet
  facet normal -3.05255e-06 -0.761535 0.648123
    outer loop
      vertex 29.75 38.25 19.7162
      vertex 37.3 37.3 18.6
      vertex 38.4915 38.4915 20
    endloop
  endfacet
  facet normal 0 0.761525 0.648135
    outer loop
      vertex 3.3 30.7 18.6
      vertex -4.25 29.75 19.7162
      vertex 4.25 29.75 19.7162
    endloop
  endfacet
  facet normal 0 0.761525 0.648135
    outer loop
      vertex -4.25 29.75 19.7162
      vertex 3.3 30.7 18.6
      vertex -3.3 30.7 18.6
    endloop
  endfacet
  facet normal -1 0 0
    outer loop
      vertex 11.8 30.7 0
      vertex 11.8 37.3 18.6
      vertex 11.8 37.3 0
    endloop
  endfacet
  facet normal -1 -0 0
    outer loop
      vertex 11.8 37.3 18.6
      vertex 11.8 30.7 0
      vertex 11.8 30.7 18.6
    endloop
  endfacet
  facet normal 1 -0 0
    outer loop
      vertex 5.2 30.7 18.6
      vertex 5.2 37.3 0
      vertex 5.2 37.3 18.6
    endloop
  endfacet
  facet normal 1 0 0
    outer loop
      vertex 5.2 37.3 0
      vertex 5.2 30.7 18.6
      vertex 5.2 30.7 0
    endloop
  endfacet
  facet normal 0 -1 0
    outer loop
      vertex 5.2 37.3 0
      vertex 11.8 37.3 18.6
      vertex 5.2 37.3 18.6
    endloop
  endfacet
  facet normal 0 -1 -0
    outer loop
      vertex 11.8 37.3 18.6
      vertex 5.2 37.3 0
      vertex 11.8 37.3 0
    endloop
  endfacet
  facet normal 0 1 -0
    outer loop
      vertex 11.8 30.7 0
      vertex 5.2 30.7 18.6
      vertex 11.8 30.7 18.6
    endloop
  endfacet
  facet normal 0 1 0
    outer loop
      vertex 5.2 30.7 18.6
      vertex 11.8 30.7 0
      vertex 5.2 30.7 0
    endloop
  endfacet
  facet normal -0.761525 0 0.648135
    outer loop
      vertex 11.8 30.7 18.6
      vertex 12.75 38.25 19.7162
      vertex 11.8 37.3 18.6
    endloop
  endfacet
  facet normal -0.761525 0 0.648135
    outer loop
      vertex 12.75 38.25 19.7162
      vertex 11.8 30.7 18.6
      vertex 12.75 29.75 19.7162
    endloop
  endfacet
  facet normal 0 0.761525 0.648135
    outer loop
      vertex 11.8 30.7 18.6
      vertex 4.25 29.75 19.7162
      vertex 12.75 29.75 19.7162
    endloop
  endfacet
  facet normal 0 0.761525 0.648135
    outer loop
      vertex 4.25 29.75 19.7162
      vertex 11.8 30.7 18.6
      vertex 5.2 30.7 18.6
    endloop
  endfacet
  facet normal 0 0.761525 0.648135
    outer loop
      vertex 20.3 30.7 18.6
      vertex 12.75 29.75 19.7162
      vertex 21.25 29.75 19.7162
    endloop
  endfacet
  facet normal 0 0.761525 0.648135
    outer loop
      vertex 12.75 29.75 19.7162
      vertex 20.3 30.7 18.6
      vertex 13.7 30.7 18.6
    endloop
  endfacet
  facet normal -1 0 0
    outer loop
      vertex 20.3 30.7 0
      vertex 20.3 37.3 18.6
      vertex 20.3 37.3 0
    endloop
  endfacet
  facet normal -1 -0 0
    outer loop
      vertex 20.3 37.3 18.6
      vertex 20.3 30.7 0
      vertex 20.3 30.7 18.6
    endloop
  endfacet
  facet normal 1 -0 0
    outer loop
      vertex 13.7 30.7 18.6
      vertex 13.7 37.3 0
      vertex 13.7 37.3 18.6
    endloop
  endfacet
  facet normal 1 0 0
    outer loop
      vertex 13.7 37.3 0
      vertex 13.7 30.7 18.6
      vertex 13.7 30.7 0
    endloop
  endfacet
  facet normal 0 -1 0
    outer loop
      vertex 13.7 37.3 0
      vertex 20.3 37.3 18.6
      vertex 13.7 37.3 18.6
    endloop
  endfacet
  facet normal 0 -1 -0
    outer loop
      vertex 20.3 37.3 18.6
      vertex 13.7 37.3 0
      vertex 20.3 37.3 0
    endloop
  endfacet
  facet normal 0 1 -0
    outer loop
      vertex 20.3 30.7 0
      vertex 13.7 30.7 18.6
      vertex 20.3 30.7 18.6
    endloop
  endfacet
  facet normal 0 1 0
    outer loop
      vertex 13.7 30.7 18.6
      vertex 20.3 30.7 0
      vertex 13.7 30.7 0
    endloop
  endfacet
  facet normal 0.761525 0 0.648135
    outer loop
      vertex 12.75 38.25 19.7162
      vertex 13.7 30.7 18.6
      vertex 13.7 37.3 18.6
    endloop
  endfacet
  facet normal 0.761525 0 0.648135
    outer loop
      vertex 13.7 30.7 18.6
      vertex 12.75 38.25 19.7162
      vertex 12.75 29.75 19.7162
    endloop
  endfacet
  facet normal -0.761525 0 0.648135
    outer loop
      vertex 20.3 30.7 18.6
      vertex 21.25 38.25 19.7162
      vertex 20.3 37.3 18.6
    endloop
  endfacet
  facet normal -0.761525 0 0.648135
    outer loop
      vertex 21.25 38.25 19.7162
      vertex 20.3 30.7 18.6
      vertex 21.25 29.75 19.7162
    endloop
  endfacet
  facet normal -1 0 0
    outer loop
      vertex 28.8 30.7 0
      vertex 28.8 37.3 18.6
      vertex 28.8 37.3 0
    endloop
  endfacet
  facet normal -1 -0 0
    outer loop
      vertex 28.8 37.3 18.6
      vertex 28.8 30.7 0
      vertex 28.8 30.7 18.6
    endloop
  endfacet
  facet normal 1 -0 0
    outer loop
      vertex 22.2 30.7 18.6
      vertex 22.2 37.3 0
      vertex 22.2 37.3 18.6
    endloop
  endfacet
  facet normal 1 0 0
    outer loop
      vertex 22.2 37.3 0
      vertex 22.2 30.7 18.6
      vertex 22.2 30.7 0
    endloop
  endfacet
  facet normal 0 -1 0
    outer loop
      vertex 22.2 37.3 0
      vertex 28.8 37.3 18.6
      vertex 22.2 37.3 18.6
    endloop
  endfacet
  facet normal 0 -1 -0
    outer loop
      vertex 28.8 37.3 18.6
      vertex 22.2 37.3 0
      vertex 28.8 37.3 0
    endloop
  endfacet
  facet normal 0 1 -0
    outer loop
      vertex 28.8 30.7 0
      vertex 22.2 30.7 18.6
      vertex 28.8 30.7 18.6
    endloop
  endfacet
  facet normal 0 1 0
    outer loop
      vertex 22.2 30.7 18.6
      vertex 28.8 30.7 0
      vertex 22.2 30.7 0
    endloop
  endfacet
  facet normal 0.761525 0 0.648135
    outer loop
      vertex 21.25 38.25 19.7162
      vertex 22.2 30.7 18.6
      vertex 22.2 37.3 18.6
    endloop
  endfacet
  facet normal 0.761525 0 0.648135
    outer loop
      vertex 22.2 30.7 18.6
      vertex 21.25 38.25 19.7162
      vertex 21.25 29.75 19.7162
    endloop
  endfacet
  facet normal -0.761525 0 0.648135
    outer loop
      vertex 28.8 30.7 18.6
      vertex 29.75 38.25 19.7162
      vertex 28.8 37.3 18.6
    endloop
  endfacet
  facet normal -0.761525 0 0.648135
    outer loop
      vertex 29.75 38.25 19.7162
      vertex 28.8 30.7 18.6
      vertex 29.75 29.75 19.7162
    endloop
  endfacet
  facet normal 0 0.761525 0.648135
    outer loop
      vertex 28.8 30.7 18.6
      vertex 21.25 29.75 19.7162
      vertex 29.75 29.75 19.7162
    endloop
  endfacet
  facet normal 0 0.761525 0.648135
    outer loop
      vertex 21.25 29.75 19.7162
      vertex 28.8 30.7 18.6
      vertex 22.2 30.7 18.6
    endloop
  endfacet
  facet normal -1 0 0
    outer loop
      vertex 37.3 30.7 0
      vertex 37.3 37.3 18.6
      vertex 37.3 37.3 0
    endloop
  endfacet
  facet normal -1 -0 0
    outer loop
      vertex 37.3 37.3 18.6
      vertex 37.3 30.7 0
      vertex 37.3 30.7 18.6
    endloop
  endfacet
  facet normal 1 -0 0
    outer loop
      vertex 30.7 30.7 18.6
      vertex 30.7 37.3 0
      vertex 30.7 37.3 18.6
    endloop
  endfacet
  facet normal 1 0 0
    outer loop
      vertex 30.7 37.3 0
      vertex 30.7 30.7 18.6
      vertex 30.7 30.7 0
    endloop
  endfacet
  facet normal 0 -1 0
    outer loop
      vertex 30.7 37.3 0
      vertex 37.3 37.3 18.6
      vertex 30.7 37.3 18.6
    endloop
  endfacet
  facet normal 0 -1 -0
    outer loop
      vertex 37.3 37.3 18.6
      vertex 30.7 37.3 0
      vertex 37.3 37.3 0
    endloop
  endfacet
  facet normal 0 1 -0
    outer loop
      vertex 37.3 30.7 0
      vertex 30.7 30.7 18.6
      vertex 37.3 30.7 18.6
    endloop
  endfacet
  facet normal 0 1 0
    outer loop
      vertex 30.7 30.7 18.6
      vertex 37.3 30.7 0
      vertex 30.7 30.7 0
    endloop
  endfacet
  facet normal 0 0.761525 0.648135
    outer loop
      vertex 37.3 30.7 18.6
      vertex 29.75 29.75 19.7162
      vertex 38.25 29.75 19.7162
    endloop
  endfacet
  facet normal 0 0.761525 0.648135
    outer loop
      vertex 29.75 29.75 19.7162
      vertex 37.3 30.7 18.6
      vertex 30.7 30.7 18.6
    endloop
  endfacet
  facet normal 0.998794 0.0491022 0
    outer loop
      vertex -7.89229 -6.45683 20
      vertex -7.9 -6.3 0
      vertex -7.9 -6.3 20
    endloop
  endfacet
  facet normal 0.998794 0.0491022 0
    outer loop
      vertex -7.9 -6.3 0
      vertex -7.89229 -6.45683 20
      vertex -7.89229 -6.45683 0
    endloop
  endfacet
  facet normal -0.989176 -0.146733 0
    outer loop
      vertex -4.7077 -6.14317 0
      vertex -4.73074 -5.98785 20
      vertex -4.73074 -5.98785 0
    endloop
  endfacet
  facet normal -0.989176 -0.146733 0
    outer loop
      vertex -4.73074 -5.98785 20
      vertex -4.7077 -6.14317 0
      vertex -4.7077 -6.14317 20
    endloop
  endfacet
  facet normal -0.998797 -0.0490387 0
    outer loop
      vertex -4.7 -6.3 0
      vertex -4.7077 -6.14317 20
      vertex -4.7077 -6.14317 0
    endloop
  endfacet
  facet normal -0.998797 -0.0490387 0
    outer loop
      vertex -4.7077 -6.14317 20
      vertex -4.7 -6.3 0
      vertex -4.7 -6.3 20
    endloop
  endfacet
  facet normal -0.970019 -0.24303 0
    outer loop
      vertex -4.73074 -5.98785 0
      vertex -4.7689 -5.83554 20
      vertex -4.7689 -5.83554 0
    endloop
  endfacet
  facet normal -0.970019 -0.24303 0
    outer loop
      vertex -4.7689 -5.83554 20
      vertex -4.73074 -5.98785 0
      vertex -4.73074 -5.98785 20
    endloop
  endfacet
  facet normal 0.514084 -0.85774 0
    outer loop
      vertex -7.18891 -4.96965 0
      vertex -7.05423 -4.88893 20
      vertex -7.18891 -4.96965 20
    endloop
  endfacet
  facet normal 0.514084 -0.85774 0
    outer loop
      vertex -7.05423 -4.88893 20
      vertex -7.18891 -4.96965 0
      vertex -7.05423 -4.88893 0
    endloop
  endfacet
  facet normal 0.336845 0.94156 -0
    outer loop
      vertex -6.76445 -7.8311 0
      vertex -6.91229 -7.77821 20
      vertex -6.76445 -7.8311 20
    endloop
  endfacet
  facet normal 0.336845 0.94156 0
    outer loop
      vertex -6.91229 -7.77821 20
      vertex -6.76445 -7.8311 0
      vertex -6.91229 -7.77821 0
    endloop
  endfacet
  facet normal 0.595671 -0.803229 0
    outer loop
      vertex -7.31503 -5.06318 0
      vertex -7.18891 -4.96965 20
      vertex -7.31503 -5.06318 20
    endloop
  endfacet
  facet normal 0.595671 -0.803229 0
    outer loop
      vertex -7.18891 -4.96965 20
      vertex -7.31503 -5.06318 0
      vertex -7.18891 -4.96965 0
    endloop
  endfacet
  facet normal -0.24303 0.970019 0
    outer loop
      vertex -5.83554 -7.8311 0
      vertex -5.98785 -7.86926 20
      vertex -5.83554 -7.8311 20
    endloop
  endfacet
  facet normal -0.24303 0.970019 0
    outer loop
      vertex -5.98785 -7.86926 20
      vertex -5.83554 -7.8311 0
      vertex -5.98785 -7.86926 0
    endloop
  endfacet
  facet normal -0.427569 0.903983 0
    outer loop
      vertex -5.54576 -7.71107 0
      vertex -5.68771 -7.77821 20
      vertex -5.54576 -7.71107 20
    endloop
  endfacet
  facet normal -0.427569 0.903983 0
    outer loop
      vertex -5.68771 -7.77821 20
      vertex -5.54576 -7.71107 0
      vertex -5.68771 -7.77821 0
    endloop
  endfacet
  facet normal -0.146671 0.989185 0
    outer loop
      vertex -5.98785 -7.86926 0
      vertex -6.14317 -7.89229 20
      vertex -5.98785 -7.86926 20
    endloop
  endfacet
  facet normal -0.146671 0.989185 0
    outer loop
      vertex -6.14317 -7.89229 20
      vertex -5.98785 -7.86926 0
      vertex -6.14317 -7.89229 0
    endloop
  endfacet
  facet normal 0.998794 -0.0491022 0
    outer loop
      vertex -7.9 -6.3 20
      vertex -7.89229 -6.14317 0
      vertex -7.89229 -6.14317 20
    endloop
  endfacet
  facet normal 0.998794 -0.0491022 0
    outer loop
      vertex -7.89229 -6.14317 0
      vertex -7.9 -6.3 20
      vertex -7.9 -6.3 0
    endloop
  endfacet
  facet normal 0.24303 0.970019 -0
    outer loop
      vertex -6.61214 -7.86926 0
      vertex -6.76445 -7.8311 20
      vertex -6.61214 -7.86926 20
    endloop
  endfacet
  facet normal 0.24303 0.970019 0
    outer loop
      vertex -6.76445 -7.8311 20
      vertex -6.61214 -7.86926 0
      vertex -6.76445 -7.8311 0
    endloop
  endfacet
  facet normal -0.514112 0.857723 0
    outer loop
      vertex -5.41109 -7.63035 0
      vertex -5.54576 -7.71107 20
      vertex -5.41109 -7.63035 20
    endloop
  endfacet
  facet normal -0.514112 0.857723 0
    outer loop
      vertex -5.54576 -7.71107 20
      vertex -5.41109 -7.63035 0
      vertex -5.54576 -7.71107 0
    endloop
  endfacet
  facet normal 0.0490387 -0.998797 0
    outer loop
      vertex -6.45683 -4.7077 0
      vertex -6.3 -4.7 20
      vertex -6.45683 -4.7077 20
    endloop
  endfacet
  facet normal 0.0490387 -0.998797 0
    outer loop
      vertex -6.3 -4.7 20
      vertex -6.45683 -4.7077 0
      vertex -6.3 -4.7 0
    endloop
  endfacet
  facet normal -0.903983 -0.427569 0
    outer loop
      vertex -4.82179 -5.68771 0
      vertex -4.88893 -5.54576 20
      vertex -4.88893 -5.54576 0
    endloop
  endfacet
  facet normal -0.903983 -0.427569 0
    outer loop
      vertex -4.88893 -5.54576 20
      vertex -4.82179 -5.68771 0
      vertex -4.82179 -5.68771 20
    endloop
  endfacet
  facet normal -0.740933 0.671578 0
    outer loop
      vertex -5.16863 -7.43137 0
      vertex -5.06318 -7.31503 20
      vertex -5.06318 -7.31503 0
    endloop
  endfacet
  facet normal -0.740933 0.671578 0
    outer loop
      vertex -5.06318 -7.31503 20
      vertex -5.16863 -7.43137 0
      vertex -5.16863 -7.43137 20
    endloop
  endfacet
  facet normal -0.595671 -0.803229 0
    outer loop
      vertex -5.41109 -4.96965 0
      vertex -5.28497 -5.06318 20
      vertex -5.41109 -4.96965 20
    endloop
  endfacet
  facet normal -0.595671 -0.803229 -0
    outer loop
      vertex -5.28497 -5.06318 20
      vertex -5.41109 -4.96965 0
      vertex -5.28497 -5.06318 0
    endloop
  endfacet
  facet normal 0.903983 -0.427569 0
    outer loop
      vertex -7.77821 -5.68771 20
      vertex -7.71107 -5.54576 0
      vertex -7.71107 -5.54576 20
    endloop
  endfacet
  facet normal 0.903983 -0.427569 0
    outer loop
      vertex -7.71107 -5.54576 0
      vertex -7.77821 -5.68771 20
      vertex -7.77821 -5.68771 0
    endloop
  endfacet
  facet normal -0.336865 0.941553 0
    outer loop
      vertex -5.68771 -7.77821 0
      vertex -5.83554 -7.8311 20
      vertex -5.68771 -7.77821 20
    endloop
  endfacet
  facet normal -0.336865 0.941553 0
    outer loop
      vertex -5.83554 -7.8311 20
      vertex -5.68771 -7.77821 0
      vertex -5.83554 -7.8311 0
    endloop
  endfacet
  facet normal 0.970019 0.24303 0
    outer loop
      vertex -7.8311 -6.76445 20
      vertex -7.86926 -6.61214 0
      vertex -7.86926 -6.61214 20
    endloop
  endfacet
  facet normal 0.970019 0.24303 0
    outer loop
      vertex -7.86926 -6.61214 0
      vertex -7.8311 -6.76445 20
      vertex -7.8311 -6.76445 0
    endloop
  endfacet
  facet normal -0.803229 -0.595671 0
    outer loop
      vertex -4.96965 -5.41109 0
      vertex -5.06318 -5.28497 20
      vertex -5.06318 -5.28497 0
    endloop
  endfacet
  facet normal -0.803229 -0.595671 0
    outer loop
      vertex -5.06318 -5.28497 20
      vertex -4.96965 -5.41109 0
      vertex -4.96965 -5.41109 20
    endloop
  endfacet
  facet normal -0.514112 -0.857723 0
    outer loop
      vertex -5.54576 -4.88893 0
      vertex -5.41109 -4.96965 20
      vertex -5.54576 -4.88893 20
    endloop
  endfacet
  facet normal -0.514112 -0.857723 -0
    outer loop
      vertex -5.41109 -4.96965 20
      vertex -5.54576 -4.88893 0
      vertex -5.41109 -4.96965 0
    endloop
  endfacet
  facet normal 0.427594 -0.903971 0
    outer loop
      vertex -7.05423 -4.88893 0
      vertex -6.91229 -4.82179 20
      vertex -7.05423 -4.88893 20
    endloop
  endfacet
  facet normal 0.427594 -0.903971 0
    outer loop
      vertex -6.91229 -4.82179 20
      vertex -7.05423 -4.88893 0
      vertex -6.91229 -4.82179 0
    endloop
  endfacet
  facet normal -0.998797 0.0490387 0
    outer loop
      vertex -4.7077 -6.45683 0
      vertex -4.7 -6.3 20
      vertex -4.7 -6.3 0
    endloop
  endfacet
  facet normal -0.998797 0.0490387 0
    outer loop
      vertex -4.7 -6.3 20
      vertex -4.7077 -6.45683 0
      vertex -4.7077 -6.45683 20
    endloop
  endfacet
  facet normal -0.989175 0.146743 0
    outer loop
      vertex -4.73074 -6.61214 0
      vertex -4.7077 -6.45683 20
      vertex -4.7077 -6.45683 0
    endloop
  endfacet
  facet normal -0.989175 0.146743 0
    outer loop
      vertex -4.7077 -6.45683 20
      vertex -4.73074 -6.61214 0
      vertex -4.73074 -6.61214 20
    endloop
  endfacet
  facet normal 0.146743 -0.989175 0
    outer loop
      vertex -6.61214 -4.73074 0
      vertex -6.45683 -4.7077 20
      vertex -6.61214 -4.73074 20
    endloop
  endfacet
  facet normal 0.146743 -0.989175 0
    outer loop
      vertex -6.45683 -4.7077 20
      vertex -6.61214 -4.73074 0
      vertex -6.45683 -4.7077 0
    endloop
  endfacet
  facet normal -0.85774 0.514084 0
    outer loop
      vertex -4.96965 -7.18891 0
      vertex -4.88893 -7.05423 20
      vertex -4.88893 -7.05423 0
    endloop
  endfacet
  facet normal -0.85774 0.514084 0
    outer loop
      vertex -4.88893 -7.05423 20
      vertex -4.96965 -7.18891 0
      vertex -4.96965 -7.18891 20
    endloop
  endfacet
  facet normal 0.970019 -0.24303 0
    outer loop
      vertex -7.86926 -5.98785 20
      vertex -7.8311 -5.83554 0
      vertex -7.8311 -5.83554 20
    endloop
  endfacet
  facet normal 0.970019 -0.24303 0
    outer loop
      vertex -7.8311 -5.83554 0
      vertex -7.86926 -5.98785 20
      vertex -7.86926 -5.98785 0
    endloop
  endfacet
  facet normal 0.14668 0.989184 -0
    outer loop
      vertex -6.45683 -7.89229 0
      vertex -6.61214 -7.86926 20
      vertex -6.45683 -7.89229 20
    endloop
  endfacet
  facet normal 0.14668 0.989184 0
    outer loop
      vertex -6.61214 -7.86926 20
      vertex -6.45683 -7.89229 0
      vertex -6.61214 -7.86926 0
    endloop
  endfacet
  facet normal -0.970019 0.24303 0
    outer loop
      vertex -4.7689 -6.76445 0
      vertex -4.73074 -6.61214 20
      vertex -4.73074 -6.61214 0
    endloop
  endfacet
  facet normal -0.970019 0.24303 0
    outer loop
      vertex -4.73074 -6.61214 20
      vertex -4.7689 -6.76445 0
      vertex -4.7689 -6.76445 20
    endloop
  endfacet
  facet normal -0.941553 -0.336865 0
    outer loop
      vertex -4.7689 -5.83554 0
      vertex -4.82179 -5.68771 20
      vertex -4.82179 -5.68771 0
    endloop
  endfacet
  facet normal -0.941553 -0.336865 0
    outer loop
      vertex -4.82179 -5.68771 20
      vertex -4.7689 -5.83554 0
      vertex -4.7689 -5.83554 20
    endloop
  endfacet
  facet normal 0.671578 0.740933 -0
    outer loop
      vertex -7.31503 -7.53682 0
      vertex -7.43137 -7.43137 20
      vertex -7.31503 -7.53682 20
    endloop
  endfacet
  facet normal 0.671578 0.740933 0
    outer loop
      vertex -7.43137 -7.43137 20
      vertex -7.31503 -7.53682 0
      vertex -7.43137 -7.43137 0
    endloop
  endfacet
  facet normal 0.989185 -0.146671 0
    outer loop
      vertex -7.89229 -6.14317 20
      vertex -7.86926 -5.98785 0
      vertex -7.86926 -5.98785 20
    endloop
  endfacet
  facet normal 0.989185 -0.146671 0
    outer loop
      vertex -7.86926 -5.98785 0
      vertex -7.89229 -6.14317 20
      vertex -7.89229 -6.14317 0
    endloop
  endfacet
  facet normal -0.146733 -0.989176 0
    outer loop
      vertex -6.14317 -4.7077 0
      vertex -5.98785 -4.73074 20
      vertex -6.14317 -4.7077 20
    endloop
  endfacet
  facet normal -0.146733 -0.989176 -0
    outer loop
      vertex -5.98785 -4.73074 20
      vertex -6.14317 -4.7077 0
      vertex -5.98785 -4.73074 0
    endloop
  endfacet
  facet normal -0.94156 0.336845 0
    outer loop
      vertex -4.82179 -6.91229 0
      vertex -4.7689 -6.76445 20
      vertex -4.7689 -6.76445 0
    endloop
  endfacet
  facet normal -0.94156 0.336845 0
    outer loop
      vertex -4.7689 -6.76445 20
      vertex -4.82179 -6.91229 0
      vertex -4.82179 -6.91229 20
    endloop
  endfacet
  facet normal 0.903971 0.427594 0
    outer loop
      vertex -7.71107 -7.05423 20
      vertex -7.77821 -6.91229 0
      vertex -7.77821 -6.91229 20
    endloop
  endfacet
  facet normal 0.903971 0.427594 0
    outer loop
      vertex -7.77821 -6.91229 0
      vertex -7.71107 -7.05423 20
      vertex -7.71107 -7.05423 0
    endloop
  endfacet
  facet normal -0.671578 -0.740933 0
    outer loop
      vertex -5.28497 -5.06318 0
      vertex -5.16863 -5.16863 20
      vertex -5.28497 -5.06318 20
    endloop
  endfacet
  facet normal -0.671578 -0.740933 -0
    outer loop
      vertex -5.16863 -5.16863 20
      vertex -5.28497 -5.06318 0
      vertex -5.16863 -5.16863 0
    endloop
  endfacet
  facet normal -0.740933 -0.671578 0
    outer loop
      vertex -5.06318 -5.28497 0
      vertex -5.16863 -5.16863 20
      vertex -5.16863 -5.16863 0
    endloop
  endfacet
  facet normal -0.740933 -0.671578 0
    outer loop
      vertex -5.16863 -5.16863 20
      vertex -5.06318 -5.28497 0
      vertex -5.06318 -5.28497 20
    endloop
  endfacet
  facet normal 0.740933 0.671578 0
    outer loop
      vertex -7.43137 -7.43137 20
      vertex -7.53682 -7.31503 0
      vertex -7.53682 -7.31503 20
    endloop
  endfacet
  facet normal 0.740933 0.671578 0
    outer loop
      vertex -7.53682 -7.31503 0
      vertex -7.43137 -7.43137 20
      vertex -7.43137 -7.43137 0
    endloop
  endfacet
  facet normal -0.336865 -0.941553 0
    outer loop
      vertex -5.83554 -4.7689 0
      vertex -5.68771 -4.82179 20
      vertex -5.83554 -4.7689 20
    endloop
  endfacet
  facet normal -0.336865 -0.941553 -0
    outer loop
      vertex -5.68771 -4.82179 20
      vertex -5.83554 -4.7689 0
      vertex -5.68771 -4.82179 0
    endloop
  endfacet
  facet normal -0.0491022 0.998794 0
    outer loop
      vertex -6.14317 -7.89229 0
      vertex -6.3 -7.9 20
      vertex -6.14317 -7.89229 20
    endloop
  endfacet
  facet normal -0.0491022 0.998794 0
    outer loop
      vertex -6.3 -7.9 20
      vertex -6.14317 -7.89229 0
      vertex -6.3 -7.9 0
    endloop
  endfacet
  facet normal -0.803229 0.595671 0
    outer loop
      vertex -5.06318 -7.31503 0
      vertex -4.96965 -7.18891 20
      vertex -4.96965 -7.18891 0
    endloop
  endfacet
  facet normal -0.803229 0.595671 0
    outer loop
      vertex -4.96965 -7.18891 20
      vertex -5.06318 -7.31503 0
      vertex -5.06318 -7.31503 20
    endloop
  endfacet
  facet normal -0.24303 -0.970019 0
    outer loop
      vertex -5.98785 -4.73074 0
      vertex -5.83554 -4.7689 20
      vertex -5.98785 -4.73074 20
    endloop
  endfacet
  facet normal -0.24303 -0.970019 -0
    outer loop
      vertex -5.83554 -4.7689 20
      vertex -5.98785 -4.73074 0
      vertex -5.83554 -4.7689 0
    endloop
  endfacet
  facet normal -0.903971 0.427594 0
    outer loop
      vertex -4.88893 -7.05423 0
      vertex -4.82179 -6.91229 20
      vertex -4.82179 -6.91229 0
    endloop
  endfacet
  facet normal -0.903971 0.427594 0
    outer loop
      vertex -4.82179 -6.91229 20
      vertex -4.88893 -7.05423 0
      vertex -4.88893 -7.05423 20
    endloop
  endfacet
  facet normal -0.427569 -0.903983 0
    outer loop
      vertex -5.68771 -4.82179 0
      vertex -5.54576 -4.88893 20
      vertex -5.68771 -4.82179 20
    endloop
  endfacet
  facet normal -0.427569 -0.903983 -0
    outer loop
      vertex -5.54576 -4.88893 20
      vertex -5.68771 -4.82179 0
      vertex -5.54576 -4.88893 0
    endloop
  endfacet
  facet normal 0.595671 0.803229 -0
    outer loop
      vertex -7.18891 -7.63035 0
      vertex -7.31503 -7.53682 20
      vertex -7.18891 -7.63035 20
    endloop
  endfacet
  facet normal 0.595671 0.803229 0
    outer loop
      vertex -7.31503 -7.53682 20
      vertex -7.18891 -7.63035 0
      vertex -7.31503 -7.53682 0
    endloop
  endfacet
  facet normal -0.857723 -0.514112 0
    outer loop
      vertex -4.88893 -5.54576 0
      vertex -4.96965 -5.41109 20
      vertex -4.96965 -5.41109 0
    endloop
  endfacet
  facet normal -0.857723 -0.514112 0
    outer loop
      vertex -4.96965 -5.41109 20
      vertex -4.88893 -5.54576 0
      vertex -4.88893 -5.54576 20
    endloop
  endfacet
  facet normal -0.0490387 -0.998797 0
    outer loop
      vertex -6.3 -4.7 0
      vertex -6.14317 -4.7077 20
      vertex -6.3 -4.7 20
    endloop
  endfacet
  facet normal -0.0490387 -0.998797 -0
    outer loop
      vertex -6.14317 -4.7077 20
      vertex -6.3 -4.7 0
      vertex -6.14317 -4.7077 0
    endloop
  endfacet
  facet normal -0.595671 0.803229 0
    outer loop
      vertex -5.28497 -7.53682 0
      vertex -5.41109 -7.63035 20
      vertex -5.28497 -7.53682 20
    endloop
  endfacet
  facet normal -0.595671 0.803229 0
    outer loop
      vertex -5.41109 -7.63035 20
      vertex -5.28497 -7.53682 0
      vertex -5.41109 -7.63035 0
    endloop
  endfacet
  facet normal 0.941553 -0.336865 0
    outer loop
      vertex -7.8311 -5.83554 20
      vertex -7.77821 -5.68771 0
      vertex -7.77821 -5.68771 20
    endloop
  endfacet
  facet normal 0.941553 -0.336865 0
    outer loop
      vertex -7.77821 -5.68771 0
      vertex -7.8311 -5.83554 20
      vertex -7.8311 -5.83554 0
    endloop
  endfacet
  facet normal 0.94156 0.336845 0
    outer loop
      vertex -7.77821 -6.91229 20
      vertex -7.8311 -6.76445 0
      vertex -7.8311 -6.76445 20
    endloop
  endfacet
  facet normal 0.94156 0.336845 0
    outer loop
      vertex -7.8311 -6.76445 0
      vertex -7.77821 -6.91229 20
      vertex -7.77821 -6.91229 0
    endloop
  endfacet
  facet normal 0.671578 -0.740933 0
    outer loop
      vertex -7.43137 -5.16863 0
      vertex -7.31503 -5.06318 20
      vertex -7.43137 -5.16863 20
    endloop
  endfacet
  facet normal 0.671578 -0.740933 0
    outer loop
      vertex -7.31503 -5.06318 20
      vertex -7.43137 -5.16863 0
      vertex -7.31503 -5.06318 0
    endloop
  endfacet
  facet normal 0.336845 -0.94156 0
    outer loop
      vertex -6.91229 -4.82179 0
      vertex -6.76445 -4.7689 20
      vertex -6.91229 -4.82179 20
    endloop
  endfacet
  facet normal 0.336845 -0.94156 0
    outer loop
      vertex -6.76445 -4.7689 20
      vertex -6.91229 -4.82179 0
      vertex -6.76445 -4.7689 0
    endloop
  endfacet
  facet normal 0.85774 0.514084 0
    outer loop
      vertex -7.63035 -7.18891 20
      vertex -7.71107 -7.05423 0
      vertex -7.71107 -7.05423 20
    endloop
  endfacet
  facet normal 0.85774 0.514084 0
    outer loop
      vertex -7.71107 -7.05423 0
      vertex -7.63035 -7.18891 20
      vertex -7.63035 -7.18891 0
    endloop
  endfacet
  facet normal 0.24303 -0.970019 0
    outer loop
      vertex -6.76445 -4.7689 0
      vertex -6.61214 -4.73074 20
      vertex -6.76445 -4.7689 20
    endloop
  endfacet
  facet normal 0.24303 -0.970019 0
    outer loop
      vertex -6.61214 -4.73074 20
      vertex -6.76445 -4.7689 0
      vertex -6.61214 -4.73074 0
    endloop
  endfacet
  facet normal 0.740933 -0.671578 0
    outer loop
      vertex -7.53682 -5.28497 20
      vertex -7.43137 -5.16863 0
      vertex -7.43137 -5.16863 20
    endloop
  endfacet
  facet normal 0.740933 -0.671578 0
    outer loop
      vertex -7.43137 -5.16863 0
      vertex -7.53682 -5.28497 20
      vertex -7.53682 -5.28497 0
    endloop
  endfacet
  facet normal 0.427594 0.903971 -0
    outer loop
      vertex -6.91229 -7.77821 0
      vertex -7.05423 -7.71107 20
      vertex -6.91229 -7.77821 20
    endloop
  endfacet
  facet normal 0.427594 0.903971 0
    outer loop
      vertex -7.05423 -7.71107 20
      vertex -6.91229 -7.77821 0
      vertex -7.05423 -7.71107 0
    endloop
  endfacet
  facet normal 0.514084 0.85774 -0
    outer loop
      vertex -7.05423 -7.71107 0
      vertex -7.18891 -7.63035 20
      vertex -7.05423 -7.71107 20
    endloop
  endfacet
  facet normal 0.514084 0.85774 0
    outer loop
      vertex -7.18891 -7.63035 20
      vertex -7.05423 -7.71107 0
      vertex -7.18891 -7.63035 0
    endloop
  endfacet
  facet normal 0.803229 0.595671 0
    outer loop
      vertex -7.53682 -7.31503 20
      vertex -7.63035 -7.18891 0
      vertex -7.63035 -7.18891 20
    endloop
  endfacet
  facet normal 0.803229 0.595671 0
    outer loop
      vertex -7.63035 -7.18891 0
      vertex -7.53682 -7.31503 20
      vertex -7.53682 -7.31503 0
    endloop
  endfacet
  facet normal 0.989184 0.14668 0
    outer loop
      vertex -7.86926 -6.61214 20
      vertex -7.89229 -6.45683 0
      vertex -7.89229 -6.45683 20
    endloop
  endfacet
  facet normal 0.989184 0.14668 0
    outer loop
      vertex -7.89229 -6.45683 0
      vertex -7.86926 -6.61214 20
      vertex -7.86926 -6.61214 0
    endloop
  endfacet
  facet normal 0.857723 -0.514112 0
    outer loop
      vertex -7.71107 -5.54576 20
      vertex -7.63035 -5.41109 0
      vertex -7.63035 -5.41109 20
    endloop
  endfacet
  facet normal 0.857723 -0.514112 0
    outer loop
      vertex -7.63035 -5.41109 0
      vertex -7.71107 -5.54576 20
      vertex -7.71107 -5.54576 0
    endloop
  endfacet
  facet normal 0.803229 -0.595671 0
    outer loop
      vertex -7.63035 -5.41109 20
      vertex -7.53682 -5.28497 0
      vertex -7.53682 -5.28497 20
    endloop
  endfacet
  facet normal 0.803229 -0.595671 0
    outer loop
      vertex -7.53682 -5.28497 0
      vertex -7.63035 -5.41109 20
      vertex -7.63035 -5.41109 0
    endloop
  endfacet
  facet normal 0.0491022 0.998794 -0
    outer loop
      vertex -6.3 -7.9 0
      vertex -6.45683 -7.89229 20
      vertex -6.3 -7.9 20
    endloop
  endfacet
  facet normal 0.0491022 0.998794 0
    outer loop
      vertex -6.45683 -7.89229 20
      vertex -6.3 -7.9 0
      vertex -6.45683 -7.89229 0
    endloop
  endfacet
  facet normal -0.671578 0.740933 0
    outer loop
      vertex -5.16863 -7.43137 0
      vertex -5.28497 -7.53682 20
      vertex -5.16863 -7.43137 20
    endloop
  endfacet
  facet normal -0.671578 0.740933 0
    outer loop
      vertex -5.28497 -7.53682 20
      vertex -5.16863 -7.43137 0
      vertex -5.28497 -7.53682 0
    endloop
  endfacet
  facet normal -0.998796 -0.049048 0
    outer loop
      vertex -4.7 40.3 0
      vertex -4.7077 40.4568 20
      vertex -4.7077 40.4568 0
    endloop
  endfacet
  facet normal -0.998796 -0.049048 0
    outer loop
      vertex -4.7077 40.4568 20
      vertex -4.7 40.3 0
      vertex -4.7 40.3 20
    endloop
  endfacet
  facet normal -0.970053 -0.242895 0
    outer loop
      vertex -4.73074 40.6121 0
      vertex -4.7689 40.7645 20
      vertex -4.7689 40.7645 0
    endloop
  endfacet
  facet normal -0.970053 -0.242895 0
    outer loop
      vertex -4.7689 40.7645 20
      vertex -4.73074 40.6121 0
      vertex -4.73074 40.6121 20
    endloop
  endfacet
  facet normal -0.803184 -0.595732 0
    outer loop
      vertex -4.96965 41.1889 0
      vertex -5.06318 41.315 20
      vertex -5.06318 41.315 0
    endloop
  endfacet
  facet normal -0.803184 -0.595732 0
    outer loop
      vertex -5.06318 41.315 20
      vertex -4.96965 41.1889 0
      vertex -4.96965 41.1889 20
    endloop
  endfacet
  facet normal -0.989173 0.146752 0
    outer loop
      vertex -4.73074 39.9879 0
      vertex -4.7077 40.1432 20
      vertex -4.7077 40.1432 0
    endloop
  endfacet
  facet normal -0.989173 0.146752 0
    outer loop
      vertex -4.7077 40.1432 20
      vertex -4.73074 39.9879 0
      vertex -4.73074 39.9879 20
    endloop
  endfacet
  facet normal -0.903925 -0.427692 0
    outer loop
      vertex -4.82179 40.9123 0
      vertex -4.88893 41.0542 20
      vertex -4.88893 41.0542 0
    endloop
  endfacet
  facet normal -0.903925 -0.427692 0
    outer loop
      vertex -4.88893 41.0542 20
      vertex -4.82179 40.9123 0
      vertex -4.82179 40.9123 20
    endloop
  endfacet
  facet normal 0.941531 0.336926 0
    outer loop
      vertex -7.77821 39.6877 20
      vertex -7.8311 39.8355 0
      vertex -7.8311 39.8355 20
    endloop
  endfacet
  facet normal 0.941531 0.336926 0
    outer loop
      vertex -7.8311 39.8355 0
      vertex -7.77821 39.6877 20
      vertex -7.77821 39.6877 0
    endloop
  endfacet
  facet normal -0.857774 -0.514027 0
    outer loop
      vertex -4.88893 41.0542 0
      vertex -4.96965 41.1889 20
      vertex -4.96965 41.1889 0
    endloop
  endfacet
  facet normal -0.857774 -0.514027 0
    outer loop
      vertex -4.96965 41.1889 20
      vertex -4.88893 41.0542 0
      vertex -4.88893 41.0542 20
    endloop
  endfacet
  facet normal -0.427361 0.904081 0
    outer loop
      vertex -5.54576 38.8889 0
      vertex -5.68771 38.8218 20
      vertex -5.54576 38.8889 20
    endloop
  endfacet
  facet normal -0.427361 0.904081 0
    outer loop
      vertex -5.68771 38.8218 20
      vertex -5.54576 38.8889 0
      vertex -5.68771 38.8218 0
    endloop
  endfacet
  facet normal -0.941531 0.336926 0
    outer loop
      vertex -4.82179 39.6877 0
      vertex -4.7689 39.8355 20
      vertex -4.7689 39.8355 0
    endloop
  endfacet
  facet normal -0.941531 0.336926 0
    outer loop
      vertex -4.7689 39.8355 20
      vertex -4.82179 39.6877 0
      vertex -4.82179 39.6877 20
    endloop
  endfacet
  facet normal 0.336901 -0.94154 0
    outer loop
      vertex -6.91229 41.7782 0
      vertex -6.76445 41.8311 20
      vertex -6.91229 41.7782 20
    endloop
  endfacet
  facet normal 0.336901 -0.94154 0
    outer loop
      vertex -6.76445 41.8311 20
      vertex -6.91229 41.7782 0
      vertex -6.76445 41.8311 0
    endloop
  endfacet
  facet normal 0.803184 -0.595732 0
    outer loop
      vertex -7.63035 41.1889 20
      vertex -7.53682 41.315 0
      vertex -7.53682 41.315 20
    endloop
  endfacet
  facet normal 0.803184 -0.595732 0
    outer loop
      vertex -7.53682 41.315 0
      vertex -7.63035 41.1889 20
      vertex -7.63035 41.1889 0
    endloop
  endfacet
  facet normal -0.514486 0.857499 0
    outer loop
      vertex -5.41109 38.9697 0
      vertex -5.54576 38.8889 20
      vertex -5.41109 38.9697 20
    endloop
  endfacet
  facet normal -0.514486 0.857499 0
    outer loop
      vertex -5.54576 38.8889 20
      vertex -5.41109 38.9697 0
      vertex -5.54576 38.8889 0
    endloop
  endfacet
  facet normal -0.741106 0.671388 0
    outer loop
      vertex -5.16863 39.1686 0
      vertex -5.06318 39.285 20
      vertex -5.06318 39.285 0
    endloop
  endfacet
  facet normal -0.741106 0.671388 0
    outer loop
      vertex -5.06318 39.285 20
      vertex -5.16863 39.1686 0
      vertex -5.16863 39.1686 20
    endloop
  endfacet
  facet normal 0.51399 -0.857796 0
    outer loop
      vertex -7.18891 41.6304 0
      vertex -7.05423 41.7111 20
      vertex -7.18891 41.6304 20
    endloop
  endfacet
  facet normal 0.51399 -0.857796 0
    outer loop
      vertex -7.05423 41.7111 20
      vertex -7.18891 41.6304 0
      vertex -7.05423 41.7111 0
    endloop
  endfacet
  facet normal -0.989173 -0.146752 0
    outer loop
      vertex -4.7077 40.4568 0
      vertex -4.73074 40.6121 20
      vertex -4.73074 40.6121 0
    endloop
  endfacet
  facet normal -0.989173 -0.146752 0
    outer loop
      vertex -4.73074 40.6121 20
      vertex -4.7077 40.4568 0
      vertex -4.7077 40.4568 20
    endloop
  endfacet
  facet normal 0.903925 -0.427692 0
    outer loop
      vertex -7.77821 40.9123 20
      vertex -7.71107 41.0542 0
      vertex -7.71107 41.0542 20
    endloop
  endfacet
  facet normal 0.903925 -0.427692 0
    outer loop
      vertex -7.71107 41.0542 0
      vertex -7.77821 40.9123 20
      vertex -7.77821 40.9123 0
    endloop
  endfacet
  facet normal 0.970053 0.242895 0
    outer loop
      vertex -7.8311 39.8355 20
      vertex -7.86926 39.9879 0
      vertex -7.86926 39.9879 20
    endloop
  endfacet
  facet normal 0.970053 0.242895 0
    outer loop
      vertex -7.86926 39.9879 0
      vertex -7.8311 39.8355 20
      vertex -7.8311 39.8355 0
    endloop
  endfacet
  facet normal -0.803184 0.595732 0
    outer loop
      vertex -5.06318 39.285 0
      vertex -4.96965 39.4111 20
      vertex -4.96965 39.4111 0
    endloop
  endfacet
  facet normal -0.803184 0.595732 0
    outer loop
      vertex -4.96965 39.4111 20
      vertex -5.06318 39.285 0
      vertex -5.06318 39.285 20
    endloop
  endfacet
  facet normal 0.427385 -0.90407 0
    outer loop
      vertex -7.05423 41.7111 0
      vertex -6.91229 41.7782 20
      vertex -7.05423 41.7111 20
    endloop
  endfacet
  facet normal 0.427385 -0.90407 0
    outer loop
      vertex -6.91229 41.7782 20
      vertex -7.05423 41.7111 0
      vertex -6.91229 41.7782 0
    endloop
  endfacet
  facet normal 0.741106 0.671388 0
    outer loop
      vertex -7.43137 39.1686 20
      vertex -7.53682 39.285 0
      vertex -7.53682 39.285 20
    endloop
  endfacet
  facet normal 0.741106 0.671388 0
    outer loop
      vertex -7.53682 39.285 0
      vertex -7.43137 39.1686 20
      vertex -7.43137 39.1686 0
    endloop
  endfacet
  facet normal -0.903925 0.427692 0
    outer loop
      vertex -4.88893 39.5458 0
      vertex -4.82179 39.6877 20
      vertex -4.82179 39.6877 0
    endloop
  endfacet
  facet normal -0.903925 0.427692 0
    outer loop
      vertex -4.82179 39.6877 20
      vertex -4.88893 39.5458 0
      vertex -4.88893 39.5458 20
    endloop
  endfacet
  facet normal -0.336921 0.941533 0
    outer loop
      vertex -5.68771 38.8218 0
      vertex -5.83554 38.7689 20
      vertex -5.68771 38.8218 20
    endloop
  endfacet
  facet normal -0.336921 0.941533 0
    outer loop
      vertex -5.83554 38.7689 20
      vertex -5.68771 38.8218 0
      vertex -5.83554 38.7689 0
    endloop
  endfacet
  facet normal 0.741106 -0.671388 0
    outer loop
      vertex -7.53682 41.315 20
      vertex -7.43137 41.4314 0
      vertex -7.43137 41.4314 20
    endloop
  endfacet
  facet normal 0.741106 -0.671388 0
    outer loop
      vertex -7.43137 41.4314 0
      vertex -7.53682 41.315 20
      vertex -7.53682 41.315 0
    endloop
  endfacet
  facet normal -0.941531 -0.336926 0
    outer loop
      vertex -4.7689 40.7645 0
      vertex -4.82179 40.9123 20
      vertex -4.82179 40.9123 0
    endloop
  endfacet
  facet normal -0.941531 -0.336926 0
    outer loop
      vertex -4.82179 40.9123 20
      vertex -4.7689 40.7645 0
      vertex -4.7689 40.7645 20
    endloop
  endfacet
  facet normal -0.671404 0.741092 0
    outer loop
      vertex -5.16863 39.1686 0
      vertex -5.28497 39.0632 20
      vertex -5.16863 39.1686 20
    endloop
  endfacet
  facet normal -0.671404 0.741092 0
    outer loop
      vertex -5.28497 39.0632 20
      vertex -5.16863 39.1686 0
      vertex -5.28497 39.0632 0
    endloop
  endfacet
  facet normal -0.970053 0.242895 0
    outer loop
      vertex -4.7689 39.8355 0
      vertex -4.73074 39.9879 20
      vertex -4.73074 39.9879 0
    endloop
  endfacet
  facet normal -0.970053 0.242895 0
    outer loop
      vertex -4.73074 39.9879 20
      vertex -4.7689 39.8355 0
      vertex -4.7689 39.8355 20
    endloop
  endfacet
  facet normal -0.336921 -0.941533 0
    outer loop
      vertex -5.83554 41.8311 0
      vertex -5.68771 41.7782 20
      vertex -5.83554 41.8311 20
    endloop
  endfacet
  facet normal -0.336921 -0.941533 -0
    outer loop
      vertex -5.68771 41.7782 20
      vertex -5.83554 41.8311 0
      vertex -5.68771 41.7782 0
    endloop
  endfacet
  facet normal -0.24327 -0.969959 0
    outer loop
      vertex -5.98785 41.8693 0
      vertex -5.83554 41.8311 20
      vertex -5.98785 41.8693 20
    endloop
  endfacet
  facet normal -0.24327 -0.969959 -0
    outer loop
      vertex -5.83554 41.8311 20
      vertex -5.98785 41.8693 0
      vertex -5.83554 41.8311 0
    endloop
  endfacet
  facet normal 0.595547 0.80332 -0
    outer loop
      vertex -7.18891 38.9697 0
      vertex -7.31503 39.0632 20
      vertex -7.18891 38.9697 20
    endloop
  endfacet
  facet normal 0.595547 0.80332 0
    outer loop
      vertex -7.31503 39.0632 20
      vertex -7.18891 38.9697 0
      vertex -7.31503 39.0632 0
    endloop
  endfacet
  facet normal 0.671404 -0.741092 0
    outer loop
      vertex -7.43137 41.4314 0
      vertex -7.31503 41.5368 20
      vertex -7.43137 41.4314 20
    endloop
  endfacet
  facet normal 0.671404 -0.741092 0
    outer loop
      vertex -7.31503 41.5368 20
      vertex -7.43137 41.4314 0
      vertex -7.31503 41.5368 0
    endloop
  endfacet
  facet normal 0.0490387 0.998797 -0
    outer loop
      vertex -6.3 38.7 0
      vertex -6.45683 38.7077 20
      vertex -6.3 38.7 20
    endloop
  endfacet
  facet normal 0.0490387 0.998797 0
    outer loop
      vertex -6.45683 38.7077 20
      vertex -6.3 38.7 0
      vertex -6.45683 38.7077 0
    endloop
  endfacet
  facet normal -0.998796 0.049048 0
    outer loop
      vertex -4.7077 40.1432 0
      vertex -4.7 40.3 20
      vertex -4.7 40.3 0
    endloop
  endfacet
  facet normal -0.998796 0.049048 0
    outer loop
      vertex -4.7 40.3 20
      vertex -4.7077 40.1432 0
      vertex -4.7077 40.1432 20
    endloop
  endfacet
  facet normal 0.998793 0.0491116 0
    outer loop
      vertex -7.89229 40.1432 20
      vertex -7.9 40.3 0
      vertex -7.9 40.3 20
    endloop
  endfacet
  facet normal 0.998793 0.0491116 0
    outer loop
      vertex -7.9 40.3 0
      vertex -7.89229 40.1432 20
      vertex -7.89229 40.1432 0
    endloop
  endfacet
  facet normal 0.989183 0.146689 0
    outer loop
      vertex -7.86926 39.9879 20
      vertex -7.89229 40.1432 0
      vertex -7.89229 40.1432 20
    endloop
  endfacet
  facet normal 0.989183 0.146689 0
    outer loop
      vertex -7.89229 40.1432 0
      vertex -7.86926 39.9879 20
      vertex -7.86926 39.9879 0
    endloop
  endfacet
  facet normal -0.741106 -0.671388 0
    outer loop
      vertex -5.06318 41.315 0
      vertex -5.16863 41.4314 20
      vertex -5.16863 41.4314 0
    endloop
  endfacet
  facet normal -0.741106 -0.671388 0
    outer loop
      vertex -5.16863 41.4314 20
      vertex -5.06318 41.315 0
      vertex -5.06318 41.315 20
    endloop
  endfacet
  facet normal 0.941531 -0.336926 0
    outer loop
      vertex -7.8311 40.7645 20
      vertex -7.77821 40.9123 0
      vertex -7.77821 40.9123 20
    endloop
  endfacet
  facet normal 0.941531 -0.336926 0
    outer loop
      vertex -7.77821 40.9123 0
      vertex -7.8311 40.7645 20
      vertex -7.8311 40.7645 0
    endloop
  endfacet
  facet normal 0.514458 0.857515 -0
    outer loop
      vertex -7.05423 38.8889 0
      vertex -7.18891 38.9697 20
      vertex -7.05423 38.8889 20
    endloop
  endfacet
  facet normal 0.514458 0.857515 0
    outer loop
      vertex -7.18891 38.9697 20
      vertex -7.05423 38.8889 0
      vertex -7.18891 38.9697 0
    endloop
  endfacet
  facet normal 0.336901 0.94154 -0
    outer loop
      vertex -6.76445 38.7689 0
      vertex -6.91229 38.8218 20
      vertex -6.76445 38.7689 20
    endloop
  endfacet
  facet normal 0.336901 0.94154 0
    outer loop
      vertex -6.91229 38.8218 20
      vertex -6.76445 38.7689 0
      vertex -6.91229 38.8218 0
    endloop
  endfacet
  facet normal 0.0490387 -0.998797 0
    outer loop
      vertex -6.45683 41.8923 0
      vertex -6.3 41.9 20
      vertex -6.45683 41.8923 20
    endloop
  endfacet
  facet normal 0.0490387 -0.998797 0
    outer loop
      vertex -6.3 41.9 20
      vertex -6.45683 41.8923 0
      vertex -6.3 41.9 0
    endloop
  endfacet
  facet normal -0.427361 -0.904081 0
    outer loop
      vertex -5.68771 41.7782 0
      vertex -5.54576 41.7111 20
      vertex -5.68771 41.7782 20
    endloop
  endfacet
  facet normal -0.427361 -0.904081 -0
    outer loop
      vertex -5.54576 41.7111 20
      vertex -5.68771 41.7782 0
      vertex -5.54576 41.7111 0
    endloop
  endfacet
  facet normal -0.671404 -0.741092 0
    outer loop
      vertex -5.28497 41.5368 0
      vertex -5.16863 41.4314 20
      vertex -5.28497 41.5368 20
    endloop
  endfacet
  facet normal -0.671404 -0.741092 -0
    outer loop
      vertex -5.16863 41.4314 20
      vertex -5.28497 41.5368 0
      vertex -5.16863 41.4314 0
    endloop
  endfacet
  facet normal 0.857774 -0.514027 0
    outer loop
      vertex -7.71107 41.0542 20
      vertex -7.63035 41.1889 0
      vertex -7.63035 41.1889 20
    endloop
  endfacet
  facet normal 0.857774 -0.514027 0
    outer loop
      vertex -7.63035 41.1889 0
      vertex -7.71107 41.0542 20
      vertex -7.71107 41.0542 0
    endloop
  endfacet
  facet normal -0.595958 -0.803015 0
    outer loop
      vertex -5.41109 41.6304 0
      vertex -5.28497 41.5368 20
      vertex -5.41109 41.6304 20
    endloop
  endfacet
  facet normal -0.595958 -0.803015 -0
    outer loop
      vertex -5.28497 41.5368 20
      vertex -5.41109 41.6304 0
      vertex -5.28497 41.5368 0
    endloop
  endfacet
  facet normal 0.595958 -0.803015 0
    outer loop
      vertex -7.31503 41.5368 0
      vertex -7.18891 41.6304 20
      vertex -7.31503 41.5368 20
    endloop
  endfacet
  facet normal 0.595958 -0.803015 0
    outer loop
      vertex -7.18891 41.6304 20
      vertex -7.31503 41.5368 0
      vertex -7.18891 41.6304 0
    endloop
  endfacet
  facet normal -0.514018 -0.857779 0
    outer loop
      vertex -5.54576 41.7111 0
      vertex -5.41109 41.6304 20
      vertex -5.54576 41.7111 20
    endloop
  endfacet
  facet normal -0.514018 -0.857779 -0
    outer loop
      vertex -5.41109 41.6304 20
      vertex -5.54576 41.7111 0
      vertex -5.41109 41.6304 0
    endloop
  endfacet
  facet normal 0.427385 0.90407 -0
    outer loop
      vertex -6.91229 38.8218 0
      vertex -7.05423 38.8889 20
      vertex -6.91229 38.8218 20
    endloop
  endfacet
  facet normal 0.427385 0.90407 0
    outer loop
      vertex -7.05423 38.8889 20
      vertex -6.91229 38.8218 0
      vertex -7.05423 38.8889 0
    endloop
  endfacet
  facet normal 0.671404 0.741092 -0
    outer loop
      vertex -7.31503 39.0632 0
      vertex -7.43137 39.1686 20
      vertex -7.31503 39.0632 20
    endloop
  endfacet
  facet normal 0.671404 0.741092 0
    outer loop
      vertex -7.43137 39.1686 20
      vertex -7.31503 39.0632 0
      vertex -7.43137 39.1686 0
    endloop
  endfacet
  facet normal 0.24327 -0.969959 0
    outer loop
      vertex -6.76445 41.8311 0
      vertex -6.61214 41.8693 20
      vertex -6.76445 41.8311 20
    endloop
  endfacet
  facet normal 0.24327 -0.969959 0
    outer loop
      vertex -6.61214 41.8693 20
      vertex -6.76445 41.8311 0
      vertex -6.61214 41.8693 0
    endloop
  endfacet
  facet normal -0.0490387 0.998797 0
    outer loop
      vertex -6.14317 38.7077 0
      vertex -6.3 38.7 20
      vertex -6.14317 38.7077 20
    endloop
  endfacet
  facet normal -0.0490387 0.998797 0
    outer loop
      vertex -6.3 38.7 20
      vertex -6.14317 38.7077 0
      vertex -6.3 38.7 0
    endloop
  endfacet
  facet normal -0.595547 0.80332 0
    outer loop
      vertex -5.28497 39.0632 0
      vertex -5.41109 38.9697 20
      vertex -5.28497 39.0632 20
    endloop
  endfacet
  facet normal -0.595547 0.80332 0
    outer loop
      vertex -5.41109 38.9697 20
      vertex -5.28497 39.0632 0
      vertex -5.41109 38.9697 0
    endloop
  endfacet
  facet normal -0.857774 0.514027 0
    outer loop
      vertex -4.96965 39.4111 0
      vertex -4.88893 39.5458 20
      vertex -4.88893 39.5458 0
    endloop
  endfacet
  facet normal -0.857774 0.514027 0
    outer loop
      vertex -4.88893 39.5458 20
      vertex -4.96965 39.4111 0
      vertex -4.96965 39.4111 20
    endloop
  endfacet
  facet normal 0.146493 -0.989212 0
    outer loop
      vertex -6.61214 41.8693 0
      vertex -6.45683 41.8923 20
      vertex -6.61214 41.8693 20
    endloop
  endfacet
  facet normal 0.146493 -0.989212 0
    outer loop
      vertex -6.45683 41.8923 20
      vertex -6.61214 41.8693 0
      vertex -6.45683 41.8923 0
    endloop
  endfacet
  facet normal -0.146484 0.989213 0
    outer loop
      vertex -5.98785 38.7307 0
      vertex -6.14317 38.7077 20
      vertex -5.98785 38.7307 20
    endloop
  endfacet
  facet normal -0.146484 0.989213 0
    outer loop
      vertex -6.14317 38.7077 20
      vertex -5.98785 38.7307 0
      vertex -6.14317 38.7077 0
    endloop
  endfacet
  facet normal 0.998793 -0.0491116 0
    outer loop
      vertex -7.9 40.3 20
      vertex -7.89229 40.4568 0
      vertex -7.89229 40.4568 20
    endloop
  endfacet
  facet normal 0.998793 -0.0491116 0
    outer loop
      vertex -7.89229 40.4568 0
      vertex -7.9 40.3 20
      vertex -7.9 40.3 0
    endloop
  endfacet
  facet normal 0.989183 -0.146689 0
    outer loop
      vertex -7.89229 40.4568 20
      vertex -7.86926 40.6121 0
      vertex -7.86926 40.6121 20
    endloop
  endfacet
  facet normal 0.989183 -0.146689 0
    outer loop
      vertex -7.86926 40.6121 0
      vertex -7.89229 40.4568 20
      vertex -7.89229 40.4568 0
    endloop
  endfacet
  facet normal 0.970053 -0.242895 0
    outer loop
      vertex -7.86926 40.6121 20
      vertex -7.8311 40.7645 0
      vertex -7.8311 40.7645 20
    endloop
  endfacet
  facet normal 0.970053 -0.242895 0
    outer loop
      vertex -7.8311 40.7645 0
      vertex -7.86926 40.6121 20
      vertex -7.86926 40.6121 0
    endloop
  endfacet
  facet normal -0.24327 0.969959 0
    outer loop
      vertex -5.83554 38.7689 0
      vertex -5.98785 38.7307 20
      vertex -5.83554 38.7689 20
    endloop
  endfacet
  facet normal -0.24327 0.969959 0
    outer loop
      vertex -5.98785 38.7307 20
      vertex -5.83554 38.7689 0
      vertex -5.98785 38.7307 0
    endloop
  endfacet
  facet normal 0.803184 0.595732 0
    outer loop
      vertex -7.53682 39.285 20
      vertex -7.63035 39.4111 0
      vertex -7.63035 39.4111 20
    endloop
  endfacet
  facet normal 0.803184 0.595732 0
    outer loop
      vertex -7.63035 39.4111 0
      vertex -7.53682 39.285 20
      vertex -7.53682 39.285 0
    endloop
  endfacet
  facet normal 0.857774 0.514027 0
    outer loop
      vertex -7.63035 39.4111 20
      vertex -7.71107 39.5458 0
      vertex -7.71107 39.5458 20
    endloop
  endfacet
  facet normal 0.857774 0.514027 0
    outer loop
      vertex -7.71107 39.5458 0
      vertex -7.63035 39.4111 20
      vertex -7.63035 39.4111 0
    endloop
  endfacet
  facet normal -0.146484 -0.989213 0
    outer loop
      vertex -6.14317 41.8923 0
      vertex -5.98785 41.8693 20
      vertex -6.14317 41.8923 20
    endloop
  endfacet
  facet normal -0.146484 -0.989213 -0
    outer loop
      vertex -5.98785 41.8693 20
      vertex -6.14317 41.8923 0
      vertex -5.98785 41.8693 0
    endloop
  endfacet
  facet normal -0.0490387 -0.998797 0
    outer loop
      vertex -6.3 41.9 0
      vertex -6.14317 41.8923 20
      vertex -6.3 41.9 20
    endloop
  endfacet
  facet normal -0.0490387 -0.998797 -0
    outer loop
      vertex -6.14317 41.8923 20
      vertex -6.3 41.9 0
      vertex -6.14317 41.8923 0
    endloop
  endfacet
  facet normal 0.24327 0.969959 -0
    outer loop
      vertex -6.61214 38.7307 0
      vertex -6.76445 38.7689 20
      vertex -6.61214 38.7307 20
    endloop
  endfacet
  facet normal 0.24327 0.969959 0
    outer loop
      vertex -6.76445 38.7689 20
      vertex -6.61214 38.7307 0
      vertex -6.76445 38.7689 0
    endloop
  endfacet
  facet normal 0.146493 0.989212 -0
    outer loop
      vertex -6.45683 38.7077 0
      vertex -6.61214 38.7307 20
      vertex -6.45683 38.7077 20
    endloop
  endfacet
  facet normal 0.146493 0.989212 0
    outer loop
      vertex -6.61214 38.7307 20
      vertex -6.45683 38.7077 0
      vertex -6.61214 38.7307 0
    endloop
  endfacet
  facet normal 0.903925 0.427692 0
    outer loop
      vertex -7.71107 39.5458 20
      vertex -7.77821 39.6877 0
      vertex -7.77821 39.6877 20
    endloop
  endfacet
  facet normal 0.903925 0.427692 0
    outer loop
      vertex -7.77821 39.6877 0
      vertex -7.71107 39.5458 20
      vertex -7.71107 39.5458 0
    endloop
  endfacet
  facet normal 0.998797 -0.0490387 0
    outer loop
      vertex 38.7 -6.3 20
      vertex 38.7077 -6.14317 0
      vertex 38.7077 -6.14317 20
    endloop
  endfacet
  facet normal 0.998797 -0.0490387 0
    outer loop
      vertex 38.7077 -6.14317 0
      vertex 38.7 -6.3 20
      vertex 38.7 -6.3 0
    endloop
  endfacet
  facet normal -0.989213 -0.146484 0
    outer loop
      vertex 41.8923 -6.14317 0
      vertex 41.8693 -5.98785 20
      vertex 41.8693 -5.98785 0
    endloop
  endfacet
  facet normal -0.989213 -0.146484 0
    outer loop
      vertex 41.8693 -5.98785 20
      vertex 41.8923 -6.14317 0
      vertex 41.8923 -6.14317 20
    endloop
  endfacet
  facet normal -0.998797 -0.0490387 0
    outer loop
      vertex 41.9 -6.3 0
      vertex 41.8923 -6.14317 20
      vertex 41.8923 -6.14317 0
    endloop
  endfacet
  facet normal -0.998797 -0.0490387 0
    outer loop
      vertex 41.8923 -6.14317 20
      vertex 41.9 -6.3 0
      vertex 41.9 -6.3 20
    endloop
  endfacet
  facet normal -0.969959 -0.24327 0
    outer loop
      vertex 41.8693 -5.98785 0
      vertex 41.8311 -5.83554 20
      vertex 41.8311 -5.83554 0
    endloop
  endfacet
  facet normal -0.969959 -0.24327 0
    outer loop
      vertex 41.8311 -5.83554 20
      vertex 41.8693 -5.98785 0
      vertex 41.8693 -5.98785 20
    endloop
  endfacet
  facet normal -0.146752 -0.989173 0
    outer loop
      vertex 40.4568 -4.7077 0
      vertex 40.6121 -4.73074 20
      vertex 40.4568 -4.7077 20
    endloop
  endfacet
  facet normal -0.146752 -0.989173 -0
    outer loop
      vertex 40.6121 -4.73074 20
      vertex 40.4568 -4.7077 0
      vertex 40.6121 -4.73074 0
    endloop
  endfacet
  facet normal 0.969959 0.24327 0
    outer loop
      vertex 38.7689 -6.76445 20
      vertex 38.7307 -6.61214 0
      vertex 38.7307 -6.61214 20
    endloop
  endfacet
  facet normal 0.969959 0.24327 0
    outer loop
      vertex 38.7307 -6.61214 0
      vertex 38.7689 -6.76445 20
      vertex 38.7689 -6.76445 0
    endloop
  endfacet
  facet normal 0.336926 0.941531 -0
    outer loop
      vertex 39.8355 -7.8311 0
      vertex 39.6877 -7.77821 20
      vertex 39.8355 -7.8311 20
    endloop
  endfacet
  facet normal 0.336926 0.941531 0
    outer loop
      vertex 39.6877 -7.77821 20
      vertex 39.8355 -7.8311 0
      vertex 39.6877 -7.77821 0
    endloop
  endfacet
  facet normal -0.998797 0.0490387 0
    outer loop
      vertex 41.8923 -6.45683 0
      vertex 41.9 -6.3 20
      vertex 41.9 -6.3 0
    endloop
  endfacet
  facet normal -0.998797 0.0490387 0
    outer loop
      vertex 41.9 -6.3 20
      vertex 41.8923 -6.45683 0
      vertex 41.8923 -6.45683 20
    endloop
  endfacet
  facet normal 0.989213 -0.146484 0
    outer loop
      vertex 38.7077 -6.14317 20
      vertex 38.7307 -5.98785 0
      vertex 38.7307 -5.98785 20
    endloop
  endfacet
  facet normal 0.989213 -0.146484 0
    outer loop
      vertex 38.7307 -5.98785 0
      vertex 38.7077 -6.14317 20
      vertex 38.7077 -6.14317 0
    endloop
  endfacet
  facet normal -0.146689 0.989183 0
    outer loop
      vertex 40.6121 -7.86926 0
      vertex 40.4568 -7.89229 20
      vertex 40.6121 -7.86926 20
    endloop
  endfacet
  facet normal -0.146689 0.989183 0
    outer loop
      vertex 40.4568 -7.89229 20
      vertex 40.6121 -7.86926 0
      vertex 40.4568 -7.89229 0
    endloop
  endfacet
  facet normal -0.941533 -0.336921 0
    outer loop
      vertex 41.8311 -5.83554 0
      vertex 41.7782 -5.68771 20
      vertex 41.7782 -5.68771 0
    endloop
  endfacet
  facet normal -0.941533 -0.336921 0
    outer loop
      vertex 41.7782 -5.68771 20
      vertex 41.8311 -5.83554 0
      vertex 41.8311 -5.83554 20
    endloop
  endfacet
  facet normal 0.427692 -0.903925 0
    outer loop
      vertex 39.5458 -4.88893 0
      vertex 39.6877 -4.82179 20
      vertex 39.5458 -4.88893 20
    endloop
  endfacet
  facet normal 0.427692 -0.903925 0
    outer loop
      vertex 39.6877 -4.82179 20
      vertex 39.5458 -4.88893 0
      vertex 39.6877 -4.82179 0
    endloop
  endfacet
  facet normal -0.969959 0.24327 0
    outer loop
      vertex 41.8311 -6.76445 0
      vertex 41.8693 -6.61214 20
      vertex 41.8693 -6.61214 0
    endloop
  endfacet
  facet normal -0.969959 0.24327 0
    outer loop
      vertex 41.8693 -6.61214 20
      vertex 41.8311 -6.76445 0
      vertex 41.8311 -6.76445 20
    endloop
  endfacet
  facet normal 0.427692 0.903925 -0
    outer loop
      vertex 39.6877 -7.77821 0
      vertex 39.5458 -7.71107 20
      vertex 39.6877 -7.77821 20
    endloop
  endfacet
  facet normal 0.427692 0.903925 0
    outer loop
      vertex 39.5458 -7.71107 20
      vertex 39.6877 -7.77821 0
      vertex 39.5458 -7.71107 0
    endloop
  endfacet
  facet normal 0.242895 -0.970053 0
    outer loop
      vertex 39.8355 -4.7689 0
      vertex 39.9879 -4.73074 20
      vertex 39.8355 -4.7689 20
    endloop
  endfacet
  facet normal 0.242895 -0.970053 0
    outer loop
      vertex 39.9879 -4.73074 20
      vertex 39.8355 -4.7689 0
      vertex 39.9879 -4.73074 0
    endloop
  endfacet
  facet normal 0.904081 -0.427361 0
    outer loop
      vertex 38.8218 -5.68771 20
      vertex 38.8889 -5.54576 0
      vertex 38.8889 -5.54576 20
    endloop
  endfacet
  facet normal 0.904081 -0.427361 0
    outer loop
      vertex 38.8889 -5.54576 0
      vertex 38.8218 -5.68771 20
      vertex 38.8218 -5.68771 0
    endloop
  endfacet
  facet normal 0.90407 0.427385 0
    outer loop
      vertex 38.8889 -7.05423 20
      vertex 38.8218 -6.91229 0
      vertex 38.8218 -6.91229 20
    endloop
  endfacet
  facet normal 0.90407 0.427385 0
    outer loop
      vertex 38.8218 -6.91229 0
      vertex 38.8889 -7.05423 20
      vertex 38.8889 -7.05423 0
    endloop
  endfacet
  facet normal -0.336926 -0.941531 0
    outer loop
      vertex 40.7645 -4.7689 0
      vertex 40.9123 -4.82179 20
      vertex 40.7645 -4.7689 20
    endloop
  endfacet
  facet normal -0.336926 -0.941531 -0
    outer loop
      vertex 40.9123 -4.82179 20
      vertex 40.7645 -4.7689 0
      vertex 40.9123 -4.82179 0
    endloop
  endfacet
  facet normal -0.242895 -0.970053 0
    outer loop
      vertex 40.6121 -4.73074 0
      vertex 40.7645 -4.7689 20
      vertex 40.6121 -4.73074 20
    endloop
  endfacet
  facet normal -0.242895 -0.970053 -0
    outer loop
      vertex 40.7645 -4.7689 20
      vertex 40.6121 -4.73074 0
      vertex 40.7645 -4.7689 0
    endloop
  endfacet
  facet normal 0.336926 -0.941531 0
    outer loop
      vertex 39.6877 -4.82179 0
      vertex 39.8355 -4.7689 20
      vertex 39.6877 -4.82179 20
    endloop
  endfacet
  facet normal 0.336926 -0.941531 0
    outer loop
      vertex 39.8355 -4.7689 20
      vertex 39.6877 -4.82179 0
      vertex 39.8355 -4.7689 0
    endloop
  endfacet
  facet normal -0.803015 0.595958 0
    outer loop
      vertex 41.5368 -7.31503 0
      vertex 41.6304 -7.18891 20
      vertex 41.6304 -7.18891 0
    endloop
  endfacet
  facet normal -0.803015 0.595958 0
    outer loop
      vertex 41.6304 -7.18891 20
      vertex 41.5368 -7.31503 0
      vertex 41.5368 -7.31503 20
    endloop
  endfacet
  facet normal 0.857499 -0.514486 0
    outer loop
      vertex 38.8889 -5.54576 20
      vertex 38.9697 -5.41109 0
      vertex 38.9697 -5.41109 20
    endloop
  endfacet
  facet normal 0.857499 -0.514486 0
    outer loop
      vertex 38.9697 -5.41109 0
      vertex 38.8889 -5.54576 20
      vertex 38.8889 -5.54576 0
    endloop
  endfacet
  facet normal -0.671388 -0.741106 0
    outer loop
      vertex 41.315 -5.06318 0
      vertex 41.4314 -5.16863 20
      vertex 41.315 -5.06318 20
    endloop
  endfacet
  facet normal -0.671388 -0.741106 -0
    outer loop
      vertex 41.4314 -5.16863 20
      vertex 41.315 -5.06318 0
      vertex 41.4314 -5.16863 0
    endloop
  endfacet
  facet normal -0.0491116 0.998793 0
    outer loop
      vertex 40.4568 -7.89229 0
      vertex 40.3 -7.9 20
      vertex 40.4568 -7.89229 20
    endloop
  endfacet
  facet normal -0.0491116 0.998793 0
    outer loop
      vertex 40.3 -7.9 20
      vertex 40.4568 -7.89229 0
      vertex 40.3 -7.9 0
    endloop
  endfacet
  facet normal -0.427692 -0.903925 0
    outer loop
      vertex 40.9123 -4.82179 0
      vertex 41.0542 -4.88893 20
      vertex 40.9123 -4.82179 20
    endloop
  endfacet
  facet normal -0.427692 -0.903925 -0
    outer loop
      vertex 41.0542 -4.88893 20
      vertex 40.9123 -4.82179 0
      vertex 41.0542 -4.88893 0
    endloop
  endfacet
  facet normal 0.741092 0.671404 0
    outer loop
      vertex 39.1686 -7.43137 20
      vertex 39.0632 -7.31503 0
      vertex 39.0632 -7.31503 20
    endloop
  endfacet
  facet normal 0.741092 0.671404 0
    outer loop
      vertex 39.0632 -7.31503 0
      vertex 39.1686 -7.43137 20
      vertex 39.1686 -7.43137 0
    endloop
  endfacet
  facet normal -0.904081 -0.427361 0
    outer loop
      vertex 41.7782 -5.68771 0
      vertex 41.7111 -5.54576 20
      vertex 41.7111 -5.54576 0
    endloop
  endfacet
  facet normal -0.904081 -0.427361 0
    outer loop
      vertex 41.7111 -5.54576 20
      vertex 41.7782 -5.68771 0
      vertex 41.7782 -5.68771 20
    endloop
  endfacet
  facet normal -0.857796 0.51399 0
    outer loop
      vertex 41.6304 -7.18891 0
      vertex 41.7111 -7.05423 20
      vertex 41.7111 -7.05423 0
    endloop
  endfacet
  facet normal -0.857796 0.51399 0
    outer loop
      vertex 41.7111 -7.05423 20
      vertex 41.6304 -7.18891 0
      vertex 41.6304 -7.18891 20
    endloop
  endfacet
  facet normal 0.94154 0.336901 0
    outer loop
      vertex 38.8218 -6.91229 20
      vertex 38.7689 -6.76445 0
      vertex 38.7689 -6.76445 20
    endloop
  endfacet
  facet normal 0.94154 0.336901 0
    outer loop
      vertex 38.7689 -6.76445 0
      vertex 38.8218 -6.91229 20
      vertex 38.8218 -6.91229 0
    endloop
  endfacet
  facet normal -0.514027 -0.857774 0
    outer loop
      vertex 41.0542 -4.88893 0
      vertex 41.1889 -4.96965 20
      vertex 41.0542 -4.88893 20
    endloop
  endfacet
  facet normal -0.514027 -0.857774 -0
    outer loop
      vertex 41.1889 -4.96965 20
      vertex 41.0542 -4.88893 0
      vertex 41.1889 -4.96965 0
    endloop
  endfacet
  facet normal 0.0491116 0.998793 -0
    outer loop
      vertex 40.3 -7.9 0
      vertex 40.1432 -7.89229 20
      vertex 40.3 -7.9 20
    endloop
  endfacet
  facet normal 0.0491116 0.998793 0
    outer loop
      vertex 40.1432 -7.89229 20
      vertex 40.3 -7.9 0
      vertex 40.1432 -7.89229 0
    endloop
  endfacet
  facet normal -0.595732 0.803184 0
    outer loop
      vertex 41.315 -7.53682 0
      vertex 41.1889 -7.63035 20
      vertex 41.315 -7.53682 20
    endloop
  endfacet
  facet normal -0.595732 0.803184 0
    outer loop
      vertex 41.1889 -7.63035 20
      vertex 41.315 -7.53682 0
      vertex 41.1889 -7.63035 0
    endloop
  endfacet
  facet normal 0.969959 -0.24327 0
    outer loop
      vertex 38.7307 -5.98785 20
      vertex 38.7689 -5.83554 0
      vertex 38.7689 -5.83554 20
    endloop
  endfacet
  facet normal 0.969959 -0.24327 0
    outer loop
      vertex 38.7689 -5.83554 0
      vertex 38.7307 -5.98785 20
      vertex 38.7307 -5.98785 0
    endloop
  endfacet
  facet normal -0.336926 0.941531 0
    outer loop
      vertex 40.9123 -7.77821 0
      vertex 40.7645 -7.8311 20
      vertex 40.9123 -7.77821 20
    endloop
  endfacet
  facet normal -0.336926 0.941531 0
    outer loop
      vertex 40.7645 -7.8311 20
      vertex 40.9123 -7.77821 0
      vertex 40.7645 -7.8311 0
    endloop
  endfacet
  facet normal -0.803015 -0.595958 0
    outer loop
      vertex 41.6304 -5.41109 0
      vertex 41.5368 -5.28497 20
      vertex 41.5368 -5.28497 0
    endloop
  endfacet
  facet normal -0.803015 -0.595958 0
    outer loop
      vertex 41.5368 -5.28497 20
      vertex 41.6304 -5.41109 0
      vertex 41.6304 -5.41109 20
    endloop
  endfacet
  facet normal 0.514027 0.857774 -0
    outer loop
      vertex 39.5458 -7.71107 0
      vertex 39.4111 -7.63035 20
      vertex 39.5458 -7.71107 20
    endloop
  endfacet
  facet normal 0.514027 0.857774 0
    outer loop
      vertex 39.4111 -7.63035 20
      vertex 39.5458 -7.71107 0
      vertex 39.4111 -7.63035 0
    endloop
  endfacet
  facet normal -0.595732 -0.803184 0
    outer loop
      vertex 41.1889 -4.96965 0
      vertex 41.315 -5.06318 20
      vertex 41.1889 -4.96965 20
    endloop
  endfacet
  facet normal -0.595732 -0.803184 -0
    outer loop
      vertex 41.315 -5.06318 20
      vertex 41.1889 -4.96965 0
      vertex 41.315 -5.06318 0
    endloop
  endfacet
  facet normal -0.90407 0.427385 0
    outer loop
      vertex 41.7111 -7.05423 0
      vertex 41.7782 -6.91229 20
      vertex 41.7782 -6.91229 0
    endloop
  endfacet
  facet normal -0.90407 0.427385 0
    outer loop
      vertex 41.7782 -6.91229 20
      vertex 41.7111 -7.05423 0
      vertex 41.7111 -7.05423 20
    endloop
  endfacet
  facet normal -0.741092 0.671404 0
    outer loop
      vertex 41.4314 -7.43137 0
      vertex 41.5368 -7.31503 20
      vertex 41.5368 -7.31503 0
    endloop
  endfacet
  facet normal -0.741092 0.671404 0
    outer loop
      vertex 41.5368 -7.31503 20
      vertex 41.4314 -7.43137 0
      vertex 41.4314 -7.43137 20
    endloop
  endfacet
  facet normal -0.049048 -0.998796 0
    outer loop
      vertex 40.3 -4.7 0
      vertex 40.4568 -4.7077 20
      vertex 40.3 -4.7 20
    endloop
  endfacet
  facet normal -0.049048 -0.998796 -0
    outer loop
      vertex 40.4568 -4.7077 20
      vertex 40.3 -4.7 0
      vertex 40.4568 -4.7077 0
    endloop
  endfacet
  facet normal -0.427692 0.903925 0
    outer loop
      vertex 41.0542 -7.71107 0
      vertex 40.9123 -7.77821 20
      vertex 41.0542 -7.71107 20
    endloop
  endfacet
  facet normal -0.427692 0.903925 0
    outer loop
      vertex 40.9123 -7.77821 20
      vertex 41.0542 -7.71107 0
      vertex 40.9123 -7.77821 0
    endloop
  endfacet
  facet normal 0.146752 -0.989173 0
    outer loop
      vertex 39.9879 -4.73074 0
      vertex 40.1432 -4.7077 20
      vertex 39.9879 -4.73074 20
    endloop
  endfacet
  facet normal 0.146752 -0.989173 0
    outer loop
      vertex 40.1432 -4.7077 20
      vertex 39.9879 -4.73074 0
      vertex 40.1432 -4.7077 0
    endloop
  endfacet
  facet normal -0.989212 0.146493 0
    outer loop
      vertex 41.8693 -6.61214 0
      vertex 41.8923 -6.45683 20
      vertex 41.8923 -6.45683 0
    endloop
  endfacet
  facet normal -0.989212 0.146493 0
    outer loop
      vertex 41.8923 -6.45683 20
      vertex 41.8693 -6.61214 0
      vertex 41.8693 -6.61214 20
    endloop
  endfacet
  facet normal -0.242895 0.970053 0
    outer loop
      vertex 40.7645 -7.8311 0
      vertex 40.6121 -7.86926 20
      vertex 40.7645 -7.8311 20
    endloop
  endfacet
  facet normal -0.242895 0.970053 0
    outer loop
      vertex 40.6121 -7.86926 20
      vertex 40.7645 -7.8311 0
      vertex 40.6121 -7.86926 0
    endloop
  endfacet
  facet normal 0.671388 -0.741106 0
    outer loop
      vertex 39.1686 -5.16863 0
      vertex 39.285 -5.06318 20
      vertex 39.1686 -5.16863 20
    endloop
  endfacet
  facet normal 0.671388 -0.741106 0
    outer loop
      vertex 39.285 -5.06318 20
      vertex 39.1686 -5.16863 0
      vertex 39.285 -5.06318 0
    endloop
  endfacet
  facet normal -0.857779 -0.514018 0
    outer loop
      vertex 41.7111 -5.54576 0
      vertex 41.6304 -5.41109 20
      vertex 41.6304 -5.41109 0
    endloop
  endfacet
  facet normal -0.857779 -0.514018 0
    outer loop
      vertex 41.6304 -5.41109 20
      vertex 41.7111 -5.54576 0
      vertex 41.7111 -5.54576 20
    endloop
  endfacet
  facet normal -0.741092 -0.671404 0
    outer loop
      vertex 41.5368 -5.28497 0
      vertex 41.4314 -5.16863 20
      vertex 41.4314 -5.16863 0
    endloop
  endfacet
  facet normal -0.741092 -0.671404 0
    outer loop
      vertex 41.4314 -5.16863 20
      vertex 41.5368 -5.28497 0
      vertex 41.5368 -5.28497 20
    endloop
  endfacet
  facet normal 0.80332 0.595547 0
    outer loop
      vertex 39.0632 -7.31503 20
      vertex 38.9697 -7.18891 0
      vertex 38.9697 -7.18891 20
    endloop
  endfacet
  facet normal 0.80332 0.595547 0
    outer loop
      vertex 38.9697 -7.18891 0
      vertex 39.0632 -7.31503 20
      vertex 39.0632 -7.31503 0
    endloop
  endfacet
  facet normal -0.94154 0.336901 0
    outer loop
      vertex 41.7782 -6.91229 0
      vertex 41.8311 -6.76445 20
      vertex 41.8311 -6.76445 0
    endloop
  endfacet
  facet normal -0.94154 0.336901 0
    outer loop
      vertex 41.8311 -6.76445 20
      vertex 41.7782 -6.91229 0
      vertex 41.7782 -6.91229 20
    endloop
  endfacet
  facet normal 0.741092 -0.671404 0
    outer loop
      vertex 39.0632 -5.28497 20
      vertex 39.1686 -5.16863 0
      vertex 39.1686 -5.16863 20
    endloop
  endfacet
  facet normal 0.741092 -0.671404 0
    outer loop
      vertex 39.1686 -5.16863 0
      vertex 39.0632 -5.28497 20
      vertex 39.0632 -5.28497 0
    endloop
  endfacet
  facet normal 0.595732 0.803184 -0
    outer loop
      vertex 39.4111 -7.63035 0
      vertex 39.285 -7.53682 20
      vertex 39.4111 -7.63035 20
    endloop
  endfacet
  facet normal 0.595732 0.803184 0
    outer loop
      vertex 39.285 -7.53682 20
      vertex 39.4111 -7.63035 0
      vertex 39.285 -7.53682 0
    endloop
  endfacet
  facet normal 0.671388 0.741106 -0
    outer loop
      vertex 39.285 -7.53682 0
      vertex 39.1686 -7.43137 20
      vertex 39.285 -7.53682 20
    endloop
  endfacet
  facet normal 0.671388 0.741106 0
    outer loop
      vertex 39.1686 -7.43137 20
      vertex 39.285 -7.53682 0
      vertex 39.1686 -7.43137 0
    endloop
  endfacet
  facet normal -0.514027 0.857774 0
    outer loop
      vertex 41.1889 -7.63035 0
      vertex 41.0542 -7.71107 20
      vertex 41.1889 -7.63035 20
    endloop
  endfacet
  facet normal -0.514027 0.857774 0
    outer loop
      vertex 41.0542 -7.71107 20
      vertex 41.1889 -7.63035 0
      vertex 41.0542 -7.71107 0
    endloop
  endfacet
  facet normal -0.671388 0.741106 0
    outer loop
      vertex 41.4314 -7.43137 0
      vertex 41.315 -7.53682 20
      vertex 41.4314 -7.43137 20
    endloop
  endfacet
  facet normal -0.671388 0.741106 0
    outer loop
      vertex 41.315 -7.53682 20
      vertex 41.4314 -7.43137 0
      vertex 41.315 -7.53682 0
    endloop
  endfacet
  facet normal 0.049048 -0.998796 0
    outer loop
      vertex 40.1432 -4.7077 0
      vertex 40.3 -4.7 20
      vertex 40.1432 -4.7077 20
    endloop
  endfacet
  facet normal 0.049048 -0.998796 0
    outer loop
      vertex 40.3 -4.7 20
      vertex 40.1432 -4.7077 0
      vertex 40.3 -4.7 0
    endloop
  endfacet
  facet normal 0.242895 0.970053 -0
    outer loop
      vertex 39.9879 -7.86926 0
      vertex 39.8355 -7.8311 20
      vertex 39.9879 -7.86926 20
    endloop
  endfacet
  facet normal 0.242895 0.970053 0
    outer loop
      vertex 39.8355 -7.8311 20
      vertex 39.9879 -7.86926 0
      vertex 39.8355 -7.8311 0
    endloop
  endfacet
  facet normal 0.989212 0.146493 0
    outer loop
      vertex 38.7307 -6.61214 20
      vertex 38.7077 -6.45683 0
      vertex 38.7077 -6.45683 20
    endloop
  endfacet
  facet normal 0.989212 0.146493 0
    outer loop
      vertex 38.7077 -6.45683 0
      vertex 38.7307 -6.61214 20
      vertex 38.7307 -6.61214 0
    endloop
  endfacet
  facet normal 0.514027 -0.857774 0
    outer loop
      vertex 39.4111 -4.96965 0
      vertex 39.5458 -4.88893 20
      vertex 39.4111 -4.96965 20
    endloop
  endfacet
  facet normal 0.514027 -0.857774 0
    outer loop
      vertex 39.5458 -4.88893 20
      vertex 39.4111 -4.96965 0
      vertex 39.5458 -4.88893 0
    endloop
  endfacet
  facet normal 0.595732 -0.803184 0
    outer loop
      vertex 39.285 -5.06318 0
      vertex 39.4111 -4.96965 20
      vertex 39.285 -5.06318 20
    endloop
  endfacet
  facet normal 0.595732 -0.803184 0
    outer loop
      vertex 39.4111 -4.96965 20
      vertex 39.285 -5.06318 0
      vertex 39.4111 -4.96965 0
    endloop
  endfacet
  facet normal 0.941533 -0.336921 0
    outer loop
      vertex 38.7689 -5.83554 20
      vertex 38.8218 -5.68771 0
      vertex 38.8218 -5.68771 20
    endloop
  endfacet
  facet normal 0.941533 -0.336921 0
    outer loop
      vertex 38.8218 -5.68771 0
      vertex 38.7689 -5.83554 20
      vertex 38.7689 -5.83554 0
    endloop
  endfacet
  facet normal 0.857515 0.514458 0
    outer loop
      vertex 38.9697 -7.18891 20
      vertex 38.8889 -7.05423 0
      vertex 38.8889 -7.05423 20
    endloop
  endfacet
  facet normal 0.857515 0.514458 0
    outer loop
      vertex 38.8889 -7.05423 0
      vertex 38.9697 -7.18891 20
      vertex 38.9697 -7.18891 0
    endloop
  endfacet
  facet normal 0.998797 0.0490387 0
    outer loop
      vertex 38.7077 -6.45683 20
      vertex 38.7 -6.3 0
      vertex 38.7 -6.3 20
    endloop
  endfacet
  facet normal 0.998797 0.0490387 0
    outer loop
      vertex 38.7 -6.3 0
      vertex 38.7077 -6.45683 20
      vertex 38.7077 -6.45683 0
    endloop
  endfacet
  facet normal 0.146689 0.989183 -0
    outer loop
      vertex 40.1432 -7.89229 0
      vertex 39.9879 -7.86926 20
      vertex 40.1432 -7.89229 20
    endloop
  endfacet
  facet normal 0.146689 0.989183 0
    outer loop
      vertex 39.9879 -7.86926 20
      vertex 40.1432 -7.89229 0
      vertex 39.9879 -7.86926 0
    endloop
  endfacet
  facet normal 0.80332 -0.595547 0
    outer loop
      vertex 38.9697 -5.41109 20
      vertex 39.0632 -5.28497 0
      vertex 39.0632 -5.28497 20
    endloop
  endfacet
  facet normal 0.80332 -0.595547 0
    outer loop
      vertex 39.0632 -5.28497 0
      vertex 38.9697 -5.41109 20
      vertex 38.9697 -5.41109 0
    endloop
  endfacet
  facet normal 0.336982 0.941511 -0
    outer loop
      vertex 39.8355 38.7689 0
      vertex 39.6877 38.8218 20
      vertex 39.8355 38.7689 20
    endloop
  endfacet
  facet normal 0.336982 0.941511 0
    outer loop
      vertex 39.6877 38.8218 20
      vertex 39.8355 38.7689 0
      vertex 39.6877 38.8218 0
    endloop
  endfacet
  facet normal -0.98921 -0.146502 0
    outer loop
      vertex 41.8923 40.4568 0
      vertex 41.8693 40.6121 20
      vertex 41.8693 40.6121 0
    endloop
  endfacet
  facet normal -0.98921 -0.146502 0
    outer loop
      vertex 41.8693 40.6121 20
      vertex 41.8923 40.4568 0
      vertex 41.8923 40.4568 20
    endloop
  endfacet
  facet normal -0.998796 -0.049048 0
    outer loop
      vertex 41.9 40.3 0
      vertex 41.8923 40.4568 20
      vertex 41.8923 40.4568 0
    endloop
  endfacet
  facet normal -0.998796 -0.049048 0
    outer loop
      vertex 41.8923 40.4568 20
      vertex 41.9 40.3 0
      vertex 41.9 40.3 20
    endloop
  endfacet
  facet normal -0.969993 -0.243135 0
    outer loop
      vertex 41.8693 40.6121 0
      vertex 41.8311 40.7645 20
      vertex 41.8311 40.7645 0
    endloop
  endfacet
  facet normal -0.969993 -0.243135 0
    outer loop
      vertex 41.8311 40.7645 20
      vertex 41.8693 40.6121 0
      vertex 41.8693 40.6121 20
    endloop
  endfacet
  facet normal 0.98921 -0.146502 0
    outer loop
      vertex 38.7077 40.4568 20
      vertex 38.7307 40.6121 0
      vertex 38.7307 40.6121 20
    endloop
  endfacet
  facet normal 0.98921 -0.146502 0
    outer loop
      vertex 38.7307 40.6121 0
      vertex 38.7077 40.4568 20
      vertex 38.7077 40.4568 0
    endloop
  endfacet
  facet normal 0.243135 0.969993 -0
    outer loop
      vertex 39.9879 38.7307 0
      vertex 39.8355 38.7689 20
      vertex 39.9879 38.7307 20
    endloop
  endfacet
  facet normal 0.243135 0.969993 0
    outer loop
      vertex 39.8355 38.7689 20
      vertex 39.9879 38.7307 0
      vertex 39.8355 38.7689 0
    endloop
  endfacet
  facet normal -0.336982 -0.941511 0
    outer loop
      vertex 40.7645 41.8311 0
      vertex 40.9123 41.7782 20
      vertex 40.7645 41.8311 20
    endloop
  endfacet
  facet normal -0.336982 -0.941511 -0
    outer loop
      vertex 40.9123 41.7782 20
      vertex 40.7645 41.8311 0
      vertex 40.9123 41.7782 0
    endloop
  endfacet
  facet normal 0.513934 -0.85783 0
    outer loop
      vertex 39.4111 41.6304 0
      vertex 39.5458 41.7111 20
      vertex 39.4111 41.6304 20
    endloop
  endfacet
  facet normal 0.513934 -0.85783 0
    outer loop
      vertex 39.5458 41.7111 20
      vertex 39.4111 41.6304 0
      vertex 39.5458 41.7111 0
    endloop
  endfacet
  facet normal 0.904023 0.427484 0
    outer loop
      vertex 38.8889 39.5458 20
      vertex 38.8218 39.6877 0
      vertex 38.8218 39.6877 20
    endloop
  endfacet
  facet normal 0.904023 0.427484 0
    outer loop
      vertex 38.8218 39.6877 0
      vertex 38.8889 39.5458 20
      vertex 38.8889 39.5458 0
    endloop
  endfacet
  facet normal 0.243135 -0.969993 0
    outer loop
      vertex 39.8355 41.8311 0
      vertex 39.9879 41.8693 20
      vertex 39.8355 41.8311 20
    endloop
  endfacet
  facet normal 0.243135 -0.969993 0
    outer loop
      vertex 39.9879 41.8693 20
      vertex 39.8355 41.8311 0
      vertex 39.9879 41.8693 0
    endloop
  endfacet
  facet normal 0.857549 0.514402 0
    outer loop
      vertex 38.9697 39.4111 20
      vertex 38.8889 39.5458 0
      vertex 38.8889 39.5458 20
    endloop
  endfacet
  facet normal 0.857549 0.514402 0
    outer loop
      vertex 38.8889 39.5458 0
      vertex 38.9697 39.4111 20
      vertex 38.9697 39.4111 0
    endloop
  endfacet
  facet normal -0.243135 0.969993 0
    outer loop
      vertex 40.7645 38.7689 0
      vertex 40.6121 38.7307 20
      vertex 40.7645 38.7689 20
    endloop
  endfacet
  facet normal -0.243135 0.969993 0
    outer loop
      vertex 40.6121 38.7307 20
      vertex 40.7645 38.7689 0
      vertex 40.6121 38.7307 0
    endloop
  endfacet
  facet normal 0.595608 0.803275 -0
    outer loop
      vertex 39.4111 38.9697 0
      vertex 39.285 39.0632 20
      vertex 39.4111 38.9697 20
    endloop
  endfacet
  facet normal 0.595608 0.803275 0
    outer loop
      vertex 39.285 39.0632 20
      vertex 39.4111 38.9697 0
      vertex 39.285 39.0632 0
    endloop
  endfacet
  facet normal -0.514402 0.857549 0
    outer loop
      vertex 41.1889 38.9697 0
      vertex 41.0542 38.8889 20
      vertex 41.1889 38.9697 20
    endloop
  endfacet
  facet normal -0.514402 0.857549 0
    outer loop
      vertex 41.0542 38.8889 20
      vertex 41.1889 38.9697 0
      vertex 41.0542 38.8889 0
    endloop
  endfacet
  facet normal -0.80297 0.596019 0
    outer loop
      vertex 41.5368 39.285 0
      vertex 41.6304 39.4111 20
      vertex 41.6304 39.4111 0
    endloop
  endfacet
  facet normal -0.80297 0.596019 0
    outer loop
      vertex 41.6304 39.4111 20
      vertex 41.5368 39.285 0
      vertex 41.5368 39.285 20
    endloop
  endfacet
  facet normal -0.146502 -0.98921 0
    outer loop
      vertex 40.4568 41.8923 0
      vertex 40.6121 41.8693 20
      vertex 40.4568 41.8923 20
    endloop
  endfacet
  facet normal -0.146502 -0.98921 -0
    outer loop
      vertex 40.6121 41.8693 20
      vertex 40.4568 41.8923 0
      vertex 40.6121 41.8693 0
    endloop
  endfacet
  facet normal 0.596019 -0.80297 0
    outer loop
      vertex 39.285 41.5368 0
      vertex 39.4111 41.6304 20
      vertex 39.285 41.5368 20
    endloop
  endfacet
  facet normal 0.596019 -0.80297 0
    outer loop
      vertex 39.4111 41.6304 20
      vertex 39.285 41.5368 0
      vertex 39.4111 41.6304 0
    endloop
  endfacet
  facet normal -0.427484 0.904023 0
    outer loop
      vertex 41.0542 38.8889 0
      vertex 40.9123 38.8218 20
      vertex 41.0542 38.8889 20
    endloop
  endfacet
  facet normal -0.427484 0.904023 0
    outer loop
      vertex 40.9123 38.8218 20
      vertex 41.0542 38.8889 0
      vertex 40.9123 38.8218 0
    endloop
  endfacet
  facet normal 0.803275 -0.595608 0
    outer loop
      vertex 38.9697 41.1889 20
      vertex 39.0632 41.315 0
      vertex 39.0632 41.315 20
    endloop
  endfacet
  facet normal 0.803275 -0.595608 0
    outer loop
      vertex 39.0632 41.315 0
      vertex 38.9697 41.1889 20
      vertex 38.9697 41.1889 0
    endloop
  endfacet
  facet normal -0.98921 0.146502 0
    outer loop
      vertex 41.8693 39.9879 0
      vertex 41.8923 40.1432 20
      vertex 41.8923 40.1432 0
    endloop
  endfacet
  facet normal -0.98921 0.146502 0
    outer loop
      vertex 41.8923 40.1432 20
      vertex 41.8693 39.9879 0
      vertex 41.8693 39.9879 20
    endloop
  endfacet
  facet normal 0.941511 -0.336982 0
    outer loop
      vertex 38.7689 40.7645 20
      vertex 38.8218 40.9123 0
      vertex 38.8218 40.9123 20
    endloop
  endfacet
  facet normal 0.941511 -0.336982 0
    outer loop
      vertex 38.8218 40.9123 0
      vertex 38.7689 40.7645 20
      vertex 38.7689 40.7645 0
    endloop
  endfacet
  facet normal -0.427484 -0.904023 0
    outer loop
      vertex 40.9123 41.7782 0
      vertex 41.0542 41.7111 20
      vertex 40.9123 41.7782 20
    endloop
  endfacet
  facet normal -0.427484 -0.904023 -0
    outer loop
      vertex 41.0542 41.7111 20
      vertex 40.9123 41.7782 0
      vertex 41.0542 41.7111 0
    endloop
  endfacet
  facet normal 0.941511 0.336982 0
    outer loop
      vertex 38.8218 39.6877 20
      vertex 38.7689 39.8355 0
      vertex 38.7689 39.8355 20
    endloop
  endfacet
  facet normal 0.941511 0.336982 0
    outer loop
      vertex 38.7689 39.8355 0
      vertex 38.8218 39.6877 20
      vertex 38.8218 39.6877 0
    endloop
  endfacet
  facet normal -0.969993 0.243135 0
    outer loop
      vertex 41.8311 39.8355 0
      vertex 41.8693 39.9879 20
      vertex 41.8693 39.9879 0
    endloop
  endfacet
  facet normal -0.969993 0.243135 0
    outer loop
      vertex 41.8693 39.9879 20
      vertex 41.8311 39.8355 0
      vertex 41.8311 39.8355 20
    endloop
  endfacet
  facet normal 0.049048 -0.998796 0
    outer loop
      vertex 40.1432 41.8923 0
      vertex 40.3 41.9 20
      vertex 40.1432 41.8923 20
    endloop
  endfacet
  facet normal 0.049048 -0.998796 0
    outer loop
      vertex 40.3 41.9 20
      vertex 40.1432 41.8923 0
      vertex 40.3 41.9 0
    endloop
  endfacet
  facet normal 0.427484 -0.904023 0
    outer loop
      vertex 39.5458 41.7111 0
      vertex 39.6877 41.7782 20
      vertex 39.5458 41.7111 20
    endloop
  endfacet
  facet normal 0.427484 -0.904023 0
    outer loop
      vertex 39.6877 41.7782 20
      vertex 39.5458 41.7111 0
      vertex 39.6877 41.7782 0
    endloop
  endfacet
  facet normal 0.671213 -0.741264 0
    outer loop
      vertex 39.1686 41.4314 0
      vertex 39.285 41.5368 20
      vertex 39.1686 41.4314 20
    endloop
  endfacet
  facet normal 0.671213 -0.741264 0
    outer loop
      vertex 39.285 41.5368 20
      vertex 39.1686 41.4314 0
      vertex 39.285 41.5368 0
    endloop
  endfacet
  facet normal -0.336982 0.941511 0
    outer loop
      vertex 40.9123 38.8218 0
      vertex 40.7645 38.7689 20
      vertex 40.9123 38.8218 20
    endloop
  endfacet
  facet normal -0.336982 0.941511 0
    outer loop
      vertex 40.7645 38.7689 20
      vertex 40.9123 38.8218 0
      vertex 40.7645 38.7689 0
    endloop
  endfacet
  facet normal 0.336982 -0.941511 0
    outer loop
      vertex 39.6877 41.7782 0
      vertex 39.8355 41.8311 20
      vertex 39.6877 41.7782 20
    endloop
  endfacet
  facet normal 0.336982 -0.941511 0
    outer loop
      vertex 39.8355 41.8311 20
      vertex 39.6877 41.7782 0
      vertex 39.8355 41.8311 0
    endloop
  endfacet
  facet normal -0.80297 -0.596019 0
    outer loop
      vertex 41.6304 41.1889 0
      vertex 41.5368 41.315 20
      vertex 41.5368 41.315 0
    endloop
  endfacet
  facet normal -0.80297 -0.596019 0
    outer loop
      vertex 41.5368 41.315 20
      vertex 41.6304 41.1889 0
      vertex 41.6304 41.1889 20
    endloop
  endfacet
  facet normal 0.857549 -0.514402 0
    outer loop
      vertex 38.8889 41.0542 20
      vertex 38.9697 41.1889 0
      vertex 38.9697 41.1889 20
    endloop
  endfacet
  facet normal 0.857549 -0.514402 0
    outer loop
      vertex 38.9697 41.1889 0
      vertex 38.8889 41.0542 20
      vertex 38.8889 41.0542 0
    endloop
  endfacet
  facet normal -0.998796 0.049048 0
    outer loop
      vertex 41.8923 40.1432 0
      vertex 41.9 40.3 20
      vertex 41.9 40.3 0
    endloop
  endfacet
  facet normal -0.998796 0.049048 0
    outer loop
      vertex 41.9 40.3 20
      vertex 41.8923 40.1432 0
      vertex 41.8923 40.1432 20
    endloop
  endfacet
  facet normal -0.904023 0.427484 0
    outer loop
      vertex 41.7111 39.5458 0
      vertex 41.7782 39.6877 20
      vertex 41.7782 39.6877 0
    endloop
  endfacet
  facet normal -0.904023 0.427484 0
    outer loop
      vertex 41.7782 39.6877 20
      vertex 41.7111 39.5458 0
      vertex 41.7111 39.5458 20
    endloop
  endfacet
  facet normal -0.85783 -0.513934 0
    outer loop
      vertex 41.7111 41.0542 0
      vertex 41.6304 41.1889 20
      vertex 41.6304 41.1889 0
    endloop
  endfacet
  facet normal -0.85783 -0.513934 0
    outer loop
      vertex 41.6304 41.1889 20
      vertex 41.7111 41.0542 0
      vertex 41.7111 41.0542 20
    endloop
  endfacet
  facet normal 0.671213 0.741264 -0
    outer loop
      vertex 39.285 39.0632 0
      vertex 39.1686 39.1686 20
      vertex 39.285 39.0632 20
    endloop
  endfacet
  facet normal 0.671213 0.741264 0
    outer loop
      vertex 39.1686 39.1686 20
      vertex 39.285 39.0632 0
      vertex 39.1686 39.1686 0
    endloop
  endfacet
  facet normal -0.596019 -0.80297 0
    outer loop
      vertex 41.1889 41.6304 0
      vertex 41.315 41.5368 20
      vertex 41.1889 41.6304 20
    endloop
  endfacet
  facet normal -0.596019 -0.80297 -0
    outer loop
      vertex 41.315 41.5368 20
      vertex 41.1889 41.6304 0
      vertex 41.315 41.5368 0
    endloop
  endfacet
  facet normal 0.514402 0.857549 -0
    outer loop
      vertex 39.5458 38.8889 0
      vertex 39.4111 38.9697 20
      vertex 39.5458 38.8889 20
    endloop
  endfacet
  facet normal 0.514402 0.857549 0
    outer loop
      vertex 39.4111 38.9697 20
      vertex 39.5458 38.8889 0
      vertex 39.4111 38.9697 0
    endloop
  endfacet
  facet normal -0.513934 -0.85783 0
    outer loop
      vertex 41.0542 41.7111 0
      vertex 41.1889 41.6304 20
      vertex 41.0542 41.7111 20
    endloop
  endfacet
  facet normal -0.513934 -0.85783 -0
    outer loop
      vertex 41.1889 41.6304 20
      vertex 41.0542 41.7111 0
      vertex 41.1889 41.6304 0
    endloop
  endfacet
  facet normal -0.146502 0.98921 0
    outer loop
      vertex 40.6121 38.7307 0
      vertex 40.4568 38.7077 20
      vertex 40.6121 38.7307 20
    endloop
  endfacet
  facet normal -0.146502 0.98921 0
    outer loop
      vertex 40.4568 38.7077 20
      vertex 40.6121 38.7307 0
      vertex 40.4568 38.7077 0
    endloop
  endfacet
  facet normal -0.941511 -0.336982 0
    outer loop
      vertex 41.8311 40.7645 0
      vertex 41.7782 40.9123 20
      vertex 41.7782 40.9123 0
    endloop
  endfacet
  facet normal -0.941511 -0.336982 0
    outer loop
      vertex 41.7782 40.9123 20
      vertex 41.8311 40.7645 0
      vertex 41.8311 40.7645 20
    endloop
  endfacet
  facet normal -0.85783 0.513934 0
    outer loop
      vertex 41.6304 39.4111 0
      vertex 41.7111 39.5458 20
      vertex 41.7111 39.5458 0
    endloop
  endfacet
  facet normal -0.85783 0.513934 0
    outer loop
      vertex 41.7111 39.5458 20
      vertex 41.6304 39.4111 0
      vertex 41.6304 39.4111 20
    endloop
  endfacet
  facet normal 0.998796 0.049048 0
    outer loop
      vertex 38.7077 40.1432 20
      vertex 38.7 40.3 0
      vertex 38.7 40.3 20
    endloop
  endfacet
  facet normal 0.998796 0.049048 0
    outer loop
      vertex 38.7 40.3 0
      vertex 38.7077 40.1432 20
      vertex 38.7077 40.1432 0
    endloop
  endfacet
  facet normal -0.941511 0.336982 0
    outer loop
      vertex 41.7782 39.6877 0
      vertex 41.8311 39.8355 20
      vertex 41.8311 39.8355 0
    endloop
  endfacet
  facet normal -0.941511 0.336982 0
    outer loop
      vertex 41.8311 39.8355 20
      vertex 41.7782 39.6877 0
      vertex 41.7782 39.6877 20
    endloop
  endfacet
  facet normal -0.741264 -0.671213 0
    outer loop
      vertex 41.5368 41.315 0
      vertex 41.4314 41.4314 20
      vertex 41.4314 41.4314 0
    endloop
  endfacet
  facet normal -0.741264 -0.671213 0
    outer loop
      vertex 41.4314 41.4314 20
      vertex 41.5368 41.315 0
      vertex 41.5368 41.315 20
    endloop
  endfacet
  facet normal -0.049048 -0.998796 0
    outer loop
      vertex 40.3 41.9 0
      vertex 40.4568 41.8923 20
      vertex 40.3 41.9 20
    endloop
  endfacet
  facet normal -0.049048 -0.998796 -0
    outer loop
      vertex 40.4568 41.8923 20
      vertex 40.3 41.9 0
      vertex 40.4568 41.8923 0
    endloop
  endfacet
  facet normal -0.904023 -0.427484 0
    outer loop
      vertex 41.7782 40.9123 0
      vertex 41.7111 41.0542 20
      vertex 41.7111 41.0542 0
    endloop
  endfacet
  facet normal -0.904023 -0.427484 0
    outer loop
      vertex 41.7111 41.0542 20
      vertex 41.7782 40.9123 0
      vertex 41.7782 40.9123 20
    endloop
  endfacet
  facet normal 0.146502 0.98921 -0
    outer loop
      vertex 40.1432 38.7077 0
      vertex 39.9879 38.7307 20
      vertex 40.1432 38.7077 20
    endloop
  endfacet
  facet normal 0.146502 0.98921 0
    outer loop
      vertex 39.9879 38.7307 20
      vertex 40.1432 38.7077 0
      vertex 39.9879 38.7307 0
    endloop
  endfacet
  facet normal -0.671213 0.741264 0
    outer loop
      vertex 41.4314 39.1686 0
      vertex 41.315 39.0632 20
      vertex 41.4314 39.1686 20
    endloop
  endfacet
  facet normal -0.671213 0.741264 0
    outer loop
      vertex 41.315 39.0632 20
      vertex 41.4314 39.1686 0
      vertex 41.315 39.0632 0
    endloop
  endfacet
  facet normal 0.049048 0.998796 -0
    outer loop
      vertex 40.3 38.7 0
      vertex 40.1432 38.7077 20
      vertex 40.3 38.7 20
    endloop
  endfacet
  facet normal 0.049048 0.998796 0
    outer loop
      vertex 40.1432 38.7077 20
      vertex 40.3 38.7 0
      vertex 40.1432 38.7077 0
    endloop
  endfacet
  facet normal 0.741264 -0.671213 0
    outer loop
      vertex 39.0632 41.315 20
      vertex 39.1686 41.4314 0
      vertex 39.1686 41.4314 20
    endloop
  endfacet
  facet normal 0.741264 -0.671213 0
    outer loop
      vertex 39.1686 41.4314 0
      vertex 39.0632 41.315 20
      vertex 39.0632 41.315 0
    endloop
  endfacet
  facet normal -0.671213 -0.741264 0
    outer loop
      vertex 41.315 41.5368 0
      vertex 41.4314 41.4314 20
      vertex 41.315 41.5368 20
    endloop
  endfacet
  facet normal -0.671213 -0.741264 -0
    outer loop
      vertex 41.4314 41.4314 20
      vertex 41.315 41.5368 0
      vertex 41.4314 41.4314 0
    endloop
  endfacet
  facet normal 0.146502 -0.98921 0
    outer loop
      vertex 39.9879 41.8693 0
      vertex 40.1432 41.8923 20
      vertex 39.9879 41.8693 20
    endloop
  endfacet
  facet normal 0.146502 -0.98921 0
    outer loop
      vertex 40.1432 41.8923 20
      vertex 39.9879 41.8693 0
      vertex 40.1432 41.8923 0
    endloop
  endfacet
  facet normal 0.904023 -0.427484 0
    outer loop
      vertex 38.8218 40.9123 20
      vertex 38.8889 41.0542 0
      vertex 38.8889 41.0542 20
    endloop
  endfacet
  facet normal 0.904023 -0.427484 0
    outer loop
      vertex 38.8889 41.0542 0
      vertex 38.8218 40.9123 20
      vertex 38.8218 40.9123 0
    endloop
  endfacet
  facet normal 0.969993 -0.243135 0
    outer loop
      vertex 38.7307 40.6121 20
      vertex 38.7689 40.7645 0
      vertex 38.7689 40.7645 20
    endloop
  endfacet
  facet normal 0.969993 -0.243135 0
    outer loop
      vertex 38.7689 40.7645 0
      vertex 38.7307 40.6121 20
      vertex 38.7307 40.6121 0
    endloop
  endfacet
  facet normal -0.243135 -0.969993 0
    outer loop
      vertex 40.6121 41.8693 0
      vertex 40.7645 41.8311 20
      vertex 40.6121 41.8693 20
    endloop
  endfacet
  facet normal -0.243135 -0.969993 -0
    outer loop
      vertex 40.7645 41.8311 20
      vertex 40.6121 41.8693 0
      vertex 40.7645 41.8311 0
    endloop
  endfacet
  facet normal 0.969993 0.243135 0
    outer loop
      vertex 38.7689 39.8355 20
      vertex 38.7307 39.9879 0
      vertex 38.7307 39.9879 20
    endloop
  endfacet
  facet normal 0.969993 0.243135 0
    outer loop
      vertex 38.7307 39.9879 0
      vertex 38.7689 39.8355 20
      vertex 38.7689 39.8355 0
    endloop
  endfacet
  facet normal 0.427484 0.904023 -0
    outer loop
      vertex 39.6877 38.8218 0
      vertex 39.5458 38.8889 20
      vertex 39.6877 38.8218 20
    endloop
  endfacet
  facet normal 0.427484 0.904023 0
    outer loop
      vertex 39.5458 38.8889 20
      vertex 39.6877 38.8218 0
      vertex 39.5458 38.8889 0
    endloop
  endfacet
  facet normal 0.741264 0.671213 0
    outer loop
      vertex 39.1686 39.1686 20
      vertex 39.0632 39.285 0
      vertex 39.0632 39.285 20
    endloop
  endfacet
  facet normal 0.741264 0.671213 0
    outer loop
      vertex 39.0632 39.285 0
      vertex 39.1686 39.1686 20
      vertex 39.1686 39.1686 0
    endloop
  endfacet
  facet normal -0.049048 0.998796 0
    outer loop
      vertex 40.4568 38.7077 0
      vertex 40.3 38.7 20
      vertex 40.4568 38.7077 20
    endloop
  endfacet
  facet normal -0.049048 0.998796 0
    outer loop
      vertex 40.3 38.7 20
      vertex 40.4568 38.7077 0
      vertex 40.3 38.7 0
    endloop
  endfacet
  facet normal 0.98921 0.146502 0
    outer loop
      vertex 38.7307 39.9879 20
      vertex 38.7077 40.1432 0
      vertex 38.7077 40.1432 20
    endloop
  endfacet
  facet normal 0.98921 0.146502 0
    outer loop
      vertex 38.7077 40.1432 0
      vertex 38.7307 39.9879 20
      vertex 38.7307 39.9879 0
    endloop
  endfacet
  facet normal -0.595608 0.803275 0
    outer loop
      vertex 41.315 39.0632 0
      vertex 41.1889 38.9697 20
      vertex 41.315 39.0632 20
    endloop
  endfacet
  facet normal -0.595608 0.803275 0
    outer loop
      vertex 41.1889 38.9697 20
      vertex 41.315 39.0632 0
      vertex 41.1889 38.9697 0
    endloop
  endfacet
  facet normal 0.803275 0.595608 0
    outer loop
      vertex 39.0632 39.285 20
      vertex 38.9697 39.4111 0
      vertex 38.9697 39.4111 20
    endloop
  endfacet
  facet normal 0.803275 0.595608 0
    outer loop
      vertex 38.9697 39.4111 0
      vertex 39.0632 39.285 20
      vertex 39.0632 39.285 0
    endloop
  endfacet
  facet normal 0.998796 -0.049048 0
    outer loop
      vertex 38.7 40.3 20
      vertex 38.7077 40.4568 0
      vertex 38.7077 40.4568 20
    endloop
  endfacet
  facet normal 0.998796 -0.049048 0
    outer loop
      vertex 38.7077 40.4568 0
      vertex 38.7 40.3 20
      vertex 38.7 40.3 0
    endloop
  endfacet
  facet normal -0.741264 0.671213 0
    outer loop
      vertex 41.4314 39.1686 0
      vertex 41.5368 39.285 20
      vertex 41.5368 39.285 0
    endloop
  endfacet
  facet normal -0.741264 0.671213 0
    outer loop
      vertex 41.5368 39.285 20
      vertex 41.4314 39.1686 0
      vertex 41.4314 39.1686 20
    endloop
  endfacet
  facet normal 1 -0 0
    outer loop
      vertex 43.3 -9.3 20
      vertex 43.3 43.3 0
      vertex 43.3 43.3 20
    endloop
  endfacet
  facet normal 1 0 0
    outer loop
      vertex 43.3 43.3 0
      vertex 43.3 -9.3 20
      vertex 43.3 -9.3 0
    endloop
  endfacet
  facet normal -0 0 1
    outer loop
      vertex -4.7689 39.8355 20
      vertex -4.49149 38.4915 20
      vertex -4.73074 39.9879 20
    endloop
  endfacet
  facet normal 0 0 1
    outer loop
      vertex -4.49149 -4.49149 20
      vertex -4.7077 -6.14317 20
      vertex -4.7 -6.3 20
    endloop
  endfacet
  facet normal -0 0 1
    outer loop
      vertex -4.82179 39.6877 20
      vertex -4.49149 38.4915 20
      vertex -4.7689 39.8355 20
    endloop
  endfacet
  facet normal 0 0 1
    outer loop
      vertex -4.49149 -4.49149 20
      vertex -4.73074 -5.98785 20
      vertex -4.7077 -6.14317 20
    endloop
  endfacet
  facet normal -0 0 1
    outer loop
      vertex -4.88893 39.5458 20
      vertex -4.49149 38.4915 20
      vertex -4.82179 39.6877 20
    endloop
  endfacet
  facet normal 0 0 1
    outer loop
      vertex -4.49149 -4.49149 20
      vertex -4.7689 -5.83554 20
      vertex -4.73074 -5.98785 20
    endloop
  endfacet
  facet normal -0 0 1
    outer loop
      vertex -4.96965 39.4111 20
      vertex -4.49149 38.4915 20
      vertex -4.88893 39.5458 20
    endloop
  endfacet
  facet normal 0 0 1
    outer loop
      vertex -4.49149 -4.49149 20
      vertex -4.82179 -5.68771 20
      vertex -4.7689 -5.83554 20
    endloop
  endfacet
  facet normal -0 0 1
    outer loop
      vertex -5.06318 39.285 20
      vertex -4.49149 38.4915 20
      vertex -4.96965 39.4111 20
    endloop
  endfacet
  facet normal 0 0 1
    outer loop
      vertex -4.49149 -4.49149 20
      vertex -4.88893 -5.54576 20
      vertex -4.82179 -5.68771 20
    endloop
  endfacet
  facet normal -0 0 1
    outer loop
      vertex -5.16863 39.1686 20
      vertex -4.49149 38.4915 20
      vertex -5.06318 39.285 20
    endloop
  endfacet
  facet normal 0 0 1
    outer loop
      vertex -4.49149 -4.49149 20
      vertex -4.96965 -5.41109 20
      vertex -4.88893 -5.54576 20
    endloop
  endfacet
  facet normal -0 0 1
    outer loop
      vertex -5.28497 39.0632 20
      vertex -4.49149 38.4915 20
      vertex -5.16863 39.1686 20
    endloop
  endfacet
  facet normal 0 0 1
    outer loop
      vertex -4.49149 -4.49149 20
      vertex -5.06318 -5.28497 20
      vertex -4.96965 -5.41109 20
    endloop
  endfacet
  facet normal -0 0 1
    outer loop
      vertex -5.41109 38.9697 20
      vertex -4.49149 38.4915 20
      vertex -5.28497 39.0632 20
    endloop
  endfacet
  facet normal 0 0 1
    outer loop
      vertex -4.49149 -4.49149 20
      vertex -5.16863 -5.16863 20
      vertex -5.06318 -5.28497 20
    endloop
  endfacet
  facet normal -0 0 1
    outer loop
      vertex -5.54576 38.8889 20
      vertex -4.49149 38.4915 20
      vertex -5.41109 38.9697 20
    endloop
  endfacet
  facet normal 0 0 1
    outer loop
      vertex -4.49149 -4.49149 20
      vertex -5.28497 -5.06318 20
      vertex -5.16863 -5.16863 20
    endloop
  endfacet
  facet normal -0 0 1
    outer loop
      vertex -5.68771 38.8218 20
      vertex -4.49149 38.4915 20
      vertex -5.54576 38.8889 20
    endloop
  endfacet
  facet normal 0 0 1
    outer loop
      vertex -4.49149 -4.49149 20
      vertex -5.41109 -4.96965 20
      vertex -5.28497 -5.06318 20
    endloop
  endfacet
  facet normal -0 0 1
    outer loop
      vertex -5.83554 38.7689 20
      vertex -4.49149 38.4915 20
      vertex -5.68771 38.8218 20
    endloop
  endfacet
  facet normal 0 0 1
    outer loop
      vertex -4.49149 -4.49149 20
      vertex -5.54576 -4.88893 20
      vertex -5.41109 -4.96965 20
    endloop
  endfacet
  facet normal -0 0 1
    outer loop
      vertex -5.98785 38.7307 20
      vertex -4.49149 38.4915 20
      vertex -5.83554 38.7689 20
    endloop
  endfacet
  facet normal 0 0 1
    outer loop
      vertex -4.49149 -4.49149 20
      vertex -5.68771 -4.82179 20
      vertex -5.54576 -4.88893 20
    endloop
  endfacet
  facet normal -0 0 1
    outer loop
      vertex -6.14317 38.7077 20
      vertex -4.49149 38.4915 20
      vertex -5.98785 38.7307 20
    endloop
  endfacet
  facet normal 0 0 1
    outer loop
      vertex -4.49149 -4.49149 20
      vertex -5.83554 -4.7689 20
      vertex -5.68771 -4.82179 20
    endloop
  endfacet
  facet normal -0 0 1
    outer loop
      vertex -6.3 38.7 20
      vertex -4.49149 38.4915 20
      vertex -6.14317 38.7077 20
    endloop
  endfacet
  facet normal 0 0 1
    outer loop
      vertex -4.49149 -4.49149 20
      vertex -5.98785 -4.73074 20
      vertex -5.83554 -4.7689 20
    endloop
  endfacet
  facet normal 0 0 1
    outer loop
      vertex -6.45683 38.7077 20
      vertex -4.49149 38.4915 20
      vertex -6.3 38.7 20
    endloop
  endfacet
  facet normal 0 0 1
    outer loop
      vertex -4.49149 -4.49149 20
      vertex -6.14317 -4.7077 20
      vertex -5.98785 -4.73074 20
    endloop
  endfacet
  facet normal 0 0 1
    outer loop
      vertex -4.49149 38.4915 20
      vertex -6.45683 38.7077 20
      vertex -4.49149 -4.49149 20
    endloop
  endfacet
  facet normal 0 0 1
    outer loop
      vertex -4.49149 -4.49149 20
      vertex -6.3 -4.7 20
      vertex -6.14317 -4.7077 20
    endloop
  endfacet
  facet normal 0 0 1
    outer loop
      vertex -6.45683 -4.7077 20
      vertex -4.49149 -4.49149 20
      vertex -6.45683 38.7077 20
    endloop
  endfacet
  facet normal 0 0 1
    outer loop
      vertex -4.49149 -4.49149 20
      vertex -6.45683 -4.7077 20
      vertex -6.3 -4.7 20
    endloop
  endfacet
  facet normal 0 0 1
    outer loop
      vertex -6.61214 38.7307 20
      vertex -6.45683 -4.7077 20
      vertex -6.45683 38.7077 20
    endloop
  endfacet
  facet normal 0 0 1
    outer loop
      vertex -6.61214 38.7307 20
      vertex -6.61214 -4.73074 20
      vertex -6.45683 -4.7077 20
    endloop
  endfacet
  facet normal 0 0 1
    outer loop
      vertex -6.76445 38.7689 20
      vertex -6.61214 -4.73074 20
      vertex -6.61214 38.7307 20
    endloop
  endfacet
  facet normal 0 0 1
    outer loop
      vertex -6.76445 38.7689 20
      vertex -6.76445 -4.7689 20
      vertex -6.61214 -4.73074 20
    endloop
  endfacet
  facet normal 0 0 1
    outer loop
      vertex -6.91229 38.8218 20
      vertex -6.76445 -4.7689 20
      vertex -6.76445 38.7689 20
    endloop
  endfacet
  facet normal 0 0 1
    outer loop
      vertex -6.91229 38.8218 20
      vertex -6.91229 -4.82179 20
      vertex -6.76445 -4.7689 20
    endloop
  endfacet
  facet normal 0 0 1
    outer loop
      vertex -7.05423 38.8889 20
      vertex -6.91229 -4.82179 20
      vertex -6.91229 38.8218 20
    endloop
  endfacet
  facet normal 0 0 1
    outer loop
      vertex -7.05423 38.8889 20
      vertex -7.05423 -4.88893 20
      vertex -6.91229 -4.82179 20
    endloop
  endfacet
  facet normal 0 0 1
    outer loop
      vertex -7.18891 38.9697 20
      vertex -7.05423 -4.88893 20
      vertex -7.05423 38.8889 20
    endloop
  endfacet
  facet normal 0 0 1
    outer loop
      vertex -7.18891 38.9697 20
      vertex -7.18891 -4.96965 20
      vertex -7.05423 -4.88893 20
    endloop
  endfacet
  facet normal 0 0 1
    outer loop
      vertex -7.31503 39.0632 20
      vertex -7.18891 -4.96965 20
      vertex -7.18891 38.9697 20
    endloop
  endfacet
  facet normal 0 0 1
    outer loop
      vertex -7.31503 39.0632 20
      vertex -7.31503 -5.06318 20
      vertex -7.18891 -4.96965 20
    endloop
  endfacet
  facet normal 0 0 1
    outer loop
      vertex -7.43137 39.1686 20
      vertex -7.31503 -5.06318 20
      vertex -7.31503 39.0632 20
    endloop
  endfacet
  facet normal 0 0 1
    outer loop
      vertex -7.43137 39.1686 20
      vertex -7.43137 -5.16863 20
      vertex -7.31503 -5.06318 20
    endloop
  endfacet
  facet normal 0 0 1
    outer loop
      vertex -7.53682 39.285 20
      vertex -7.43137 -5.16863 20
      vertex -7.43137 39.1686 20
    endloop
  endfacet
  facet normal 0 0 1
    outer loop
      vertex -7.53682 39.285 20
      vertex -7.53682 -5.28497 20
      vertex -7.43137 -5.16863 20
    endloop
  endfacet
  facet normal 0 0 1
    outer loop
      vertex -7.63035 39.4111 20
      vertex -7.53682 -5.28497 20
      vertex -7.53682 39.285 20
    endloop
  endfacet
  facet normal 0 0 1
    outer loop
      vertex -7.63035 39.4111 20
      vertex -7.63035 -5.41109 20
      vertex -7.53682 -5.28497 20
    endloop
  endfacet
  facet normal 0 0 1
    outer loop
      vertex -7.71107 39.5458 20
      vertex -7.63035 -5.41109 20
      vertex -7.63035 39.4111 20
    endloop
  endfacet
  facet normal 0 0 1
    outer loop
      vertex -7.71107 39.5458 20
      vertex -7.71107 -5.54576 20
      vertex -7.63035 -5.41109 20
    endloop
  endfacet
  facet normal 0 0 1
    outer loop
      vertex -7.77821 39.6877 20
      vertex -7.71107 -5.54576 20
      vertex -7.71107 39.5458 20
    endloop
  endfacet
  facet normal 0 0 1
    outer loop
      vertex -7.77821 39.6877 20
      vertex -7.77821 -5.68771 20
      vertex -7.71107 -5.54576 20
    endloop
  endfacet
  facet normal 0 0 1
    outer loop
      vertex -9.3 43.3 20
      vertex -7.77821 39.6877 20
      vertex -7.8311 39.8355 20
    endloop
  endfacet
  facet normal 0 0 1
    outer loop
      vertex -7.77821 39.6877 20
      vertex -9.3 43.3 20
      vertex -7.77821 -5.68771 20
    endloop
  endfacet
  facet normal 0 0 1
    outer loop
      vertex -9.3 43.3 20
      vertex -7.8311 39.8355 20
      vertex -7.86926 39.9879 20
    endloop
  endfacet
  facet normal 0 0 1
    outer loop
      vertex -9.3 -9.3 20
      vertex -7.77821 -5.68771 20
      vertex -9.3 43.3 20
    endloop
  endfacet
  facet normal 0 0 1
    outer loop
      vertex -9.3 43.3 20
      vertex -7.86926 39.9879 20
      vertex -7.89229 40.1432 20
    endloop
  endfacet
  facet normal 0 0 1
    outer loop
      vertex -7.77821 -5.68771 20
      vertex -9.3 -9.3 20
      vertex -7.8311 -5.83554 20
    endloop
  endfacet
  facet normal 0 0 1
    outer loop
      vertex -9.3 43.3 20
      vertex -7.89229 40.1432 20
      vertex -7.9 40.3 20
    endloop
  endfacet
  facet normal 0 0 1
    outer loop
      vertex -7.8311 -5.83554 20
      vertex -9.3 -9.3 20
      vertex -7.86926 -5.98785 20
    endloop
  endfacet
  facet normal 0 0 1
    outer loop
      vertex 41.8311 39.8355 20
      vertex 43.3 43.3 20
      vertex 41.8693 39.9879 20
    endloop
  endfacet
  facet normal 0 0 1
    outer loop
      vertex 43.3 -9.3 20
      vertex 41.8923 -6.14317 20
      vertex 41.9 -6.3 20
    endloop
  endfacet
  facet normal 0 0 1
    outer loop
      vertex 41.7782 39.6877 20
      vertex 43.3 43.3 20
      vertex 41.8311 39.8355 20
    endloop
  endfacet
  facet normal 0 0 1
    outer loop
      vertex 43.3 -9.3 20
      vertex 41.8693 -5.98785 20
      vertex 41.8923 -6.14317 20
    endloop
  endfacet
  facet normal 0 0 1
    outer loop
      vertex 43.3 43.3 20
      vertex 41.7782 39.6877 20
      vertex 43.3 -9.3 20
    endloop
  endfacet
  facet normal 0 0 1
    outer loop
      vertex 43.3 -9.3 20
      vertex 41.8311 -5.83554 20
      vertex 41.8693 -5.98785 20
    endloop
  endfacet
  facet normal -0 0 1
    outer loop
      vertex 41.7782 -5.68771 20
      vertex 43.3 -9.3 20
      vertex 41.7782 39.6877 20
    endloop
  endfacet
  facet normal 0 0 1
    outer loop
      vertex 43.3 -9.3 20
      vertex 41.7782 -5.68771 20
      vertex 41.8311 -5.83554 20
    endloop
  endfacet
  facet normal -0 0 1
    outer loop
      vertex 41.7111 39.5458 20
      vertex 41.7782 -5.68771 20
      vertex 41.7782 39.6877 20
    endloop
  endfacet
  facet normal 0 0 1
    outer loop
      vertex 41.7111 39.5458 20
      vertex 41.7111 -5.54576 20
      vertex 41.7782 -5.68771 20
    endloop
  endfacet
  facet normal -0 0 1
    outer loop
      vertex 41.6304 39.4111 20
      vertex 41.7111 -5.54576 20
      vertex 41.7111 39.5458 20
    endloop
  endfacet
  facet normal 0 0 1
    outer loop
      vertex 41.6304 39.4111 20
      vertex 41.6304 -5.41109 20
      vertex 41.7111 -5.54576 20
    endloop
  endfacet
  facet normal -0 0 1
    outer loop
      vertex 41.5368 39.285 20
      vertex 41.6304 -5.41109 20
      vertex 41.6304 39.4111 20
    endloop
  endfacet
  facet normal 0 0 1
    outer loop
      vertex 41.5368 39.285 20
      vertex 41.5368 -5.28497 20
      vertex 41.6304 -5.41109 20
    endloop
  endfacet
  facet normal -0 0 1
    outer loop
      vertex 41.4314 39.1686 20
      vertex 41.5368 -5.28497 20
      vertex 41.5368 39.285 20
    endloop
  endfacet
  facet normal 0 0 1
    outer loop
      vertex 41.4314 39.1686 20
      vertex 41.4314 -5.16863 20
      vertex 41.5368 -5.28497 20
    endloop
  endfacet
  facet normal -0 0 1
    outer loop
      vertex 41.315 39.0632 20
      vertex 41.4314 -5.16863 20
      vertex 41.4314 39.1686 20
    endloop
  endfacet
  facet normal 0 0 1
    outer loop
      vertex 41.315 39.0632 20
      vertex 41.315 -5.06318 20
      vertex 41.4314 -5.16863 20
    endloop
  endfacet
  facet normal -0 0 1
    outer loop
      vertex 41.1889 38.9697 20
      vertex 41.315 -5.06318 20
      vertex 41.315 39.0632 20
    endloop
  endfacet
  facet normal 0 0 1
    outer loop
      vertex 41.1889 38.9697 20
      vertex 41.1889 -4.96965 20
      vertex 41.315 -5.06318 20
    endloop
  endfacet
  facet normal -0 0 1
    outer loop
      vertex 41.0542 38.8889 20
      vertex 41.1889 -4.96965 20
      vertex 41.1889 38.9697 20
    endloop
  endfacet
  facet normal 0 0 1
    outer loop
      vertex 41.0542 38.8889 20
      vertex 41.0542 -4.88893 20
      vertex 41.1889 -4.96965 20
    endloop
  endfacet
  facet normal -0 0 1
    outer loop
      vertex 40.9123 38.8218 20
      vertex 41.0542 -4.88893 20
      vertex 41.0542 38.8889 20
    endloop
  endfacet
  facet normal 0 0 1
    outer loop
      vertex 40.9123 38.8218 20
      vertex 40.9123 -4.82179 20
      vertex 41.0542 -4.88893 20
    endloop
  endfacet
  facet normal -0 0 1
    outer loop
      vertex 40.7645 38.7689 20
      vertex 40.9123 -4.82179 20
      vertex 40.9123 38.8218 20
    endloop
  endfacet
  facet normal 0 0 1
    outer loop
      vertex 40.7645 38.7689 20
      vertex 40.7645 -4.7689 20
      vertex 40.9123 -4.82179 20
    endloop
  endfacet
  facet normal -0 0 1
    outer loop
      vertex 40.6121 38.7307 20
      vertex 40.7645 -4.7689 20
      vertex 40.7645 38.7689 20
    endloop
  endfacet
  facet normal 0 0 1
    outer loop
      vertex 40.6121 38.7307 20
      vertex 40.6121 -4.73074 20
      vertex 40.7645 -4.7689 20
    endloop
  endfacet
  facet normal -0 0 1
    outer loop
      vertex 40.4568 38.7077 20
      vertex 40.6121 -4.73074 20
      vertex 40.6121 38.7307 20
    endloop
  endfacet
  facet normal 0 0 1
    outer loop
      vertex 40.4568 38.7077 20
      vertex 40.4568 -4.7077 20
      vertex 40.6121 -4.73074 20
    endloop
  endfacet
  facet normal 0 0 1
    outer loop
      vertex 38.4915 38.4915 20
      vertex 40.4568 38.7077 20
      vertex 40.3 38.7 20
    endloop
  endfacet
  facet normal 0 0 1
    outer loop
      vertex 40.4568 38.7077 20
      vertex 38.4915 38.4915 20
      vertex 40.4568 -4.7077 20
    endloop
  endfacet
  facet normal 0 0 1
    outer loop
      vertex 38.4915 38.4915 20
      vertex 40.3 38.7 20
      vertex 40.1432 38.7077 20
    endloop
  endfacet
  facet normal -0 0 1
    outer loop
      vertex 38.4915 -4.49149 20
      vertex 40.4568 -4.7077 20
      vertex 38.4915 38.4915 20
    endloop
  endfacet
  facet normal 0 0 1
    outer loop
      vertex 38.4915 38.4915 20
      vertex 40.1432 38.7077 20
      vertex 39.9879 38.7307 20
    endloop
  endfacet
  facet normal 0 0 1
    outer loop
      vertex 40.4568 -4.7077 20
      vertex 38.4915 -4.49149 20
      vertex 40.3 -4.7 20
    endloop
  endfacet
  facet normal 0 0 1
    outer loop
      vertex 38.4915 38.4915 20
      vertex 39.9879 38.7307 20
      vertex 39.8355 38.7689 20
    endloop
  endfacet
  facet normal 0 0 1
    outer loop
      vertex 40.3 -4.7 20
      vertex 38.4915 -4.49149 20
      vertex 40.1432 -4.7077 20
    endloop
  endfacet
  facet normal 0 0 1
    outer loop
      vertex 38.4915 38.4915 20
      vertex 39.8355 38.7689 20
      vertex 39.6877 38.8218 20
    endloop
  endfacet
  facet normal 0 0 1
    outer loop
      vertex 40.1432 -4.7077 20
      vertex 38.4915 -4.49149 20
      vertex 39.9879 -4.73074 20
    endloop
  endfacet
  facet normal 0 0 1
    outer loop
      vertex 38.4915 38.4915 20
      vertex 39.6877 38.8218 20
      vertex 39.5458 38.8889 20
    endloop
  endfacet
  facet normal 0 0 1
    outer loop
      vertex 39.9879 -4.73074 20
      vertex 38.4915 -4.49149 20
      vertex 39.8355 -4.7689 20
    endloop
  endfacet
  facet normal 0 0 1
    outer loop
      vertex 38.4915 38.4915 20
      vertex 39.5458 38.8889 20
      vertex 39.4111 38.9697 20
    endloop
  endfacet
  facet normal 0 0 1
    outer loop
      vertex 39.8355 -4.7689 20
      vertex 38.4915 -4.49149 20
      vertex 39.6877 -4.82179 20
    endloop
  endfacet
  facet normal 0 0 1
    outer loop
      vertex 38.4915 38.4915 20
      vertex 39.4111 38.9697 20
      vertex 39.285 39.0632 20
    endloop
  endfacet
  facet normal 0 0 1
    outer loop
      vertex 39.6877 -4.82179 20
      vertex 38.4915 -4.49149 20
      vertex 39.5458 -4.88893 20
    endloop
  endfacet
  facet normal 0 0 1
    outer loop
      vertex 38.4915 38.4915 20
      vertex 39.285 39.0632 20
      vertex 39.1686 39.1686 20
    endloop
  endfacet
  facet normal 0 0 1
    outer loop
      vertex 39.5458 -4.88893 20
      vertex 38.4915 -4.49149 20
      vertex 39.4111 -4.96965 20
    endloop
  endfacet
  facet normal 0 0 1
    outer loop
      vertex 38.4915 38.4915 20
      vertex 39.1686 39.1686 20
      vertex 39.0632 39.285 20
    endloop
  endfacet
  facet normal 0 0 1
    outer loop
      vertex 39.4111 -4.96965 20
      vertex 38.4915 -4.49149 20
      vertex 39.285 -5.06318 20
    endloop
  endfacet
  facet normal 0 0 1
    outer loop
      vertex 38.4915 38.4915 20
      vertex 39.0632 39.285 20
      vertex 38.9697 39.4111 20
    endloop
  endfacet
  facet normal 0 0 1
    outer loop
      vertex 39.285 -5.06318 20
      vertex 38.4915 -4.49149 20
      vertex 39.1686 -5.16863 20
    endloop
  endfacet
  facet normal 0 0 1
    outer loop
      vertex 38.4915 38.4915 20
      vertex 38.9697 39.4111 20
      vertex 38.8889 39.5458 20
    endloop
  endfacet
  facet normal 0 0 1
    outer loop
      vertex 39.1686 -5.16863 20
      vertex 38.4915 -4.49149 20
      vertex 39.0632 -5.28497 20
    endloop
  endfacet
  facet normal 0 0 1
    outer loop
      vertex 38.4915 38.4915 20
      vertex 38.8889 39.5458 20
      vertex 38.8218 39.6877 20
    endloop
  endfacet
  facet normal 0 0 1
    outer loop
      vertex 39.0632 -5.28497 20
      vertex 38.4915 -4.49149 20
      vertex 38.9697 -5.41109 20
    endloop
  endfacet
  facet normal 0 0 1
    outer loop
      vertex 38.4915 38.4915 20
      vertex 38.8218 39.6877 20
      vertex 38.7689 39.8355 20
    endloop
  endfacet
  facet normal 0 0 1
    outer loop
      vertex 38.9697 -5.41109 20
      vertex 38.4915 -4.49149 20
      vertex 38.8889 -5.54576 20
    endloop
  endfacet
  facet normal 0 0 1
    outer loop
      vertex 38.4915 38.4915 20
      vertex 38.7689 39.8355 20
      vertex 38.7307 39.9879 20
    endloop
  endfacet
  facet normal 0 0 1
    outer loop
      vertex 38.8889 -5.54576 20
      vertex 38.4915 -4.49149 20
      vertex 38.8218 -5.68771 20
    endloop
  endfacet
  facet normal 0 0 1
    outer loop
      vertex 38.4915 38.4915 20
      vertex 38.7307 39.9879 20
      vertex 38.7077 40.1432 20
    endloop
  endfacet
  facet normal 0 0 1
    outer loop
      vertex 38.8218 -5.68771 20
      vertex 38.4915 -4.49149 20
      vertex 38.7689 -5.83554 20
    endloop
  endfacet
  facet normal 0 0 1
    outer loop
      vertex 38.4915 38.4915 20
      vertex 38.7077 40.1432 20
      vertex 38.7 40.3 20
    endloop
  endfacet
  facet normal 0 0 1
    outer loop
      vertex 38.7689 -5.83554 20
      vertex 38.4915 -4.49149 20
      vertex 38.7307 -5.98785 20
    endloop
  endfacet
  facet normal 0 0 1
    outer loop
      vertex 41.8923 40.1432 20
      vertex 43.3 43.3 20
      vertex 41.9 40.3 20
    endloop
  endfacet
  facet normal 0 0 1
    outer loop
      vertex 43.3 43.3 20
      vertex 41.8923 40.4568 20
      vertex 41.9 40.3 20
    endloop
  endfacet
  facet normal 0 0 1
    outer loop
      vertex 43.3 43.3 20
      vertex 41.8693 40.6121 20
      vertex 41.8923 40.4568 20
    endloop
  endfacet
  facet normal 0 0 1
    outer loop
      vertex 43.3 43.3 20
      vertex 41.8311 40.7645 20
      vertex 41.8693 40.6121 20
    endloop
  endfacet
  facet normal 0 0 1
    outer loop
      vertex 43.3 43.3 20
      vertex 41.7782 40.9123 20
      vertex 41.8311 40.7645 20
    endloop
  endfacet
  facet normal 0 0 1
    outer loop
      vertex 43.3 43.3 20
      vertex 41.7111 41.0542 20
      vertex 41.7782 40.9123 20
    endloop
  endfacet
  facet normal 0 0 1
    outer loop
      vertex 43.3 43.3 20
      vertex 41.6304 41.1889 20
      vertex 41.7111 41.0542 20
    endloop
  endfacet
  facet normal 0 0 1
    outer loop
      vertex 43.3 43.3 20
      vertex 41.5368 41.315 20
      vertex 41.6304 41.1889 20
    endloop
  endfacet
  facet normal 0 0 1
    outer loop
      vertex 43.3 43.3 20
      vertex 41.4314 41.4314 20
      vertex 41.5368 41.315 20
    endloop
  endfacet
  facet normal 0 0 1
    outer loop
      vertex 43.3 43.3 20
      vertex 41.315 41.5368 20
      vertex 41.4314 41.4314 20
    endloop
  endfacet
  facet normal 0 0 1
    outer loop
      vertex 43.3 43.3 20
      vertex 41.1889 41.6304 20
      vertex 41.315 41.5368 20
    endloop
  endfacet
  facet normal 0 0 1
    outer loop
      vertex 43.3 43.3 20
      vertex 41.0542 41.7111 20
      vertex 41.1889 41.6304 20
    endloop
  endfacet
  facet normal 0 0 1
    outer loop
      vertex 43.3 43.3 20
      vertex 40.9123 41.7782 20
      vertex 41.0542 41.7111 20
    endloop
  endfacet
  facet normal 0 0 1
    outer loop
      vertex 43.3 43.3 20
      vertex 40.7645 41.8311 20
      vertex 40.9123 41.7782 20
    endloop
  endfacet
  facet normal 0 0 1
    outer loop
      vertex 43.3 43.3 20
      vertex 40.6121 41.8693 20
      vertex 40.7645 41.8311 20
    endloop
  endfacet
  facet normal 0 0 1
    outer loop
      vertex 43.3 43.3 20
      vertex 40.4568 41.8923 20
      vertex 40.6121 41.8693 20
    endloop
  endfacet
  facet normal 0 0 1
    outer loop
      vertex 43.3 43.3 20
      vertex 40.3 41.9 20
      vertex 40.4568 41.8923 20
    endloop
  endfacet
  facet normal 0 0 1
    outer loop
      vertex 43.3 43.3 20
      vertex 40.1432 41.8923 20
      vertex 40.3 41.9 20
    endloop
  endfacet
  facet normal 0 0 1
    outer loop
      vertex 43.3 43.3 20
      vertex 39.9879 41.8693 20
      vertex 40.1432 41.8923 20
    endloop
  endfacet
  facet normal 0 0 1
    outer loop
      vertex 43.3 43.3 20
      vertex 39.8355 41.8311 20
      vertex 39.9879 41.8693 20
    endloop
  endfacet
  facet normal 0 0 1
    outer loop
      vertex 43.3 43.3 20
      vertex 39.6877 41.7782 20
      vertex 39.8355 41.8311 20
    endloop
  endfacet
  facet normal 0 0 1
    outer loop
      vertex 38.7307 -5.98785 20
      vertex 38.4915 -4.49149 20
      vertex 38.7077 -6.14317 20
    endloop
  endfacet
  facet normal 0 0 1
    outer loop
      vertex 38.7077 40.4568 20
      vertex 38.4915 38.4915 20
      vertex 38.7 40.3 20
    endloop
  endfacet
  facet normal 0 0 1
    outer loop
      vertex 38.7077 40.4568 20
      vertex -4.49149 38.4915 20
      vertex 38.4915 38.4915 20
    endloop
  endfacet
  facet normal 0 0 1
    outer loop
      vertex -4.7077 40.4568 20
      vertex 38.7077 40.4568 20
      vertex 38.7307 40.6121 20
    endloop
  endfacet
  facet normal 0 0 1
    outer loop
      vertex -4.73074 40.6121 20
      vertex 38.7307 40.6121 20
      vertex 38.7689 40.7645 20
    endloop
  endfacet
  facet normal 0 0 1
    outer loop
      vertex -4.7689 40.7645 20
      vertex 38.7689 40.7645 20
      vertex 38.8218 40.9123 20
    endloop
  endfacet
  facet normal 0 0 1
    outer loop
      vertex -4.82179 40.9123 20
      vertex 38.8218 40.9123 20
      vertex 38.8889 41.0542 20
    endloop
  endfacet
  facet normal 0 0 1
    outer loop
      vertex -4.88893 41.0542 20
      vertex 38.8889 41.0542 20
      vertex 38.9697 41.1889 20
    endloop
  endfacet
  facet normal 0 0 1
    outer loop
      vertex -4.96965 41.1889 20
      vertex 38.9697 41.1889 20
      vertex 39.0632 41.315 20
    endloop
  endfacet
  facet normal 0 0 1
    outer loop
      vertex -5.06318 41.315 20
      vertex 39.0632 41.315 20
      vertex 39.1686 41.4314 20
    endloop
  endfacet
  facet normal 0 0 1
    outer loop
      vertex -5.16863 41.4314 20
      vertex 39.1686 41.4314 20
      vertex 39.285 41.5368 20
    endloop
  endfacet
  facet normal 0 0 1
    outer loop
      vertex -5.28497 41.5368 20
      vertex 39.285 41.5368 20
      vertex 39.4111 41.6304 20
    endloop
  endfacet
  facet normal 0 0 1
    outer loop
      vertex -5.41109 41.6304 20
      vertex 39.4111 41.6304 20
      vertex 39.5458 41.7111 20
    endloop
  endfacet
  facet normal 0 0 1
    outer loop
      vertex -5.54576 41.7111 20
      vertex 39.5458 41.7111 20
      vertex 39.6877 41.7782 20
    endloop
  endfacet
  facet normal 0 0 1
    outer loop
      vertex -5.68771 41.7782 20
      vertex 39.6877 41.7782 20
      vertex 43.3 43.3 20
    endloop
  endfacet
  facet normal -0 0 1
    outer loop
      vertex -4.7077 40.1432 20
      vertex -4.49149 38.4915 20
      vertex -4.7 40.3 20
    endloop
  endfacet
  facet normal 0 0 1
    outer loop
      vertex 38.7077 40.4568 20
      vertex -4.7077 40.4568 20
      vertex -4.49149 38.4915 20
    endloop
  endfacet
  facet normal 0 0 1
    outer loop
      vertex -4.49149 38.4915 20
      vertex -4.7077 40.4568 20
      vertex -4.7 40.3 20
    endloop
  endfacet
  facet normal 0 0 1
    outer loop
      vertex 38.7307 40.6121 20
      vertex -4.73074 40.6121 20
      vertex -4.7077 40.4568 20
    endloop
  endfacet
  facet normal 0 0 1
    outer loop
      vertex 38.7689 40.7645 20
      vertex -4.7689 40.7645 20
      vertex -4.73074 40.6121 20
    endloop
  endfacet
  facet normal 0 0 1
    outer loop
      vertex 38.8218 40.9123 20
      vertex -4.82179 40.9123 20
      vertex -4.7689 40.7645 20
    endloop
  endfacet
  facet normal 0 0 1
    outer loop
      vertex 38.8889 41.0542 20
      vertex -4.88893 41.0542 20
      vertex -4.82179 40.9123 20
    endloop
  endfacet
  facet normal 0 0 1
    outer loop
      vertex 38.9697 41.1889 20
      vertex -4.96965 41.1889 20
      vertex -4.88893 41.0542 20
    endloop
  endfacet
  facet normal 0 0 1
    outer loop
      vertex 39.0632 41.315 20
      vertex -5.06318 41.315 20
      vertex -4.96965 41.1889 20
    endloop
  endfacet
  facet normal 0 0 1
    outer loop
      vertex 39.1686 41.4314 20
      vertex -5.16863 41.4314 20
      vertex -5.06318 41.315 20
    endloop
  endfacet
  facet normal 0 0 1
    outer loop
      vertex 39.285 41.5368 20
      vertex -5.28497 41.5368 20
      vertex -5.16863 41.4314 20
    endloop
  endfacet
  facet normal 0 0 1
    outer loop
      vertex 39.4111 41.6304 20
      vertex -5.41109 41.6304 20
      vertex -5.28497 41.5368 20
    endloop
  endfacet
  facet normal 0 0 1
    outer loop
      vertex 39.5458 41.7111 20
      vertex -5.54576 41.7111 20
      vertex -5.41109 41.6304 20
    endloop
  endfacet
  facet normal 0 0 1
    outer loop
      vertex 39.6877 41.7782 20
      vertex -5.68771 41.7782 20
      vertex -5.54576 41.7111 20
    endloop
  endfacet
  facet normal -0 0 1
    outer loop
      vertex -9.3 43.3 20
      vertex -5.68771 41.7782 20
      vertex 43.3 43.3 20
    endloop
  endfacet
  facet normal 0 0 1
    outer loop
      vertex -5.68771 41.7782 20
      vertex -9.3 43.3 20
      vertex -5.83554 41.8311 20
    endloop
  endfacet
  facet normal 0 0 1
    outer loop
      vertex -5.83554 41.8311 20
      vertex -9.3 43.3 20
      vertex -5.98785 41.8693 20
    endloop
  endfacet
  facet normal 0 0 1
    outer loop
      vertex -5.98785 41.8693 20
      vertex -9.3 43.3 20
      vertex -6.14317 41.8923 20
    endloop
  endfacet
  facet normal 0 0 1
    outer loop
      vertex -7.86926 -5.98785 20
      vertex -9.3 -9.3 20
      vertex -7.89229 -6.14317 20
    endloop
  endfacet
  facet normal 0 0 1
    outer loop
      vertex -7.89229 40.4568 20
      vertex -9.3 43.3 20
      vertex -7.9 40.3 20
    endloop
  endfacet
  facet normal 0 0 1
    outer loop
      vertex -7.86926 40.6121 20
      vertex -9.3 43.3 20
      vertex -7.89229 40.4568 20
    endloop
  endfacet
  facet normal 0 0 1
    outer loop
      vertex -7.8311 40.7645 20
      vertex -9.3 43.3 20
      vertex -7.86926 40.6121 20
    endloop
  endfacet
  facet normal 0 0 1
    outer loop
      vertex -7.77821 40.9123 20
      vertex -9.3 43.3 20
      vertex -7.8311 40.7645 20
    endloop
  endfacet
  facet normal 0 0 1
    outer loop
      vertex -7.71107 41.0542 20
      vertex -9.3 43.3 20
      vertex -7.77821 40.9123 20
    endloop
  endfacet
  facet normal 0 0 1
    outer loop
      vertex -7.63035 41.1889 20
      vertex -9.3 43.3 20
      vertex -7.71107 41.0542 20
    endloop
  endfacet
  facet normal 0 0 1
    outer loop
      vertex -7.53682 41.315 20
      vertex -9.3 43.3 20
      vertex -7.63035 41.1889 20
    endloop
  endfacet
  facet normal 0 0 1
    outer loop
      vertex -7.43137 41.4314 20
      vertex -9.3 43.3 20
      vertex -7.53682 41.315 20
    endloop
  endfacet
  facet normal 0 0 1
    outer loop
      vertex -7.31503 41.5368 20
      vertex -9.3 43.3 20
      vertex -7.43137 41.4314 20
    endloop
  endfacet
  facet normal 0 0 1
    outer loop
      vertex -7.18891 41.6304 20
      vertex -9.3 43.3 20
      vertex -7.31503 41.5368 20
    endloop
  endfacet
  facet normal 0 0 1
    outer loop
      vertex -7.05423 41.7111 20
      vertex -9.3 43.3 20
      vertex -7.18891 41.6304 20
    endloop
  endfacet
  facet normal 0 0 1
    outer loop
      vertex -6.91229 41.7782 20
      vertex -9.3 43.3 20
      vertex -7.05423 41.7111 20
    endloop
  endfacet
  facet normal 0 0 1
    outer loop
      vertex -6.76445 41.8311 20
      vertex -9.3 43.3 20
      vertex -6.91229 41.7782 20
    endloop
  endfacet
  facet normal 0 0 1
    outer loop
      vertex -6.61214 41.8693 20
      vertex -9.3 43.3 20
      vertex -6.76445 41.8311 20
    endloop
  endfacet
  facet normal 0 0 1
    outer loop
      vertex -6.45683 41.8923 20
      vertex -9.3 43.3 20
      vertex -6.61214 41.8693 20
    endloop
  endfacet
  facet normal 0 0 1
    outer loop
      vertex -6.3 41.9 20
      vertex -9.3 43.3 20
      vertex -6.45683 41.8923 20
    endloop
  endfacet
  facet normal 0 0 1
    outer loop
      vertex -6.14317 41.8923 20
      vertex -9.3 43.3 20
      vertex -6.3 41.9 20
    endloop
  endfacet
  facet normal 0 0 1
    outer loop
      vertex 41.8693 39.9879 20
      vertex 43.3 43.3 20
      vertex 41.8923 40.1432 20
    endloop
  endfacet
  facet normal -0 0 1
    outer loop
      vertex 41.8923 -6.45683 20
      vertex 43.3 -9.3 20
      vertex 41.9 -6.3 20
    endloop
  endfacet
  facet normal -0 0 1
    outer loop
      vertex 41.8693 -6.61214 20
      vertex 43.3 -9.3 20
      vertex 41.8923 -6.45683 20
    endloop
  endfacet
  facet normal -0 0 1
    outer loop
      vertex 41.8311 -6.76445 20
      vertex 43.3 -9.3 20
      vertex 41.8693 -6.61214 20
    endloop
  endfacet
  facet normal -0 0 1
    outer loop
      vertex 41.7782 -6.91229 20
      vertex 43.3 -9.3 20
      vertex 41.8311 -6.76445 20
    endloop
  endfacet
  facet normal -0 0 1
    outer loop
      vertex 41.7111 -7.05423 20
      vertex 43.3 -9.3 20
      vertex 41.7782 -6.91229 20
    endloop
  endfacet
  facet normal -0 0 1
    outer loop
      vertex 41.6304 -7.18891 20
      vertex 43.3 -9.3 20
      vertex 41.7111 -7.05423 20
    endloop
  endfacet
  facet normal -0 0 1
    outer loop
      vertex 41.5368 -7.31503 20
      vertex 43.3 -9.3 20
      vertex 41.6304 -7.18891 20
    endloop
  endfacet
  facet normal -0 0 1
    outer loop
      vertex 41.4314 -7.43137 20
      vertex 43.3 -9.3 20
      vertex 41.5368 -7.31503 20
    endloop
  endfacet
  facet normal -0 0 1
    outer loop
      vertex 41.315 -7.53682 20
      vertex 43.3 -9.3 20
      vertex 41.4314 -7.43137 20
    endloop
  endfacet
  facet normal -0 0 1
    outer loop
      vertex 41.1889 -7.63035 20
      vertex 43.3 -9.3 20
      vertex 41.315 -7.53682 20
    endloop
  endfacet
  facet normal -0 0 1
    outer loop
      vertex 41.0542 -7.71107 20
      vertex 43.3 -9.3 20
      vertex 41.1889 -7.63035 20
    endloop
  endfacet
  facet normal -0 0 1
    outer loop
      vertex 40.9123 -7.77821 20
      vertex 43.3 -9.3 20
      vertex 41.0542 -7.71107 20
    endloop
  endfacet
  facet normal -0 0 1
    outer loop
      vertex 40.7645 -7.8311 20
      vertex 43.3 -9.3 20
      vertex 40.9123 -7.77821 20
    endloop
  endfacet
  facet normal -0 0 1
    outer loop
      vertex 40.6121 -7.86926 20
      vertex 43.3 -9.3 20
      vertex 40.7645 -7.8311 20
    endloop
  endfacet
  facet normal -0 0 1
    outer loop
      vertex 40.4568 -7.89229 20
      vertex 43.3 -9.3 20
      vertex 40.6121 -7.86926 20
    endloop
  endfacet
  facet normal -0 0 1
    outer loop
      vertex 40.3 -7.9 20
      vertex 43.3 -9.3 20
      vertex 40.4568 -7.89229 20
    endloop
  endfacet
  facet normal 0 0 1
    outer loop
      vertex 40.1432 -7.89229 20
      vertex 43.3 -9.3 20
      vertex 40.3 -7.9 20
    endloop
  endfacet
  facet normal 0 0 1
    outer loop
      vertex 39.9879 -7.86926 20
      vertex 43.3 -9.3 20
      vertex 40.1432 -7.89229 20
    endloop
  endfacet
  facet normal 0 0 1
    outer loop
      vertex 39.8355 -7.8311 20
      vertex 43.3 -9.3 20
      vertex 39.9879 -7.86926 20
    endloop
  endfacet
  facet normal 0 0 1
    outer loop
      vertex 39.6877 -7.77821 20
      vertex 43.3 -9.3 20
      vertex 39.8355 -7.8311 20
    endloop
  endfacet
  facet normal 0 0 1
    outer loop
      vertex 38.7077 -6.14317 20
      vertex 38.4915 -4.49149 20
      vertex 38.7 -6.3 20
    endloop
  endfacet
  facet normal 0 0 1
    outer loop
      vertex 38.4915 -4.49149 20
      vertex 38.7077 -6.45683 20
      vertex 38.7 -6.3 20
    endloop
  endfacet
  facet normal -0 0 1
    outer loop
      vertex -4.49149 -4.49149 20
      vertex 38.7077 -6.45683 20
      vertex 38.4915 -4.49149 20
    endloop
  endfacet
  facet normal 0 0 1
    outer loop
      vertex -4.7077 -6.45683 20
      vertex 38.7077 -6.45683 20
      vertex -4.49149 -4.49149 20
    endloop
  endfacet
  facet normal 0 0 1
    outer loop
      vertex 38.7077 -6.45683 20
      vertex -4.7077 -6.45683 20
      vertex 38.7307 -6.61214 20
    endloop
  endfacet
  facet normal 0 0 1
    outer loop
      vertex -4.73074 -6.61214 20
      vertex 38.7307 -6.61214 20
      vertex -4.7077 -6.45683 20
    endloop
  endfacet
  facet normal 0 0 1
    outer loop
      vertex 38.7307 -6.61214 20
      vertex -4.73074 -6.61214 20
      vertex 38.7689 -6.76445 20
    endloop
  endfacet
  facet normal 0 0 1
    outer loop
      vertex -4.7689 -6.76445 20
      vertex 38.7689 -6.76445 20
      vertex -4.73074 -6.61214 20
    endloop
  endfacet
  facet normal 0 0 1
    outer loop
      vertex 38.7689 -6.76445 20
      vertex -4.7689 -6.76445 20
      vertex 38.8218 -6.91229 20
    endloop
  endfacet
  facet normal 0 0 1
    outer loop
      vertex -4.82179 -6.91229 20
      vertex 38.8218 -6.91229 20
      vertex -4.7689 -6.76445 20
    endloop
  endfacet
  facet normal 0 0 1
    outer loop
      vertex 38.8218 -6.91229 20
      vertex -4.82179 -6.91229 20
      vertex 38.8889 -7.05423 20
    endloop
  endfacet
  facet normal 0 0 1
    outer loop
      vertex -4.88893 -7.05423 20
      vertex 38.8889 -7.05423 20
      vertex -4.82179 -6.91229 20
    endloop
  endfacet
  facet normal 0 0 1
    outer loop
      vertex 38.8889 -7.05423 20
      vertex -4.88893 -7.05423 20
      vertex 38.9697 -7.18891 20
    endloop
  endfacet
  facet normal 0 0 1
    outer loop
      vertex -4.96965 -7.18891 20
      vertex 38.9697 -7.18891 20
      vertex -4.88893 -7.05423 20
    endloop
  endfacet
  facet normal 0 0 1
    outer loop
      vertex 38.9697 -7.18891 20
      vertex -4.96965 -7.18891 20
      vertex 39.0632 -7.31503 20
    endloop
  endfacet
  facet normal -0 0 1
    outer loop
      vertex -4.73074 39.9879 20
      vertex -4.49149 38.4915 20
      vertex -4.7077 40.1432 20
    endloop
  endfacet
  facet normal 0 0 1
    outer loop
      vertex -4.7077 -6.45683 20
      vertex -4.49149 -4.49149 20
      vertex -4.7 -6.3 20
    endloop
  endfacet
  facet normal 0 0 1
    outer loop
      vertex -5.06318 -7.31503 20
      vertex 39.0632 -7.31503 20
      vertex -4.96965 -7.18891 20
    endloop
  endfacet
  facet normal 0 0 1
    outer loop
      vertex 39.0632 -7.31503 20
      vertex -5.06318 -7.31503 20
      vertex 39.1686 -7.43137 20
    endloop
  endfacet
  facet normal 0 0 1
    outer loop
      vertex -5.16863 -7.43137 20
      vertex 39.1686 -7.43137 20
      vertex -5.06318 -7.31503 20
    endloop
  endfacet
  facet normal 0 0 1
    outer loop
      vertex 39.1686 -7.43137 20
      vertex -5.16863 -7.43137 20
      vertex 39.285 -7.53682 20
    endloop
  endfacet
  facet normal 0 0 1
    outer loop
      vertex -5.28497 -7.53682 20
      vertex 39.285 -7.53682 20
      vertex -5.16863 -7.43137 20
    endloop
  endfacet
  facet normal 0 0 1
    outer loop
      vertex 39.285 -7.53682 20
      vertex -5.28497 -7.53682 20
      vertex 39.4111 -7.63035 20
    endloop
  endfacet
  facet normal 0 0 1
    outer loop
      vertex -5.41109 -7.63035 20
      vertex 39.4111 -7.63035 20
      vertex -5.28497 -7.53682 20
    endloop
  endfacet
  facet normal 0 0 1
    outer loop
      vertex 39.4111 -7.63035 20
      vertex -5.41109 -7.63035 20
      vertex 39.5458 -7.71107 20
    endloop
  endfacet
  facet normal 0 0 1
    outer loop
      vertex -5.54576 -7.71107 20
      vertex 39.5458 -7.71107 20
      vertex -5.41109 -7.63035 20
    endloop
  endfacet
  facet normal 0 0 1
    outer loop
      vertex 39.5458 -7.71107 20
      vertex -5.54576 -7.71107 20
      vertex 39.6877 -7.77821 20
    endloop
  endfacet
  facet normal 0 0 1
    outer loop
      vertex -5.68771 -7.77821 20
      vertex 39.6877 -7.77821 20
      vertex -5.54576 -7.71107 20
    endloop
  endfacet
  facet normal 0 0 1
    outer loop
      vertex 39.6877 -7.77821 20
      vertex -5.68771 -7.77821 20
      vertex 43.3 -9.3 20
    endloop
  endfacet
  facet normal 0 0 1
    outer loop
      vertex -9.3 -9.3 20
      vertex -5.68771 -7.77821 20
      vertex -5.83554 -7.8311 20
    endloop
  endfacet
  facet normal 0 0 1
    outer loop
      vertex -9.3 -9.3 20
      vertex -5.83554 -7.8311 20
      vertex -5.98785 -7.86926 20
    endloop
  endfacet
  facet normal 0 0 1
    outer loop
      vertex -9.3 -9.3 20
      vertex -5.98785 -7.86926 20
      vertex -6.14317 -7.89229 20
    endloop
  endfacet
  facet normal 0 0 1
    outer loop
      vertex -9.3 -9.3 20
      vertex -6.14317 -7.89229 20
      vertex -6.3 -7.9 20
    endloop
  endfacet
  facet normal 0 0 1
    outer loop
      vertex -5.68771 -7.77821 20
      vertex -9.3 -9.3 20
      vertex 43.3 -9.3 20
    endloop
  endfacet
  facet normal 0 0 1
    outer loop
      vertex -6.45683 -7.89229 20
      vertex -9.3 -9.3 20
      vertex -6.3 -7.9 20
    endloop
  endfacet
  facet normal 0 0 1
    outer loop
      vertex -6.61214 -7.86926 20
      vertex -9.3 -9.3 20
      vertex -6.45683 -7.89229 20
    endloop
  endfacet
  facet normal 0 0 1
    outer loop
      vertex -6.76445 -7.8311 20
      vertex -9.3 -9.3 20
      vertex -6.61214 -7.86926 20
    endloop
  endfacet
  facet normal 0 0 1
    outer loop
      vertex -6.91229 -7.77821 20
      vertex -9.3 -9.3 20
      vertex -6.76445 -7.8311 20
    endloop
  endfacet
  facet normal 0 0 1
    outer loop
      vertex -7.05423 -7.71107 20
      vertex -9.3 -9.3 20
      vertex -6.91229 -7.77821 20
    endloop
  endfacet
  facet normal 0 0 1
    outer loop
      vertex -7.18891 -7.63035 20
      vertex -9.3 -9.3 20
      vertex -7.05423 -7.71107 20
    endloop
  endfacet
  facet normal 0 0 1
    outer loop
      vertex -7.31503 -7.53682 20
      vertex -9.3 -9.3 20
      vertex -7.18891 -7.63035 20
    endloop
  endfacet
  facet normal 0 0 1
    outer loop
      vertex -7.43137 -7.43137 20
      vertex -9.3 -9.3 20
      vertex -7.31503 -7.53682 20
    endloop
  endfacet
  facet normal 0 0 1
    outer loop
      vertex -7.53682 -7.31503 20
      vertex -9.3 -9.3 20
      vertex -7.43137 -7.43137 20
    endloop
  endfacet
  facet normal 0 0 1
    outer loop
      vertex -7.63035 -7.18891 20
      vertex -9.3 -9.3 20
      vertex -7.53682 -7.31503 20
    endloop
  endfacet
  facet normal 0 0 1
    outer loop
      vertex -7.71107 -7.05423 20
      vertex -9.3 -9.3 20
      vertex -7.63035 -7.18891 20
    endloop
  endfacet
  facet normal 0 0 1
    outer loop
      vertex -7.77821 -6.91229 20
      vertex -9.3 -9.3 20
      vertex -7.71107 -7.05423 20
    endloop
  endfacet
  facet normal 0 0 1
    outer loop
      vertex -7.8311 -6.76445 20
      vertex -9.3 -9.3 20
      vertex -7.77821 -6.91229 20
    endloop
  endfacet
  facet normal 0 0 1
    outer loop
      vertex -7.86926 -6.61214 20
      vertex -9.3 -9.3 20
      vertex -7.8311 -6.76445 20
    endloop
  endfacet
  facet normal 0 0 1
    outer loop
      vertex -7.89229 -6.45683 20
      vertex -9.3 -9.3 20
      vertex -7.86926 -6.61214 20
    endloop
  endfacet
  facet normal 0 0 1
    outer loop
      vertex -7.9 -6.3 20
      vertex -9.3 -9.3 20
      vertex -7.89229 -6.45683 20
    endloop
  endfacet
  facet normal 0 0 1
    outer loop
      vertex -7.89229 -6.14317 20
      vertex -9.3 -9.3 20
      vertex -7.9 -6.3 20
    endloop
  endfacet
  facet normal 0 0 -1
    outer loop
      vertex -5.06318 -5.28497 0
      vertex -3.3 -3.3 0
      vertex -4.96965 -5.41109 0
    endloop
  endfacet
  facet normal 0 0 -1
    outer loop
      vertex -3.3 20.3 0
      vertex -4.7077 40.1432 0
      vertex -4.7 40.3 0
    endloop
  endfacet
  facet normal 0 0 -1
    outer loop
      vertex -5.16863 -5.16863 0
      vertex -3.3 -3.3 0
      vertex -5.06318 -5.28497 0
    endloop
  endfacet
  facet normal 0 0 -1
    outer loop
      vertex -3.3 20.3 0
      vertex -4.73074 39.9879 0
      vertex -4.7077 40.1432 0
    endloop
  endfacet
  facet normal 0 0 -1
    outer loop
      vertex -5.28497 -5.06318 0
      vertex -3.3 -3.3 0
      vertex -5.16863 -5.16863 0
    endloop
  endfacet
  facet normal 0 0 -1
    outer loop
      vertex -3.3 20.3 0
      vertex -4.7689 39.8355 0
      vertex -4.73074 39.9879 0
    endloop
  endfacet
  facet normal 0 0 -1
    outer loop
      vertex -5.41109 -4.96965 0
      vertex -3.3 -3.3 0
      vertex -5.28497 -5.06318 0
    endloop
  endfacet
  facet normal 0 0 -1
    outer loop
      vertex -3.3 20.3 0
      vertex -4.82179 39.6877 0
      vertex -4.7689 39.8355 0
    endloop
  endfacet
  facet normal 0 0 -1
    outer loop
      vertex -5.54576 -4.88893 0
      vertex -3.3 -3.3 0
      vertex -5.41109 -4.96965 0
    endloop
  endfacet
  facet normal 0 0 -1
    outer loop
      vertex -3.3 20.3 0
      vertex -4.88893 39.5458 0
      vertex -4.82179 39.6877 0
    endloop
  endfacet
  facet normal 0 0 -1
    outer loop
      vertex -5.68771 -4.82179 0
      vertex -3.3 -3.3 0
      vertex -5.54576 -4.88893 0
    endloop
  endfacet
  facet normal 0 0 -1
    outer loop
      vertex -3.3 20.3 0
      vertex -4.96965 39.4111 0
      vertex -4.88893 39.5458 0
    endloop
  endfacet
  facet normal 0 0 -1
    outer loop
      vertex -5.83554 -4.7689 0
      vertex -3.3 -3.3 0
      vertex -5.68771 -4.82179 0
    endloop
  endfacet
  facet normal 0 0 -1
    outer loop
      vertex -3.3 20.3 0
      vertex -5.06318 39.285 0
      vertex -4.96965 39.4111 0
    endloop
  endfacet
  facet normal 0 0 -1
    outer loop
      vertex -5.98785 -4.73074 0
      vertex -3.3 -3.3 0
      vertex -5.83554 -4.7689 0
    endloop
  endfacet
  facet normal 0 0 -1
    outer loop
      vertex -3.3 20.3 0
      vertex -5.16863 39.1686 0
      vertex -5.06318 39.285 0
    endloop
  endfacet
  facet normal 0 0 -1
    outer loop
      vertex -6.14317 -4.7077 0
      vertex -3.3 -3.3 0
      vertex -5.98785 -4.73074 0
    endloop
  endfacet
  facet normal 0 0 -1
    outer loop
      vertex -3.3 20.3 0
      vertex -5.28497 39.0632 0
      vertex -5.16863 39.1686 0
    endloop
  endfacet
  facet normal 0 0 -1
    outer loop
      vertex -6.3 -4.7 0
      vertex -3.3 -3.3 0
      vertex -6.14317 -4.7077 0
    endloop
  endfacet
  facet normal 0 0 -1
    outer loop
      vertex -3.3 20.3 0
      vertex -5.41109 38.9697 0
      vertex -5.28497 39.0632 0
    endloop
  endfacet
  facet normal 0 0 -1
    outer loop
      vertex -6.45683 -4.7077 0
      vertex -3.3 -3.3 0
      vertex -6.3 -4.7 0
    endloop
  endfacet
  facet normal 0 0 -1
    outer loop
      vertex -3.3 20.3 0
      vertex -5.54576 38.8889 0
      vertex -5.41109 38.9697 0
    endloop
  endfacet
  facet normal -0 0 -1
    outer loop
      vertex -3.3 -3.3 0
      vertex -6.45683 -4.7077 0
      vertex -3.3 3.3 0
    endloop
  endfacet
  facet normal 0 0 -1
    outer loop
      vertex -3.3 20.3 0
      vertex -5.68771 38.8218 0
      vertex -5.54576 38.8889 0
    endloop
  endfacet
  facet normal 0 0 -1
    outer loop
      vertex -6.61214 -4.73074 0
      vertex -3.3 3.3 0
      vertex -6.45683 -4.7077 0
    endloop
  endfacet
  facet normal 0 0 -1
    outer loop
      vertex -3.3 20.3 0
      vertex -5.83554 38.7689 0
      vertex -5.68771 38.8218 0
    endloop
  endfacet
  facet normal 0 0 -1
    outer loop
      vertex -6.76445 -4.7689 0
      vertex -3.3 3.3 0
      vertex -6.61214 -4.73074 0
    endloop
  endfacet
  facet normal 0 0 -1
    outer loop
      vertex -3.3 20.3 0
      vertex -5.98785 38.7307 0
      vertex -5.83554 38.7689 0
    endloop
  endfacet
  facet normal 0 0 -1
    outer loop
      vertex -6.91229 -4.82179 0
      vertex -3.3 3.3 0
      vertex -6.76445 -4.7689 0
    endloop
  endfacet
  facet normal 0 0 -1
    outer loop
      vertex -3.3 20.3 0
      vertex -6.14317 38.7077 0
      vertex -5.98785 38.7307 0
    endloop
  endfacet
  facet normal 0 0 -1
    outer loop
      vertex -7.05423 -4.88893 0
      vertex -3.3 3.3 0
      vertex -6.91229 -4.82179 0
    endloop
  endfacet
  facet normal 0 0 -1
    outer loop
      vertex -3.3 20.3 0
      vertex -6.3 38.7 0
      vertex -6.14317 38.7077 0
    endloop
  endfacet
  facet normal 0 0 -1
    outer loop
      vertex -7.18891 -4.96965 0
      vertex -3.3 3.3 0
      vertex -7.05423 -4.88893 0
    endloop
  endfacet
  facet normal 0 0 -1
    outer loop
      vertex -3.3 20.3 0
      vertex -6.45683 38.7077 0
      vertex -6.3 38.7 0
    endloop
  endfacet
  facet normal 0 0 -1
    outer loop
      vertex -7.31503 -5.06318 0
      vertex -3.3 3.3 0
      vertex -7.18891 -4.96965 0
    endloop
  endfacet
  facet normal 0 0 -1
    outer loop
      vertex -3.3 20.3 0
      vertex -6.61214 38.7307 0
      vertex -6.45683 38.7077 0
    endloop
  endfacet
  facet normal -0 0 -1
    outer loop
      vertex -3.3 3.3 0
      vertex -7.31503 -5.06318 0
      vertex -3.3 5.2 0
    endloop
  endfacet
  facet normal 0 0 -1
    outer loop
      vertex -3.3 20.3 0
      vertex -6.76445 38.7689 0
      vertex -6.61214 38.7307 0
    endloop
  endfacet
  facet normal 0 0 -1
    outer loop
      vertex -7.43137 -5.16863 0
      vertex -3.3 5.2 0
      vertex -7.31503 -5.06318 0
    endloop
  endfacet
  facet normal 0 0 -1
    outer loop
      vertex -3.3 20.3 0
      vertex -6.91229 38.8218 0
      vertex -6.76445 38.7689 0
    endloop
  endfacet
  facet normal 0 0 -1
    outer loop
      vertex -7.53682 -5.28497 0
      vertex -3.3 5.2 0
      vertex -7.43137 -5.16863 0
    endloop
  endfacet
  facet normal 0 0 -1
    outer loop
      vertex -3.3 20.3 0
      vertex -7.05423 38.8889 0
      vertex -6.91229 38.8218 0
    endloop
  endfacet
  facet normal -0 0 -1
    outer loop
      vertex -3.3 5.2 0
      vertex -7.53682 -5.28497 0
      vertex -3.3 11.8 0
    endloop
  endfacet
  facet normal 0 0 -1
    outer loop
      vertex -3.3 20.3 0
      vertex -7.18891 38.9697 0
      vertex -7.05423 38.8889 0
    endloop
  endfacet
  facet normal 0 0 -1
    outer loop
      vertex -7.63035 -5.41109 0
      vertex -3.3 11.8 0
      vertex -7.53682 -5.28497 0
    endloop
  endfacet
  facet normal 0 0 -1
    outer loop
      vertex -3.3 20.3 0
      vertex -7.31503 39.0632 0
      vertex -7.18891 38.9697 0
    endloop
  endfacet
  facet normal 0 0 -1
    outer loop
      vertex -7.71107 -5.54576 0
      vertex -3.3 11.8 0
      vertex -7.63035 -5.41109 0
    endloop
  endfacet
  facet normal 0 0 -1
    outer loop
      vertex -3.3 20.3 0
      vertex -7.43137 39.1686 0
      vertex -7.31503 39.0632 0
    endloop
  endfacet
  facet normal -0 0 -1
    outer loop
      vertex -3.3 11.8 0
      vertex -7.71107 -5.54576 0
      vertex -3.3 13.7 0
    endloop
  endfacet
  facet normal 0 0 -1
    outer loop
      vertex -3.3 20.3 0
      vertex -7.53682 39.285 0
      vertex -7.43137 39.1686 0
    endloop
  endfacet
  facet normal 0 0 -1
    outer loop
      vertex -7.77821 -5.68771 0
      vertex -3.3 13.7 0
      vertex -7.71107 -5.54576 0
    endloop
  endfacet
  facet normal 0 0 -1
    outer loop
      vertex -3.3 20.3 0
      vertex -7.63035 39.4111 0
      vertex -7.53682 39.285 0
    endloop
  endfacet
  facet normal -0 0 -1
    outer loop
      vertex -3.3 13.7 0
      vertex -7.77821 -5.68771 0
      vertex -3.3 20.3 0
    endloop
  endfacet
  facet normal 0 0 -1
    outer loop
      vertex -3.3 20.3 0
      vertex -7.71107 39.5458 0
      vertex -7.63035 39.4111 0
    endloop
  endfacet
  facet normal 0 0 -1
    outer loop
      vertex -7.77821 39.6877 0
      vertex -3.3 20.3 0
      vertex -7.77821 -5.68771 0
    endloop
  endfacet
  facet normal 0 0 -1
    outer loop
      vertex -3.3 20.3 0
      vertex -7.77821 39.6877 0
      vertex -7.71107 39.5458 0
    endloop
  endfacet
  facet normal 0 0 -1
    outer loop
      vertex -9.3 -9.3 0
      vertex -7.77821 -5.68771 0
      vertex -7.8311 -5.83554 0
    endloop
  endfacet
  facet normal -0 0 -1
    outer loop
      vertex -7.77821 -5.68771 0
      vertex -9.3 -9.3 0
      vertex -7.77821 39.6877 0
    endloop
  endfacet
  facet normal 0 0 -1
    outer loop
      vertex -9.3 -9.3 0
      vertex -7.8311 -5.83554 0
      vertex -7.86926 -5.98785 0
    endloop
  endfacet
  facet normal 0 0 -1
    outer loop
      vertex -9.3 43.3 0
      vertex -7.77821 39.6877 0
      vertex -9.3 -9.3 0
    endloop
  endfacet
  facet normal 0 0 -1
    outer loop
      vertex -9.3 -9.3 0
      vertex -7.86926 -5.98785 0
      vertex -7.89229 -6.14317 0
    endloop
  endfacet
  facet normal 0 0 -1
    outer loop
      vertex -7.77821 39.6877 0
      vertex -9.3 43.3 0
      vertex -7.8311 39.8355 0
    endloop
  endfacet
  facet normal 0 0 -1
    outer loop
      vertex -9.3 -9.3 0
      vertex -7.89229 -6.14317 0
      vertex -7.9 -6.3 0
    endloop
  endfacet
  facet normal 0 0 -1
    outer loop
      vertex -7.8311 39.8355 0
      vertex -9.3 43.3 0
      vertex -7.86926 39.9879 0
    endloop
  endfacet
  facet normal 0 0 -1
    outer loop
      vertex -3.3 28.8 0
      vertex 3.3 30.7 0
      vertex 3.3 28.8 0
    endloop
  endfacet
  facet normal -0 0 -1
    outer loop
      vertex 3.3 30.7 0
      vertex -3.3 28.8 0
      vertex -3.3 30.7 0
    endloop
  endfacet
  facet normal 0 0 -1
    outer loop
      vertex -3.3 20.3 0
      vertex 3.3 22.2 0
      vertex 3.3 20.3 0
    endloop
  endfacet
  facet normal -0 0 -1
    outer loop
      vertex 3.3 22.2 0
      vertex -3.3 20.3 0
      vertex -3.3 22.2 0
    endloop
  endfacet
  facet normal 0 0 -1
    outer loop
      vertex -3.3 11.8 0
      vertex 3.3 13.7 0
      vertex 3.3 11.8 0
    endloop
  endfacet
  facet normal -0 0 -1
    outer loop
      vertex 3.3 13.7 0
      vertex -3.3 11.8 0
      vertex -3.3 13.7 0
    endloop
  endfacet
  facet normal 0 0 -1
    outer loop
      vertex -3.3 3.3 0
      vertex 3.3 5.2 0
      vertex 3.3 3.3 0
    endloop
  endfacet
  facet normal -0 0 -1
    outer loop
      vertex 3.3 5.2 0
      vertex -3.3 3.3 0
      vertex -3.3 5.2 0
    endloop
  endfacet
  facet normal 0 0 -1
    outer loop
      vertex 5.2 28.8 0
      vertex 11.8 30.7 0
      vertex 11.8 28.8 0
    endloop
  endfacet
  facet normal -0 0 -1
    outer loop
      vertex 11.8 30.7 0
      vertex 5.2 28.8 0
      vertex 5.2 30.7 0
    endloop
  endfacet
  facet normal 0 0 -1
    outer loop
      vertex 5.2 20.3 0
      vertex 11.8 22.2 0
      vertex 11.8 20.3 0
    endloop
  endfacet
  facet normal -0 0 -1
    outer loop
      vertex 11.8 22.2 0
      vertex 5.2 20.3 0
      vertex 5.2 22.2 0
    endloop
  endfacet
  facet normal 0 0 -1
    outer loop
      vertex 5.2 11.8 0
      vertex 11.8 13.7 0
      vertex 11.8 11.8 0
    endloop
  endfacet
  facet normal -0 0 -1
    outer loop
      vertex 11.8 13.7 0
      vertex 5.2 11.8 0
      vertex 5.2 13.7 0
    endloop
  endfacet
  facet normal 0 0 -1
    outer loop
      vertex 5.2 3.3 0
      vertex 11.8 5.2 0
      vertex 11.8 3.3 0
    endloop
  endfacet
  facet normal -0 0 -1
    outer loop
      vertex 11.8 5.2 0
      vertex 5.2 3.3 0
      vertex 5.2 5.2 0
    endloop
  endfacet
  facet normal 0 0 -1
    outer loop
      vertex 13.7 28.8 0
      vertex 20.3 30.7 0
      vertex 20.3 28.8 0
    endloop
  endfacet
  facet normal -0 0 -1
    outer loop
      vertex 20.3 30.7 0
      vertex 13.7 28.8 0
      vertex 13.7 30.7 0
    endloop
  endfacet
  facet normal 0 0 -1
    outer loop
      vertex 13.7 20.3 0
      vertex 20.3 22.2 0
      vertex 20.3 20.3 0
    endloop
  endfacet
  facet normal -0 0 -1
    outer loop
      vertex 20.3 22.2 0
      vertex 13.7 20.3 0
      vertex 13.7 22.2 0
    endloop
  endfacet
  facet normal 0 0 -1
    outer loop
      vertex 13.7 11.8 0
      vertex 20.3 13.7 0
      vertex 20.3 11.8 0
    endloop
  endfacet
  facet normal -0 0 -1
    outer loop
      vertex 20.3 13.7 0
      vertex 13.7 11.8 0
      vertex 13.7 13.7 0
    endloop
  endfacet
  facet normal 0 0 -1
    outer loop
      vertex 13.7 3.3 0
      vertex 20.3 5.2 0
      vertex 20.3 3.3 0
    endloop
  endfacet
  facet normal -0 0 -1
    outer loop
      vertex 20.3 5.2 0
      vertex 13.7 3.3 0
      vertex 13.7 5.2 0
    endloop
  endfacet
  facet normal 0 0 -1
    outer loop
      vertex 22.2 28.8 0
      vertex 28.8 30.7 0
      vertex 28.8 28.8 0
    endloop
  endfacet
  facet normal -0 0 -1
    outer loop
      vertex 28.8 30.7 0
      vertex 22.2 28.8 0
      vertex 22.2 30.7 0
    endloop
  endfacet
  facet normal 0 0 -1
    outer loop
      vertex 22.2 20.3 0
      vertex 28.8 22.2 0
      vertex 28.8 20.3 0
    endloop
  endfacet
  facet normal -0 0 -1
    outer loop
      vertex 28.8 22.2 0
      vertex 22.2 20.3 0
      vertex 22.2 22.2 0
    endloop
  endfacet
  facet normal 0 0 -1
    outer loop
      vertex 22.2 11.8 0
      vertex 28.8 13.7 0
      vertex 28.8 11.8 0
    endloop
  endfacet
  facet normal -0 0 -1
    outer loop
      vertex 28.8 13.7 0
      vertex 22.2 11.8 0
      vertex 22.2 13.7 0
    endloop
  endfacet
  facet normal 0 0 -1
    outer loop
      vertex 22.2 3.3 0
      vertex 28.8 5.2 0
      vertex 28.8 3.3 0
    endloop
  endfacet
  facet normal -0 0 -1
    outer loop
      vertex 28.8 5.2 0
      vertex 22.2 3.3 0
      vertex 22.2 5.2 0
    endloop
  endfacet
  facet normal 0 0 -1
    outer loop
      vertex 30.7 28.8 0
      vertex 37.3 30.7 0
      vertex 37.3 28.8 0
    endloop
  endfacet
  facet normal -0 0 -1
    outer loop
      vertex 37.3 30.7 0
      vertex 30.7 28.8 0
      vertex 30.7 30.7 0
    endloop
  endfacet
  facet normal 0 0 -1
    outer loop
      vertex 30.7 20.3 0
      vertex 37.3 22.2 0
      vertex 37.3 20.3 0
    endloop
  endfacet
  facet normal -0 0 -1
    outer loop
      vertex 37.3 22.2 0
      vertex 30.7 20.3 0
      vertex 30.7 22.2 0
    endloop
  endfacet
  facet normal 0 0 -1
    outer loop
      vertex 30.7 11.8 0
      vertex 37.3 13.7 0
      vertex 37.3 11.8 0
    endloop
  endfacet
  facet normal -0 0 -1
    outer loop
      vertex 37.3 13.7 0
      vertex 30.7 11.8 0
      vertex 30.7 13.7 0
    endloop
  endfacet
  facet normal 0 0 -1
    outer loop
      vertex 30.7 3.3 0
      vertex 37.3 5.2 0
      vertex 37.3 3.3 0
    endloop
  endfacet
  facet normal -0 0 -1
    outer loop
      vertex 37.3 5.2 0
      vertex 30.7 3.3 0
      vertex 30.7 5.2 0
    endloop
  endfacet
  facet normal 0 0 -1
    outer loop
      vertex 41.8311 -5.83554 0
      vertex 43.3 -9.3 0
      vertex 41.8693 -5.98785 0
    endloop
  endfacet
  facet normal 0 0 -1
    outer loop
      vertex 43.3 43.3 0
      vertex 41.8923 40.1432 0
      vertex 41.9 40.3 0
    endloop
  endfacet
  facet normal 0 0 -1
    outer loop
      vertex 41.7782 -5.68771 0
      vertex 43.3 -9.3 0
      vertex 41.8311 -5.83554 0
    endloop
  endfacet
  facet normal 0 0 -1
    outer loop
      vertex 43.3 43.3 0
      vertex 41.8693 39.9879 0
      vertex 41.8923 40.1432 0
    endloop
  endfacet
  facet normal 0 0 -1
    outer loop
      vertex 43.3 -9.3 0
      vertex 41.7782 -5.68771 0
      vertex 43.3 43.3 0
    endloop
  endfacet
  facet normal 0 0 -1
    outer loop
      vertex 43.3 43.3 0
      vertex 41.8311 39.8355 0
      vertex 41.8693 39.9879 0
    endloop
  endfacet
  facet normal 0 0 -1
    outer loop
      vertex 41.7782 39.6877 0
      vertex 43.3 43.3 0
      vertex 41.7782 -5.68771 0
    endloop
  endfacet
  facet normal 0 0 -1
    outer loop
      vertex 43.3 43.3 0
      vertex 41.7782 39.6877 0
      vertex 41.8311 39.8355 0
    endloop
  endfacet
  facet normal 0 0 -1
    outer loop
      vertex 37.3 13.7 0
      vertex 41.7782 -5.68771 0
      vertex 41.7111 -5.54576 0
    endloop
  endfacet
  facet normal 0 0 -1
    outer loop
      vertex 41.7782 -5.68771 0
      vertex 37.3 13.7 0
      vertex 41.7782 39.6877 0
    endloop
  endfacet
  facet normal 0 0 -1
    outer loop
      vertex 37.3 11.8 0
      vertex 41.7111 -5.54576 0
      vertex 41.6304 -5.41109 0
    endloop
  endfacet
  facet normal 0 0 -1
    outer loop
      vertex 37.3 20.3 0
      vertex 41.7782 39.6877 0
      vertex 37.3 13.7 0
    endloop
  endfacet
  facet normal 0 0 -1
    outer loop
      vertex 37.3 11.8 0
      vertex 41.6304 -5.41109 0
      vertex 41.5368 -5.28497 0
    endloop
  endfacet
  facet normal 0 0 -1
    outer loop
      vertex 41.7782 39.6877 0
      vertex 37.3 20.3 0
      vertex 41.7111 39.5458 0
    endloop
  endfacet
  facet normal 0 0 -1
    outer loop
      vertex 37.3 5.2 0
      vertex 41.5368 -5.28497 0
      vertex 41.4314 -5.16863 0
    endloop
  endfacet
  facet normal 0 0 -1
    outer loop
      vertex 37.3 22.2 0
      vertex 41.7111 39.5458 0
      vertex 37.3 20.3 0
    endloop
  endfacet
  facet normal 0 0 -1
    outer loop
      vertex 37.3 5.2 0
      vertex 41.4314 -5.16863 0
      vertex 41.315 -5.06318 0
    endloop
  endfacet
  facet normal 0 0 -1
    outer loop
      vertex 41.7111 39.5458 0
      vertex 37.3 22.2 0
      vertex 41.6304 39.4111 0
    endloop
  endfacet
  facet normal 0 0 -1
    outer loop
      vertex 37.3 3.3 0
      vertex 41.315 -5.06318 0
      vertex 41.1889 -4.96965 0
    endloop
  endfacet
  facet normal 0 0 -1
    outer loop
      vertex 41.6304 39.4111 0
      vertex 37.3 22.2 0
      vertex 41.5368 39.285 0
    endloop
  endfacet
  facet normal 0 0 -1
    outer loop
      vertex 37.3 3.3 0
      vertex 41.1889 -4.96965 0
      vertex 41.0542 -4.88893 0
    endloop
  endfacet
  facet normal 0 0 -1
    outer loop
      vertex 37.3 28.8 0
      vertex 41.5368 39.285 0
      vertex 37.3 22.2 0
    endloop
  endfacet
  facet normal 0 0 -1
    outer loop
      vertex 37.3 3.3 0
      vertex 41.0542 -4.88893 0
      vertex 40.9123 -4.82179 0
    endloop
  endfacet
  facet normal 0 0 -1
    outer loop
      vertex 41.5368 39.285 0
      vertex 37.3 28.8 0
      vertex 41.4314 39.1686 0
    endloop
  endfacet
  facet normal 0 0 -1
    outer loop
      vertex 37.3 3.3 0
      vertex 40.9123 -4.82179 0
      vertex 40.7645 -4.7689 0
    endloop
  endfacet
  facet normal 0 0 -1
    outer loop
      vertex 41.4314 39.1686 0
      vertex 37.3 28.8 0
      vertex 41.315 39.0632 0
    endloop
  endfacet
  facet normal 0 0 -1
    outer loop
      vertex 37.3 3.3 0
      vertex 40.7645 -4.7689 0
      vertex 40.6121 -4.73074 0
    endloop
  endfacet
  facet normal 0 0 -1
    outer loop
      vertex 37.3 30.7 0
      vertex 41.315 39.0632 0
      vertex 37.3 28.8 0
    endloop
  endfacet
  facet normal 0 0 -1
    outer loop
      vertex 37.3 3.3 0
      vertex 40.6121 -4.73074 0
      vertex 40.4568 -4.7077 0
    endloop
  endfacet
  facet normal 0 0 -1
    outer loop
      vertex 41.315 39.0632 0
      vertex 37.3 30.7 0
      vertex 41.1889 38.9697 0
    endloop
  endfacet
  facet normal 0 0 -1
    outer loop
      vertex 37.3 -3.3 0
      vertex 40.4568 -4.7077 0
      vertex 40.3 -4.7 0
    endloop
  endfacet
  facet normal 0 0 -1
    outer loop
      vertex 41.1889 38.9697 0
      vertex 37.3 30.7 0
      vertex 41.0542 38.8889 0
    endloop
  endfacet
  facet normal 0 0 -1
    outer loop
      vertex 37.3 -3.3 0
      vertex 40.3 -4.7 0
      vertex 40.1432 -4.7077 0
    endloop
  endfacet
  facet normal 0 0 -1
    outer loop
      vertex 41.0542 38.8889 0
      vertex 37.3 30.7 0
      vertex 40.9123 38.8218 0
    endloop
  endfacet
  facet normal 0 0 -1
    outer loop
      vertex 37.3 -3.3 0
      vertex 40.1432 -4.7077 0
      vertex 39.9879 -4.73074 0
    endloop
  endfacet
  facet normal 0 0 -1
    outer loop
      vertex 40.9123 38.8218 0
      vertex 37.3 30.7 0
      vertex 40.7645 38.7689 0
    endloop
  endfacet
  facet normal 0 0 -1
    outer loop
      vertex 37.3 -3.3 0
      vertex 39.9879 -4.73074 0
      vertex 39.8355 -4.7689 0
    endloop
  endfacet
  facet normal 0 0 -1
    outer loop
      vertex 40.7645 38.7689 0
      vertex 37.3 30.7 0
      vertex 40.6121 38.7307 0
    endloop
  endfacet
  facet normal 0 0 -1
    outer loop
      vertex 37.3 -3.3 0
      vertex 39.8355 -4.7689 0
      vertex 39.6877 -4.82179 0
    endloop
  endfacet
  facet normal 0 0 -1
    outer loop
      vertex 40.6121 38.7307 0
      vertex 37.3 30.7 0
      vertex 40.4568 38.7077 0
    endloop
  endfacet
  facet normal 0 0 -1
    outer loop
      vertex 37.3 -3.3 0
      vertex 39.6877 -4.82179 0
      vertex 39.5458 -4.88893 0
    endloop
  endfacet
  facet normal 0 0 -1
    outer loop
      vertex 37.3 37.3 0
      vertex 40.4568 38.7077 0
      vertex 37.3 30.7 0
    endloop
  endfacet
  facet normal 0 0 -1
    outer loop
      vertex 37.3 -3.3 0
      vertex 39.5458 -4.88893 0
      vertex 39.4111 -4.96965 0
    endloop
  endfacet
  facet normal 0 0 -1
    outer loop
      vertex 40.4568 38.7077 0
      vertex 37.3 37.3 0
      vertex 40.3 38.7 0
    endloop
  endfacet
  facet normal 0 0 -1
    outer loop
      vertex 37.3 -3.3 0
      vertex 39.4111 -4.96965 0
      vertex 39.285 -5.06318 0
    endloop
  endfacet
  facet normal -0 0 -1
    outer loop
      vertex 40.3 38.7 0
      vertex 37.3 37.3 0
      vertex 40.1432 38.7077 0
    endloop
  endfacet
  facet normal 0 0 -1
    outer loop
      vertex 37.3 -3.3 0
      vertex 39.285 -5.06318 0
      vertex 39.1686 -5.16863 0
    endloop
  endfacet
  facet normal -0 0 -1
    outer loop
      vertex 40.1432 38.7077 0
      vertex 37.3 37.3 0
      vertex 39.9879 38.7307 0
    endloop
  endfacet
  facet normal 0 0 -1
    outer loop
      vertex 37.3 -3.3 0
      vertex 39.1686 -5.16863 0
      vertex 39.0632 -5.28497 0
    endloop
  endfacet
  facet normal -0 0 -1
    outer loop
      vertex 39.9879 38.7307 0
      vertex 37.3 37.3 0
      vertex 39.8355 38.7689 0
    endloop
  endfacet
  facet normal 0 0 -1
    outer loop
      vertex 37.3 -3.3 0
      vertex 39.0632 -5.28497 0
      vertex 38.9697 -5.41109 0
    endloop
  endfacet
  facet normal -0 0 -1
    outer loop
      vertex 39.8355 38.7689 0
      vertex 37.3 37.3 0
      vertex 39.6877 38.8218 0
    endloop
  endfacet
  facet normal 0 0 -1
    outer loop
      vertex 37.3 -3.3 0
      vertex 38.9697 -5.41109 0
      vertex 38.8889 -5.54576 0
    endloop
  endfacet
  facet normal -0 0 -1
    outer loop
      vertex 39.6877 38.8218 0
      vertex 37.3 37.3 0
      vertex 39.5458 38.8889 0
    endloop
  endfacet
  facet normal 0 0 -1
    outer loop
      vertex 37.3 -3.3 0
      vertex 38.8889 -5.54576 0
      vertex 38.8218 -5.68771 0
    endloop
  endfacet
  facet normal -0 0 -1
    outer loop
      vertex 39.5458 38.8889 0
      vertex 37.3 37.3 0
      vertex 39.4111 38.9697 0
    endloop
  endfacet
  facet normal 0 0 -1
    outer loop
      vertex 37.3 -3.3 0
      vertex 38.8218 -5.68771 0
      vertex 38.7689 -5.83554 0
    endloop
  endfacet
  facet normal -0 0 -1
    outer loop
      vertex 39.4111 38.9697 0
      vertex 37.3 37.3 0
      vertex 39.285 39.0632 0
    endloop
  endfacet
  facet normal 0 0 -1
    outer loop
      vertex 37.3 -3.3 0
      vertex 38.7689 -5.83554 0
      vertex 38.7307 -5.98785 0
    endloop
  endfacet
  facet normal -0 0 -1
    outer loop
      vertex 39.285 39.0632 0
      vertex 37.3 37.3 0
      vertex 39.1686 39.1686 0
    endloop
  endfacet
  facet normal 0 0 -1
    outer loop
      vertex 37.3 -3.3 0
      vertex 38.7307 -5.98785 0
      vertex 38.7077 -6.14317 0
    endloop
  endfacet
  facet normal -0 0 -1
    outer loop
      vertex 39.1686 39.1686 0
      vertex 37.3 37.3 0
      vertex 39.0632 39.285 0
    endloop
  endfacet
  facet normal 0 0 -1
    outer loop
      vertex 37.3 -3.3 0
      vertex 38.7077 -6.14317 0
      vertex 38.7 -6.3 0
    endloop
  endfacet
  facet normal -0 0 -1
    outer loop
      vertex 39.0632 39.285 0
      vertex 37.3 37.3 0
      vertex 38.9697 39.4111 0
    endloop
  endfacet
  facet normal 0 0 -1
    outer loop
      vertex 41.8923 -6.14317 0
      vertex 43.3 -9.3 0
      vertex 41.9 -6.3 0
    endloop
  endfacet
  facet normal 0 0 -1
    outer loop
      vertex 43.3 -9.3 0
      vertex 41.8923 -6.45683 0
      vertex 41.9 -6.3 0
    endloop
  endfacet
  facet normal 0 0 -1
    outer loop
      vertex 43.3 -9.3 0
      vertex 41.8693 -6.61214 0
      vertex 41.8923 -6.45683 0
    endloop
  endfacet
  facet normal 0 0 -1
    outer loop
      vertex 43.3 -9.3 0
      vertex 41.8311 -6.76445 0
      vertex 41.8693 -6.61214 0
    endloop
  endfacet
  facet normal 0 0 -1
    outer loop
      vertex 43.3 -9.3 0
      vertex 41.7782 -6.91229 0
      vertex 41.8311 -6.76445 0
    endloop
  endfacet
  facet normal 0 0 -1
    outer loop
      vertex 43.3 -9.3 0
      vertex 41.7111 -7.05423 0
      vertex 41.7782 -6.91229 0
    endloop
  endfacet
  facet normal 0 0 -1
    outer loop
      vertex 43.3 -9.3 0
      vertex 41.6304 -7.18891 0
      vertex 41.7111 -7.05423 0
    endloop
  endfacet
  facet normal 0 0 -1
    outer loop
      vertex 43.3 -9.3 0
      vertex 41.5368 -7.31503 0
      vertex 41.6304 -7.18891 0
    endloop
  endfacet
  facet normal 0 0 -1
    outer loop
      vertex 43.3 -9.3 0
      vertex 41.4314 -7.43137 0
      vertex 41.5368 -7.31503 0
    endloop
  endfacet
  facet normal 0 0 -1
    outer loop
      vertex 43.3 -9.3 0
      vertex 41.315 -7.53682 0
      vertex 41.4314 -7.43137 0
    endloop
  endfacet
  facet normal 0 0 -1
    outer loop
      vertex 43.3 -9.3 0
      vertex 41.1889 -7.63035 0
      vertex 41.315 -7.53682 0
    endloop
  endfacet
  facet normal 0 0 -1
    outer loop
      vertex 43.3 -9.3 0
      vertex 41.0542 -7.71107 0
      vertex 41.1889 -7.63035 0
    endloop
  endfacet
  facet normal 0 0 -1
    outer loop
      vertex 43.3 -9.3 0
      vertex 40.9123 -7.77821 0
      vertex 41.0542 -7.71107 0
    endloop
  endfacet
  facet normal 0 0 -1
    outer loop
      vertex 43.3 -9.3 0
      vertex 40.7645 -7.8311 0
      vertex 40.9123 -7.77821 0
    endloop
  endfacet
  facet normal 0 0 -1
    outer loop
      vertex 43.3 -9.3 0
      vertex 40.6121 -7.86926 0
      vertex 40.7645 -7.8311 0
    endloop
  endfacet
  facet normal 0 0 -1
    outer loop
      vertex 43.3 -9.3 0
      vertex 40.4568 -7.89229 0
      vertex 40.6121 -7.86926 0
    endloop
  endfacet
  facet normal 0 0 -1
    outer loop
      vertex 43.3 -9.3 0
      vertex 40.3 -7.9 0
      vertex 40.4568 -7.89229 0
    endloop
  endfacet
  facet normal 0 0 -1
    outer loop
      vertex 43.3 -9.3 0
      vertex 40.1432 -7.89229 0
      vertex 40.3 -7.9 0
    endloop
  endfacet
  facet normal 0 0 -1
    outer loop
      vertex 43.3 -9.3 0
      vertex 39.9879 -7.86926 0
      vertex 40.1432 -7.89229 0
    endloop
  endfacet
  facet normal 0 0 -1
    outer loop
      vertex 43.3 -9.3 0
      vertex 39.8355 -7.8311 0
      vertex 39.9879 -7.86926 0
    endloop
  endfacet
  facet normal 0 0 -1
    outer loop
      vertex 43.3 -9.3 0
      vertex 39.6877 -7.77821 0
      vertex 39.8355 -7.8311 0
    endloop
  endfacet
  facet normal 0 0 -1
    outer loop
      vertex 40.4568 -4.7077 0
      vertex 37.3 -3.3 0
      vertex 37.3 3.3 0
    endloop
  endfacet
  facet normal 0 0 -1
    outer loop
      vertex 38.7077 -6.45683 0
      vertex 37.3 -3.3 0
      vertex 38.7 -6.3 0
    endloop
  endfacet
  facet normal 0 0 -1
    outer loop
      vertex 30.7 -3.3 0
      vertex 38.7077 -6.45683 0
      vertex 38.7307 -6.61214 0
    endloop
  endfacet
  facet normal 0 0 -1
    outer loop
      vertex 30.7 -3.3 0
      vertex 38.7307 -6.61214 0
      vertex 38.7689 -6.76445 0
    endloop
  endfacet
  facet normal 0 0 -1
    outer loop
      vertex 30.7 -3.3 0
      vertex 38.7689 -6.76445 0
      vertex 38.8218 -6.91229 0
    endloop
  endfacet
  facet normal 0 0 -1
    outer loop
      vertex 38.7077 -6.45683 0
      vertex 30.7 -3.3 0
      vertex 37.3 -3.3 0
    endloop
  endfacet
  facet normal 0 0 -1
    outer loop
      vertex 38.8889 -7.05423 0
      vertex 30.7 -3.3 0
      vertex 38.8218 -6.91229 0
    endloop
  endfacet
  facet normal 0 0 -1
    outer loop
      vertex 38.9697 -7.18891 0
      vertex 30.7 -3.3 0
      vertex 38.8889 -7.05423 0
    endloop
  endfacet
  facet normal 0 0 -1
    outer loop
      vertex 39.0632 -7.31503 0
      vertex 30.7 -3.3 0
      vertex 38.9697 -7.18891 0
    endloop
  endfacet
  facet normal 0 0 -1
    outer loop
      vertex 39.1686 -7.43137 0
      vertex 30.7 -3.3 0
      vertex 39.0632 -7.31503 0
    endloop
  endfacet
  facet normal 0 0 -1
    outer loop
      vertex 28.8 -3.3 0
      vertex 39.1686 -7.43137 0
      vertex 39.285 -7.53682 0
    endloop
  endfacet
  facet normal 0 0 -1
    outer loop
      vertex 28.8 -3.3 0
      vertex 39.285 -7.53682 0
      vertex 39.4111 -7.63035 0
    endloop
  endfacet
  facet normal 0 0 -1
    outer loop
      vertex 22.2 -3.3 0
      vertex 39.4111 -7.63035 0
      vertex 39.5458 -7.71107 0
    endloop
  endfacet
  facet normal 0 0 -1
    outer loop
      vertex 28.8 3.3 0
      vertex 30.7 3.3 0
      vertex 30.7 -3.3 0
    endloop
  endfacet
  facet normal 0 0 -1
    outer loop
      vertex 30.7 3.3 0
      vertex 28.8 3.3 0
      vertex 30.7 5.2 0
    endloop
  endfacet
  facet normal 0 0 -1
    outer loop
      vertex 30.7 5.2 0
      vertex 28.8 5.2 0
      vertex 30.7 11.8 0
    endloop
  endfacet
  facet normal 0 0 -1
    outer loop
      vertex 28.8 11.8 0
      vertex 30.7 11.8 0
      vertex 28.8 5.2 0
    endloop
  endfacet
  facet normal 0 0 -1
    outer loop
      vertex 28.8 13.7 0
      vertex 30.7 13.7 0
      vertex 28.8 11.8 0
    endloop
  endfacet
  facet normal 0 0 -1
    outer loop
      vertex 30.7 13.7 0
      vertex 28.8 13.7 0
      vertex 30.7 20.3 0
    endloop
  endfacet
  facet normal 0 0 -1
    outer loop
      vertex 30.7 20.3 0
      vertex 28.8 20.3 0
      vertex 30.7 22.2 0
    endloop
  endfacet
  facet normal 0 0 -1
    outer loop
      vertex 28.8 22.2 0
      vertex 30.7 22.2 0
      vertex 28.8 20.3 0
    endloop
  endfacet
  facet normal 0 0 -1
    outer loop
      vertex 28.8 3.3 0
      vertex 30.7 -3.3 0
      vertex 28.8 -3.3 0
    endloop
  endfacet
  facet normal 0 0 -1
    outer loop
      vertex 39.1686 -7.43137 0
      vertex 28.8 -3.3 0
      vertex 30.7 -3.3 0
    endloop
  endfacet
  facet normal 0 0 -1
    outer loop
      vertex 20.3 -3.3 0
      vertex 39.5458 -7.71107 0
      vertex 39.6877 -7.77821 0
    endloop
  endfacet
  facet normal 0 0 -1
    outer loop
      vertex -5.68771 -7.77821 0
      vertex 39.6877 -7.77821 0
      vertex 43.3 -9.3 0
    endloop
  endfacet
  facet normal 0 0 -1
    outer loop
      vertex 39.4111 -7.63035 0
      vertex 22.2 -3.3 0
      vertex 28.8 -3.3 0
    endloop
  endfacet
  facet normal 0 0 -1
    outer loop
      vertex 20.3 3.3 0
      vertex 22.2 3.3 0
      vertex 22.2 -3.3 0
    endloop
  endfacet
  facet normal 0 0 -1
    outer loop
      vertex 22.2 3.3 0
      vertex 20.3 3.3 0
      vertex 22.2 5.2 0
    endloop
  endfacet
  facet normal 0 0 -1
    outer loop
      vertex 22.2 5.2 0
      vertex 20.3 5.2 0
      vertex 22.2 11.8 0
    endloop
  endfacet
  facet normal 0 0 -1
    outer loop
      vertex 20.3 11.8 0
      vertex 22.2 11.8 0
      vertex 20.3 5.2 0
    endloop
  endfacet
  facet normal 0 0 -1
    outer loop
      vertex 20.3 13.7 0
      vertex 22.2 13.7 0
      vertex 20.3 11.8 0
    endloop
  endfacet
  facet normal 0 0 -1
    outer loop
      vertex 22.2 13.7 0
      vertex 20.3 13.7 0
      vertex 22.2 20.3 0
    endloop
  endfacet
  facet normal 0 0 -1
    outer loop
      vertex 22.2 20.3 0
      vertex 20.3 20.3 0
      vertex 22.2 22.2 0
    endloop
  endfacet
  facet normal 0 0 -1
    outer loop
      vertex 20.3 22.2 0
      vertex 22.2 22.2 0
      vertex 20.3 20.3 0
    endloop
  endfacet
  facet normal 0 0 -1
    outer loop
      vertex 20.3 3.3 0
      vertex 22.2 -3.3 0
      vertex 20.3 -3.3 0
    endloop
  endfacet
  facet normal 0 0 -1
    outer loop
      vertex 39.5458 -7.71107 0
      vertex 20.3 -3.3 0
      vertex 22.2 -3.3 0
    endloop
  endfacet
  facet normal 0 0 -1
    outer loop
      vertex 39.6877 -7.77821 0
      vertex 13.7 -3.3 0
      vertex 20.3 -3.3 0
    endloop
  endfacet
  facet normal 0 0 -1
    outer loop
      vertex 11.8 3.3 0
      vertex 13.7 3.3 0
      vertex 13.7 -3.3 0
    endloop
  endfacet
  facet normal 0 0 -1
    outer loop
      vertex 13.7 3.3 0
      vertex 11.8 3.3 0
      vertex 13.7 5.2 0
    endloop
  endfacet
  facet normal 0 0 -1
    outer loop
      vertex 13.7 5.2 0
      vertex 11.8 5.2 0
      vertex 13.7 11.8 0
    endloop
  endfacet
  facet normal 0 0 -1
    outer loop
      vertex 11.8 11.8 0
      vertex 13.7 11.8 0
      vertex 11.8 5.2 0
    endloop
  endfacet
  facet normal 0 0 -1
    outer loop
      vertex 11.8 13.7 0
      vertex 13.7 13.7 0
      vertex 11.8 11.8 0
    endloop
  endfacet
  facet normal 0 0 -1
    outer loop
      vertex 13.7 13.7 0
      vertex 11.8 13.7 0
      vertex 13.7 20.3 0
    endloop
  endfacet
  facet normal 0 0 -1
    outer loop
      vertex 13.7 20.3 0
      vertex 11.8 20.3 0
      vertex 13.7 22.2 0
    endloop
  endfacet
  facet normal 0 0 -1
    outer loop
      vertex 11.8 22.2 0
      vertex 13.7 22.2 0
      vertex 11.8 20.3 0
    endloop
  endfacet
  facet normal 0 0 -1
    outer loop
      vertex 11.8 3.3 0
      vertex 13.7 -3.3 0
      vertex 11.8 -3.3 0
    endloop
  endfacet
  facet normal 0 0 -1
    outer loop
      vertex 39.6877 -7.77821 0
      vertex -5.68771 -7.77821 0
      vertex 13.7 -3.3 0
    endloop
  endfacet
  facet normal 0 -0 -1
    outer loop
      vertex -5.54576 -7.71107 0
      vertex 13.7 -3.3 0
      vertex -5.68771 -7.77821 0
    endloop
  endfacet
  facet normal 0 0 -1
    outer loop
      vertex 3.3 3.3 0
      vertex 5.2 3.3 0
      vertex 5.2 -3.3 0
    endloop
  endfacet
  facet normal 0 0 -1
    outer loop
      vertex 5.2 3.3 0
      vertex 3.3 3.3 0
      vertex 5.2 5.2 0
    endloop
  endfacet
  facet normal 0 0 -1
    outer loop
      vertex 5.2 5.2 0
      vertex 3.3 5.2 0
      vertex 5.2 11.8 0
    endloop
  endfacet
  facet normal 0 0 -1
    outer loop
      vertex 3.3 11.8 0
      vertex 5.2 11.8 0
      vertex 3.3 5.2 0
    endloop
  endfacet
  facet normal 0 0 -1
    outer loop
      vertex 3.3 13.7 0
      vertex 5.2 13.7 0
      vertex 3.3 11.8 0
    endloop
  endfacet
  facet normal 0 0 -1
    outer loop
      vertex 5.2 13.7 0
      vertex 3.3 13.7 0
      vertex 5.2 20.3 0
    endloop
  endfacet
  facet normal 0 0 -1
    outer loop
      vertex 5.2 20.3 0
      vertex 3.3 20.3 0
      vertex 5.2 22.2 0
    endloop
  endfacet
  facet normal 0 0 -1
    outer loop
      vertex 3.3 22.2 0
      vertex 5.2 22.2 0
      vertex 3.3 20.3 0
    endloop
  endfacet
  facet normal 0 0 -1
    outer loop
      vertex 3.3 3.3 0
      vertex 5.2 -3.3 0
      vertex 3.3 -3.3 0
    endloop
  endfacet
  facet normal 0 -0 -1
    outer loop
      vertex -5.41109 -7.63035 0
      vertex 11.8 -3.3 0
      vertex -5.54576 -7.71107 0
    endloop
  endfacet
  facet normal 0 -0 -1
    outer loop
      vertex -5.28497 -7.53682 0
      vertex 5.2 -3.3 0
      vertex -5.41109 -7.63035 0
    endloop
  endfacet
  facet normal 0 0 -1
    outer loop
      vertex -4.7077 -6.14317 0
      vertex -3.3 -3.3 0
      vertex -4.7 -6.3 0
    endloop
  endfacet
  facet normal 0 0 -1
    outer loop
      vertex -4.73074 -5.98785 0
      vertex -3.3 -3.3 0
      vertex -4.7077 -6.14317 0
    endloop
  endfacet
  facet normal 0 0 -1
    outer loop
      vertex -4.7689 -5.83554 0
      vertex -3.3 -3.3 0
      vertex -4.73074 -5.98785 0
    endloop
  endfacet
  facet normal 0 0 -1
    outer loop
      vertex -4.82179 -5.68771 0
      vertex -3.3 -3.3 0
      vertex -4.7689 -5.83554 0
    endloop
  endfacet
  facet normal 0 0 -1
    outer loop
      vertex -4.88893 -5.54576 0
      vertex -3.3 -3.3 0
      vertex -4.82179 -5.68771 0
    endloop
  endfacet
  facet normal 0 0 -1
    outer loop
      vertex -4.96965 -5.41109 0
      vertex -3.3 -3.3 0
      vertex -4.88893 -5.54576 0
    endloop
  endfacet
  facet normal 0 0 -1
    outer loop
      vertex -3.3 20.3 0
      vertex -4.7 40.3 0
      vertex -3.3 22.2 0
    endloop
  endfacet
  facet normal 0 0 -1
    outer loop
      vertex -3.3 22.2 0
      vertex -4.7 40.3 0
      vertex -3.3 28.8 0
    endloop
  endfacet
  facet normal 0 0 -1
    outer loop
      vertex -3.3 28.8 0
      vertex -4.7 40.3 0
      vertex -3.3 30.7 0
    endloop
  endfacet
  facet normal 0 -0 -1
    outer loop
      vertex -4.73074 -6.61214 0
      vertex 3.3 -3.3 0
      vertex -4.7689 -6.76445 0
    endloop
  endfacet
  facet normal 0 0 -1
    outer loop
      vertex -3.3 -3.3 0
      vertex -4.7077 -6.45683 0
      vertex -4.7 -6.3 0
    endloop
  endfacet
  facet normal -0 0 -1
    outer loop
      vertex 3.3 -3.3 0
      vertex -4.7077 -6.45683 0
      vertex -3.3 -3.3 0
    endloop
  endfacet
  facet normal 0 -0 -1
    outer loop
      vertex -4.7077 -6.45683 0
      vertex 3.3 -3.3 0
      vertex -4.73074 -6.61214 0
    endloop
  endfacet
  facet normal 0 0 -1
    outer loop
      vertex 3.3 -3.3 0
      vertex -4.82179 -6.91229 0
      vertex -4.7689 -6.76445 0
    endloop
  endfacet
  facet normal 0 0 -1
    outer loop
      vertex 3.3 -3.3 0
      vertex -4.88893 -7.05423 0
      vertex -4.82179 -6.91229 0
    endloop
  endfacet
  facet normal 0 0 -1
    outer loop
      vertex 3.3 -3.3 0
      vertex -4.96965 -7.18891 0
      vertex -4.88893 -7.05423 0
    endloop
  endfacet
  facet normal 0 0 -1
    outer loop
      vertex 3.3 -3.3 0
      vertex -5.06318 -7.31503 0
      vertex -4.96965 -7.18891 0
    endloop
  endfacet
  facet normal 0 0 -1
    outer loop
      vertex 3.3 -3.3 0
      vertex -5.16863 -7.43137 0
      vertex -5.06318 -7.31503 0
    endloop
  endfacet
  facet normal -0 0 -1
    outer loop
      vertex 5.2 -3.3 0
      vertex -5.16863 -7.43137 0
      vertex 3.3 -3.3 0
    endloop
  endfacet
  facet normal 0 -0 -1
    outer loop
      vertex -5.16863 -7.43137 0
      vertex 5.2 -3.3 0
      vertex -5.28497 -7.53682 0
    endloop
  endfacet
  facet normal -0 0 -1
    outer loop
      vertex 11.8 -3.3 0
      vertex -5.41109 -7.63035 0
      vertex 5.2 -3.3 0
    endloop
  endfacet
  facet normal -0 0 -1
    outer loop
      vertex 13.7 -3.3 0
      vertex -5.54576 -7.71107 0
      vertex 11.8 -3.3 0
    endloop
  endfacet
  facet normal 0 0 -1
    outer loop
      vertex -9.3 -9.3 0
      vertex -5.68771 -7.77821 0
      vertex 43.3 -9.3 0
    endloop
  endfacet
  facet normal 0 0 -1
    outer loop
      vertex -5.68771 -7.77821 0
      vertex -9.3 -9.3 0
      vertex -5.83554 -7.8311 0
    endloop
  endfacet
  facet normal 0 0 -1
    outer loop
      vertex -5.83554 -7.8311 0
      vertex -9.3 -9.3 0
      vertex -5.98785 -7.86926 0
    endloop
  endfacet
  facet normal 0 0 -1
    outer loop
      vertex -5.98785 -7.86926 0
      vertex -9.3 -9.3 0
      vertex -6.14317 -7.89229 0
    endloop
  endfacet
  facet normal 0 0 -1
    outer loop
      vertex -7.86926 39.9879 0
      vertex -9.3 43.3 0
      vertex -7.89229 40.1432 0
    endloop
  endfacet
  facet normal -0 0 -1
    outer loop
      vertex -7.89229 -6.45683 0
      vertex -9.3 -9.3 0
      vertex -7.9 -6.3 0
    endloop
  endfacet
  facet normal -0 0 -1
    outer loop
      vertex -7.86926 -6.61214 0
      vertex -9.3 -9.3 0
      vertex -7.89229 -6.45683 0
    endloop
  endfacet
  facet normal -0 0 -1
    outer loop
      vertex -7.8311 -6.76445 0
      vertex -9.3 -9.3 0
      vertex -7.86926 -6.61214 0
    endloop
  endfacet
  facet normal -0 0 -1
    outer loop
      vertex -7.77821 -6.91229 0
      vertex -9.3 -9.3 0
      vertex -7.8311 -6.76445 0
    endloop
  endfacet
  facet normal -0 0 -1
    outer loop
      vertex -7.71107 -7.05423 0
      vertex -9.3 -9.3 0
      vertex -7.77821 -6.91229 0
    endloop
  endfacet
  facet normal -0 0 -1
    outer loop
      vertex -7.63035 -7.18891 0
      vertex -9.3 -9.3 0
      vertex -7.71107 -7.05423 0
    endloop
  endfacet
  facet normal -0 0 -1
    outer loop
      vertex -7.53682 -7.31503 0
      vertex -9.3 -9.3 0
      vertex -7.63035 -7.18891 0
    endloop
  endfacet
  facet normal -0 0 -1
    outer loop
      vertex -7.43137 -7.43137 0
      vertex -9.3 -9.3 0
      vertex -7.53682 -7.31503 0
    endloop
  endfacet
  facet normal -0 0 -1
    outer loop
      vertex -7.31503 -7.53682 0
      vertex -9.3 -9.3 0
      vertex -7.43137 -7.43137 0
    endloop
  endfacet
  facet normal -0 0 -1
    outer loop
      vertex -7.18891 -7.63035 0
      vertex -9.3 -9.3 0
      vertex -7.31503 -7.53682 0
    endloop
  endfacet
  facet normal -0 0 -1
    outer loop
      vertex -7.05423 -7.71107 0
      vertex -9.3 -9.3 0
      vertex -7.18891 -7.63035 0
    endloop
  endfacet
  facet normal -0 0 -1
    outer loop
      vertex -6.91229 -7.77821 0
      vertex -9.3 -9.3 0
      vertex -7.05423 -7.71107 0
    endloop
  endfacet
  facet normal -0 0 -1
    outer loop
      vertex -6.76445 -7.8311 0
      vertex -9.3 -9.3 0
      vertex -6.91229 -7.77821 0
    endloop
  endfacet
  facet normal -0 0 -1
    outer loop
      vertex -6.61214 -7.86926 0
      vertex -9.3 -9.3 0
      vertex -6.76445 -7.8311 0
    endloop
  endfacet
  facet normal -0 0 -1
    outer loop
      vertex -6.45683 -7.89229 0
      vertex -9.3 -9.3 0
      vertex -6.61214 -7.86926 0
    endloop
  endfacet
  facet normal -0 0 -1
    outer loop
      vertex -6.3 -7.9 0
      vertex -9.3 -9.3 0
      vertex -6.45683 -7.89229 0
    endloop
  endfacet
  facet normal 0 0 -1
    outer loop
      vertex -6.14317 -7.89229 0
      vertex -9.3 -9.3 0
      vertex -6.3 -7.9 0
    endloop
  endfacet
  facet normal 0 0 -1
    outer loop
      vertex 41.8693 -5.98785 0
      vertex 43.3 -9.3 0
      vertex 41.8923 -6.14317 0
    endloop
  endfacet
  facet normal 0 0 -1
    outer loop
      vertex 41.8923 40.4568 0
      vertex 43.3 43.3 0
      vertex 41.9 40.3 0
    endloop
  endfacet
  facet normal 0 0 -1
    outer loop
      vertex 41.8693 40.6121 0
      vertex 43.3 43.3 0
      vertex 41.8923 40.4568 0
    endloop
  endfacet
  facet normal 0 0 -1
    outer loop
      vertex 41.8311 40.7645 0
      vertex 43.3 43.3 0
      vertex 41.8693 40.6121 0
    endloop
  endfacet
  facet normal 0 0 -1
    outer loop
      vertex 41.7782 40.9123 0
      vertex 43.3 43.3 0
      vertex 41.8311 40.7645 0
    endloop
  endfacet
  facet normal 0 0 -1
    outer loop
      vertex 41.7111 41.0542 0
      vertex 43.3 43.3 0
      vertex 41.7782 40.9123 0
    endloop
  endfacet
  facet normal 0 0 -1
    outer loop
      vertex 41.6304 41.1889 0
      vertex 43.3 43.3 0
      vertex 41.7111 41.0542 0
    endloop
  endfacet
  facet normal 0 0 -1
    outer loop
      vertex 41.5368 41.315 0
      vertex 43.3 43.3 0
      vertex 41.6304 41.1889 0
    endloop
  endfacet
  facet normal 0 0 -1
    outer loop
      vertex 41.4314 41.4314 0
      vertex 43.3 43.3 0
      vertex 41.5368 41.315 0
    endloop
  endfacet
  facet normal 0 0 -1
    outer loop
      vertex 41.315 41.5368 0
      vertex 43.3 43.3 0
      vertex 41.4314 41.4314 0
    endloop
  endfacet
  facet normal 0 0 -1
    outer loop
      vertex 41.1889 41.6304 0
      vertex 43.3 43.3 0
      vertex 41.315 41.5368 0
    endloop
  endfacet
  facet normal 0 0 -1
    outer loop
      vertex 41.0542 41.7111 0
      vertex 43.3 43.3 0
      vertex 41.1889 41.6304 0
    endloop
  endfacet
  facet normal 0 0 -1
    outer loop
      vertex 40.9123 41.7782 0
      vertex 43.3 43.3 0
      vertex 41.0542 41.7111 0
    endloop
  endfacet
  facet normal 0 0 -1
    outer loop
      vertex 40.7645 41.8311 0
      vertex 43.3 43.3 0
      vertex 40.9123 41.7782 0
    endloop
  endfacet
  facet normal 0 0 -1
    outer loop
      vertex 40.6121 41.8693 0
      vertex 43.3 43.3 0
      vertex 40.7645 41.8311 0
    endloop
  endfacet
  facet normal 0 0 -1
    outer loop
      vertex 40.4568 41.8923 0
      vertex 43.3 43.3 0
      vertex 40.6121 41.8693 0
    endloop
  endfacet
  facet normal 0 0 -1
    outer loop
      vertex 40.3 41.9 0
      vertex 43.3 43.3 0
      vertex 40.4568 41.8923 0
    endloop
  endfacet
  facet normal 0 0 -1
    outer loop
      vertex 40.1432 41.8923 0
      vertex 43.3 43.3 0
      vertex 40.3 41.9 0
    endloop
  endfacet
  facet normal 0 0 -1
    outer loop
      vertex 39.9879 41.8693 0
      vertex 43.3 43.3 0
      vertex 40.1432 41.8923 0
    endloop
  endfacet
  facet normal 0 0 -1
    outer loop
      vertex 39.8355 41.8311 0
      vertex 43.3 43.3 0
      vertex 39.9879 41.8693 0
    endloop
  endfacet
  facet normal 0 0 -1
    outer loop
      vertex 39.6877 41.7782 0
      vertex 43.3 43.3 0
      vertex 39.8355 41.8311 0
    endloop
  endfacet
  facet normal 0 0 -1
    outer loop
      vertex 41.315 -5.06318 0
      vertex 37.3 3.3 0
      vertex 37.3 5.2 0
    endloop
  endfacet
  facet normal 0 0 -1
    outer loop
      vertex 41.5368 -5.28497 0
      vertex 37.3 5.2 0
      vertex 37.3 11.8 0
    endloop
  endfacet
  facet normal 0 0 -1
    outer loop
      vertex 41.7111 -5.54576 0
      vertex 37.3 11.8 0
      vertex 37.3 13.7 0
    endloop
  endfacet
  facet normal -0 0 -1
    outer loop
      vertex 38.9697 39.4111 0
      vertex 37.3 37.3 0
      vertex 38.8889 39.5458 0
    endloop
  endfacet
  facet normal -0 0 -1
    outer loop
      vertex 38.8889 39.5458 0
      vertex 37.3 37.3 0
      vertex 38.8218 39.6877 0
    endloop
  endfacet
  facet normal -0 0 -1
    outer loop
      vertex 38.8218 39.6877 0
      vertex 37.3 37.3 0
      vertex 38.7689 39.8355 0
    endloop
  endfacet
  facet normal -0 0 -1
    outer loop
      vertex 38.7689 39.8355 0
      vertex 37.3 37.3 0
      vertex 38.7307 39.9879 0
    endloop
  endfacet
  facet normal -0 0 -1
    outer loop
      vertex 38.7307 39.9879 0
      vertex 37.3 37.3 0
      vertex 38.7077 40.1432 0
    endloop
  endfacet
  facet normal -0 0 -1
    outer loop
      vertex 38.7077 40.1432 0
      vertex 37.3 37.3 0
      vertex 38.7 40.3 0
    endloop
  endfacet
  facet normal -0 0 -1
    outer loop
      vertex 38.7 40.3 0
      vertex 37.3 37.3 0
      vertex 38.7077 40.4568 0
    endloop
  endfacet
  facet normal 0 0 -1
    outer loop
      vertex 30.7 37.3 0
      vertex 38.7077 40.4568 0
      vertex 37.3 37.3 0
    endloop
  endfacet
  facet normal -0 0 -1
    outer loop
      vertex 38.7077 40.4568 0
      vertex 30.7 37.3 0
      vertex 38.7307 40.6121 0
    endloop
  endfacet
  facet normal -0 0 -1
    outer loop
      vertex 38.7307 40.6121 0
      vertex 30.7 37.3 0
      vertex 38.7689 40.7645 0
    endloop
  endfacet
  facet normal -0 0 -1
    outer loop
      vertex 38.7689 40.7645 0
      vertex 30.7 37.3 0
      vertex 38.8218 40.9123 0
    endloop
  endfacet
  facet normal 0 0 -1
    outer loop
      vertex 30.7 37.3 0
      vertex 38.8889 41.0542 0
      vertex 38.8218 40.9123 0
    endloop
  endfacet
  facet normal 0 0 -1
    outer loop
      vertex 30.7 37.3 0
      vertex 38.9697 41.1889 0
      vertex 38.8889 41.0542 0
    endloop
  endfacet
  facet normal 0 0 -1
    outer loop
      vertex 30.7 37.3 0
      vertex 39.0632 41.315 0
      vertex 38.9697 41.1889 0
    endloop
  endfacet
  facet normal 0 0 -1
    outer loop
      vertex 30.7 37.3 0
      vertex 39.1686 41.4314 0
      vertex 39.0632 41.315 0
    endloop
  endfacet
  facet normal 0 0 -1
    outer loop
      vertex 28.8 37.3 0
      vertex 39.1686 41.4314 0
      vertex 30.7 37.3 0
    endloop
  endfacet
  facet normal -0 0 -1
    outer loop
      vertex 39.1686 41.4314 0
      vertex 28.8 37.3 0
      vertex 39.285 41.5368 0
    endloop
  endfacet
  facet normal -0 0 -1
    outer loop
      vertex 39.285 41.5368 0
      vertex 28.8 37.3 0
      vertex 39.4111 41.6304 0
    endloop
  endfacet
  facet normal -0 0 -1
    outer loop
      vertex 30.7 5.2 0
      vertex 28.8 3.3 0
      vertex 28.8 5.2 0
    endloop
  endfacet
  facet normal 0 0 -1
    outer loop
      vertex 30.7 11.8 0
      vertex 28.8 11.8 0
      vertex 30.7 13.7 0
    endloop
  endfacet
  facet normal 0 0 -1
    outer loop
      vertex 28.8 20.3 0
      vertex 30.7 20.3 0
      vertex 28.8 13.7 0
    endloop
  endfacet
  facet normal 0 0 -1
    outer loop
      vertex 30.7 22.2 0
      vertex 28.8 22.2 0
      vertex 30.7 28.8 0
    endloop
  endfacet
  facet normal 0 0 -1
    outer loop
      vertex 28.8 28.8 0
      vertex 30.7 28.8 0
      vertex 28.8 22.2 0
    endloop
  endfacet
  facet normal 0 0 -1
    outer loop
      vertex 30.7 28.8 0
      vertex 28.8 28.8 0
      vertex 30.7 30.7 0
    endloop
  endfacet
  facet normal 0 0 -1
    outer loop
      vertex 28.8 30.7 0
      vertex 30.7 30.7 0
      vertex 28.8 28.8 0
    endloop
  endfacet
  facet normal 0 0 -1
    outer loop
      vertex 30.7 30.7 0
      vertex 28.8 30.7 0
      vertex 30.7 37.3 0
    endloop
  endfacet
  facet normal 0 0 -1
    outer loop
      vertex 28.8 37.3 0
      vertex 30.7 37.3 0
      vertex 28.8 30.7 0
    endloop
  endfacet
  facet normal 0 0 -1
    outer loop
      vertex 22.2 37.3 0
      vertex 39.4111 41.6304 0
      vertex 28.8 37.3 0
    endloop
  endfacet
  facet normal -0 0 -1
    outer loop
      vertex 39.4111 41.6304 0
      vertex 22.2 37.3 0
      vertex 39.5458 41.7111 0
    endloop
  endfacet
  facet normal 0 0 -1
    outer loop
      vertex 20.3 37.3 0
      vertex 39.5458 41.7111 0
      vertex 22.2 37.3 0
    endloop
  endfacet
  facet normal -0 0 -1
    outer loop
      vertex 39.5458 41.7111 0
      vertex 20.3 37.3 0
      vertex 39.6877 41.7782 0
    endloop
  endfacet
  facet normal -0 0 -1
    outer loop
      vertex 22.2 5.2 0
      vertex 20.3 3.3 0
      vertex 20.3 5.2 0
    endloop
  endfacet
  facet normal 0 0 -1
    outer loop
      vertex 22.2 11.8 0
      vertex 20.3 11.8 0
      vertex 22.2 13.7 0
    endloop
  endfacet
  facet normal 0 0 -1
    outer loop
      vertex 20.3 20.3 0
      vertex 22.2 20.3 0
      vertex 20.3 13.7 0
    endloop
  endfacet
  facet normal 0 0 -1
    outer loop
      vertex 22.2 22.2 0
      vertex 20.3 22.2 0
      vertex 22.2 28.8 0
    endloop
  endfacet
  facet normal 0 0 -1
    outer loop
      vertex 20.3 28.8 0
      vertex 22.2 28.8 0
      vertex 20.3 22.2 0
    endloop
  endfacet
  facet normal 0 0 -1
    outer loop
      vertex 22.2 28.8 0
      vertex 20.3 28.8 0
      vertex 22.2 30.7 0
    endloop
  endfacet
  facet normal 0 0 -1
    outer loop
      vertex 20.3 30.7 0
      vertex 22.2 30.7 0
      vertex 20.3 28.8 0
    endloop
  endfacet
  facet normal 0 0 -1
    outer loop
      vertex 22.2 30.7 0
      vertex 20.3 30.7 0
      vertex 22.2 37.3 0
    endloop
  endfacet
  facet normal 0 0 -1
    outer loop
      vertex 20.3 37.3 0
      vertex 22.2 37.3 0
      vertex 20.3 30.7 0
    endloop
  endfacet
  facet normal 0 0 -1
    outer loop
      vertex 13.7 37.3 0
      vertex 39.6877 41.7782 0
      vertex 20.3 37.3 0
    endloop
  endfacet
  facet normal 0 0 -1
    outer loop
      vertex -5.68771 41.7782 0
      vertex 39.6877 41.7782 0
      vertex 13.7 37.3 0
    endloop
  endfacet
  facet normal -0 0 -1
    outer loop
      vertex 13.7 5.2 0
      vertex 11.8 3.3 0
      vertex 11.8 5.2 0
    endloop
  endfacet
  facet normal 0 0 -1
    outer loop
      vertex 13.7 11.8 0
      vertex 11.8 11.8 0
      vertex 13.7 13.7 0
    endloop
  endfacet
  facet normal 0 0 -1
    outer loop
      vertex 11.8 20.3 0
      vertex 13.7 20.3 0
      vertex 11.8 13.7 0
    endloop
  endfacet
  facet normal 0 0 -1
    outer loop
      vertex 13.7 22.2 0
      vertex 11.8 22.2 0
      vertex 13.7 28.8 0
    endloop
  endfacet
  facet normal 0 0 -1
    outer loop
      vertex 11.8 28.8 0
      vertex 13.7 28.8 0
      vertex 11.8 22.2 0
    endloop
  endfacet
  facet normal 0 0 -1
    outer loop
      vertex 13.7 28.8 0
      vertex 11.8 28.8 0
      vertex 13.7 30.7 0
    endloop
  endfacet
  facet normal 0 0 -1
    outer loop
      vertex 11.8 30.7 0
      vertex 13.7 30.7 0
      vertex 11.8 28.8 0
    endloop
  endfacet
  facet normal 0 0 -1
    outer loop
      vertex 13.7 30.7 0
      vertex 11.8 30.7 0
      vertex 13.7 37.3 0
    endloop
  endfacet
  facet normal 0 0 -1
    outer loop
      vertex 11.8 37.3 0
      vertex 13.7 37.3 0
      vertex 11.8 30.7 0
    endloop
  endfacet
  facet normal 0 0 -1
    outer loop
      vertex -5.54576 41.7111 0
      vertex 13.7 37.3 0
      vertex 11.8 37.3 0
    endloop
  endfacet
  facet normal 0 0 -1
    outer loop
      vertex -5.41109 41.6304 0
      vertex 11.8 37.3 0
      vertex 5.2 37.3 0
    endloop
  endfacet
  facet normal -0 0 -1
    outer loop
      vertex 5.2 5.2 0
      vertex 3.3 3.3 0
      vertex 3.3 5.2 0
    endloop
  endfacet
  facet normal 0 0 -1
    outer loop
      vertex 5.2 11.8 0
      vertex 3.3 11.8 0
      vertex 5.2 13.7 0
    endloop
  endfacet
  facet normal 0 0 -1
    outer loop
      vertex 3.3 20.3 0
      vertex 5.2 20.3 0
      vertex 3.3 13.7 0
    endloop
  endfacet
  facet normal 0 0 -1
    outer loop
      vertex 5.2 22.2 0
      vertex 3.3 22.2 0
      vertex 5.2 28.8 0
    endloop
  endfacet
  facet normal 0 0 -1
    outer loop
      vertex 3.3 28.8 0
      vertex 5.2 28.8 0
      vertex 3.3 22.2 0
    endloop
  endfacet
  facet normal 0 0 -1
    outer loop
      vertex 5.2 28.8 0
      vertex 3.3 28.8 0
      vertex 5.2 30.7 0
    endloop
  endfacet
  facet normal 0 0 -1
    outer loop
      vertex 3.3 30.7 0
      vertex 5.2 30.7 0
      vertex 3.3 28.8 0
    endloop
  endfacet
  facet normal 0 0 -1
    outer loop
      vertex 5.2 30.7 0
      vertex 3.3 30.7 0
      vertex 5.2 37.3 0
    endloop
  endfacet
  facet normal 0 0 -1
    outer loop
      vertex 3.3 37.3 0
      vertex 5.2 37.3 0
      vertex 3.3 30.7 0
    endloop
  endfacet
  facet normal 0 0 -1
    outer loop
      vertex -5.16863 41.4314 0
      vertex 5.2 37.3 0
      vertex 3.3 37.3 0
    endloop
  endfacet
  facet normal 0 0 -1
    outer loop
      vertex -4.7077 40.4568 0
      vertex 3.3 37.3 0
      vertex -3.3 37.3 0
    endloop
  endfacet
  facet normal 0 0 -1
    outer loop
      vertex -3.3 30.7 0
      vertex -4.7 40.3 0
      vertex -3.3 37.3 0
    endloop
  endfacet
  facet normal 0 0 -1
    outer loop
      vertex -4.7077 40.4568 0
      vertex -3.3 37.3 0
      vertex -4.7 40.3 0
    endloop
  endfacet
  facet normal 0 0 -1
    outer loop
      vertex 3.3 37.3 0
      vertex -4.7077 40.4568 0
      vertex -4.73074 40.6121 0
    endloop
  endfacet
  facet normal 0 0 -1
    outer loop
      vertex 3.3 37.3 0
      vertex -4.73074 40.6121 0
      vertex -4.7689 40.7645 0
    endloop
  endfacet
  facet normal 0 0 -1
    outer loop
      vertex -4.82179 40.9123 0
      vertex 3.3 37.3 0
      vertex -4.7689 40.7645 0
    endloop
  endfacet
  facet normal 0 0 -1
    outer loop
      vertex -4.88893 41.0542 0
      vertex 3.3 37.3 0
      vertex -4.82179 40.9123 0
    endloop
  endfacet
  facet normal 0 0 -1
    outer loop
      vertex -4.96965 41.1889 0
      vertex 3.3 37.3 0
      vertex -4.88893 41.0542 0
    endloop
  endfacet
  facet normal 0 0 -1
    outer loop
      vertex -5.06318 41.315 0
      vertex 3.3 37.3 0
      vertex -4.96965 41.1889 0
    endloop
  endfacet
  facet normal 0 0 -1
    outer loop
      vertex -5.16863 41.4314 0
      vertex 3.3 37.3 0
      vertex -5.06318 41.315 0
    endloop
  endfacet
  facet normal 0 0 -1
    outer loop
      vertex 5.2 37.3 0
      vertex -5.16863 41.4314 0
      vertex -5.28497 41.5368 0
    endloop
  endfacet
  facet normal 0 0 -1
    outer loop
      vertex 5.2 37.3 0
      vertex -5.28497 41.5368 0
      vertex -5.41109 41.6304 0
    endloop
  endfacet
  facet normal 0 0 -1
    outer loop
      vertex 11.8 37.3 0
      vertex -5.41109 41.6304 0
      vertex -5.54576 41.7111 0
    endloop
  endfacet
  facet normal 0 0 -1
    outer loop
      vertex 13.7 37.3 0
      vertex -5.54576 41.7111 0
      vertex -5.68771 41.7782 0
    endloop
  endfacet
  facet normal 0 0 -1
    outer loop
      vertex 39.6877 41.7782 0
      vertex -5.68771 41.7782 0
      vertex 43.3 43.3 0
    endloop
  endfacet
  facet normal 0 0 -1
    outer loop
      vertex -9.3 43.3 0
      vertex -5.68771 41.7782 0
      vertex -5.83554 41.8311 0
    endloop
  endfacet
  facet normal 0 0 -1
    outer loop
      vertex -9.3 43.3 0
      vertex -5.83554 41.8311 0
      vertex -5.98785 41.8693 0
    endloop
  endfacet
  facet normal 0 0 -1
    outer loop
      vertex -9.3 43.3 0
      vertex -5.98785 41.8693 0
      vertex -6.14317 41.8923 0
    endloop
  endfacet
  facet normal 0 0 -1
    outer loop
      vertex -9.3 43.3 0
      vertex -6.14317 41.8923 0
      vertex -6.3 41.9 0
    endloop
  endfacet
  facet normal 0 0 -1
    outer loop
      vertex -5.68771 41.7782 0
      vertex -9.3 43.3 0
      vertex 43.3 43.3 0
    endloop
  endfacet
  facet normal 0 0 -1
    outer loop
      vertex -6.45683 41.8923 0
      vertex -9.3 43.3 0
      vertex -6.3 41.9 0
    endloop
  endfacet
  facet normal 0 0 -1
    outer loop
      vertex -6.61214 41.8693 0
      vertex -9.3 43.3 0
      vertex -6.45683 41.8923 0
    endloop
  endfacet
  facet normal 0 0 -1
    outer loop
      vertex -6.76445 41.8311 0
      vertex -9.3 43.3 0
      vertex -6.61214 41.8693 0
    endloop
  endfacet
  facet normal 0 0 -1
    outer loop
      vertex -6.91229 41.7782 0
      vertex -9.3 43.3 0
      vertex -6.76445 41.8311 0
    endloop
  endfacet
  facet normal 0 0 -1
    outer loop
      vertex -7.05423 41.7111 0
      vertex -9.3 43.3 0
      vertex -6.91229 41.7782 0
    endloop
  endfacet
  facet normal 0 0 -1
    outer loop
      vertex -7.18891 41.6304 0
      vertex -9.3 43.3 0
      vertex -7.05423 41.7111 0
    endloop
  endfacet
  facet normal 0 0 -1
    outer loop
      vertex -7.31503 41.5368 0
      vertex -9.3 43.3 0
      vertex -7.18891 41.6304 0
    endloop
  endfacet
  facet normal 0 0 -1
    outer loop
      vertex -7.43137 41.4314 0
      vertex -9.3 43.3 0
      vertex -7.31503 41.5368 0
    endloop
  endfacet
  facet normal 0 0 -1
    outer loop
      vertex -7.53682 41.315 0
      vertex -9.3 43.3 0
      vertex -7.43137 41.4314 0
    endloop
  endfacet
  facet normal 0 0 -1
    outer loop
      vertex -7.63035 41.1889 0
      vertex -9.3 43.3 0
      vertex -7.53682 41.315 0
    endloop
  endfacet
  facet normal 0 0 -1
    outer loop
      vertex -7.71107 41.0542 0
      vertex -9.3 43.3 0
      vertex -7.63035 41.1889 0
    endloop
  endfacet
  facet normal 0 0 -1
    outer loop
      vertex -7.77821 40.9123 0
      vertex -9.3 43.3 0
      vertex -7.71107 41.0542 0
    endloop
  endfacet
  facet normal 0 0 -1
    outer loop
      vertex -7.8311 40.7645 0
      vertex -9.3 43.3 0
      vertex -7.77821 40.9123 0
    endloop
  endfacet
  facet normal 0 0 -1
    outer loop
      vertex -7.86926 40.6121 0
      vertex -9.3 43.3 0
      vertex -7.8311 40.7645 0
    endloop
  endfacet
  facet normal 0 0 -1
    outer loop
      vertex -7.89229 40.4568 0
      vertex -9.3 43.3 0
      vertex -7.86926 40.6121 0
    endloop
  endfacet
  facet normal 0 0 -1
    outer loop
      vertex -7.9 40.3 0
      vertex -9.3 43.3 0
      vertex -7.89229 40.4568 0
    endloop
  endfacet
  facet normal 0 0 -1
    outer loop
      vertex -7.89229 40.1432 0
      vertex -9.3 43.3 0
      vertex -7.9 40.3 0
    endloop
  endfacet
  facet normal -1 0 0
    outer loop
      vertex -9.3 -9.3 0
      vertex -9.3 43.3 20
      vertex -9.3 43.3 0
    endloop
  endfacet
  facet normal -1 -0 0
    outer loop
      vertex -9.3 43.3 20
      vertex -9.3 -9.3 0
      vertex -9.3 -9.3 20
    endloop
  endfacet
  facet normal 0 1 -0
    outer loop
      vertex 43.3 43.3 0
      vertex -9.3 43.3 20
      vertex 43.3 43.3 20
    endloop
  endfacet
  facet normal 0 1 0
    outer loop
      vertex -9.3 43.3 20
      vertex 43.3 43.3 0
      vertex -9.3 43.3 0
    endloop
  endfacet
  facet normal 0 -1 0
    outer loop
      vertex -9.3 -9.3 0
      vertex 43.3 -9.3 20
      vertex -9.3 -9.3 20
    endloop
  endfacet
  facet normal 0 -1 -0
    outer loop
      vertex 43.3 -9.3 20
      vertex -9.3 -9.3 0
      vertex 43.3 -9.3 0
    endloop
  endfacet
endsolid OpenSCAD_Model
